shape_id,shape_pt_lat,shape_pt_lon,shape_pt_sequence,shape_dist_traveled
1132_0,-12.049310,-77.091162,0,0.0
1132_0,-12.049329,-77.091165,1,2.1
1132_0,-12.049383,-77.091158,2,8.2
1132_0,-12.049419,-77.091145,3,12.4
1132_0,-12.049412,-77.091112,4,16.1
1132_0,-12.049398,-77.091066,5,21.3
1132_0,-12.049375,-77.091009,6,28.1
1132_0,-12.049346,-77.090956,7,34.7
1132_0,-12.049324,-77.090898,8,41.4
1132_0,-12.049313,-77.090834,9,48.5
1132_0,-12.049305,-77.090751,10,57.6
1132_0,-12.049273,-77.090276,11,109.3
1132_0,-12.049253,-77.089982,12,141.4
1132_0,-12.049215,-77.089577,13,185.6
1132_0,-12.049153,-77.088908,14,258.7
1132_0,-12.049074,-77.088018,15,355.9
1132_0,-12.049030,-77.087449,16,418.0
1132_0,-12.049019,-77.087379,17,425.7
1132_0,-12.049062,-77.087369,18,430.6
1132_0,-12.049104,-77.087356,19,435.4
1132_0,-12.049183,-77.087323,20,444.9
1132_0,-12.049386,-77.087217,21,470.3
1132_0,-12.049693,-77.087040,22,509.5
1132_0,-12.050041,-77.086840,23,553.9
1132_0,-12.050132,-77.086792,24,565.2
1132_0,-12.050176,-77.086769,25,570.7
1132_0,-12.050290,-77.086723,26,584.4
1132_0,-12.050422,-77.086684,27,599.6
1132_0,-12.050697,-77.086630,28,630.8
1132_0,-12.051180,-77.086545,29,685.3
1132_0,-12.051241,-77.086531,30,692.2
1132_0,-12.051326,-77.086512,31,701.9
1132_0,-12.051456,-77.086484,32,716.7
1132_0,-12.051557,-77.086461,33,728.2
1132_0,-12.051538,-77.086353,34,740.1
1132_0,-12.051414,-77.085640,35,818.9
1132_0,-12.051369,-77.085384,36,847.2
1132_0,-12.051357,-77.085313,37,855.0
1132_0,-12.051344,-77.085243,38,862.7
1132_0,-12.051041,-77.083620,39,1042.4
1132_0,-12.050899,-77.082831,40,1129.7
1132_0,-12.050669,-77.081498,41,1276.8
1132_0,-12.050598,-77.081041,42,1327.2
1132_0,-12.050609,-77.080803,43,1353.1
1132_0,-12.050600,-77.080569,44,1378.5
1132_0,-12.050565,-77.080285,45,1409.7
1132_0,-12.050288,-77.078647,46,1590.4
1132_0,-12.050273,-77.078574,47,1598.6
1132_0,-12.050252,-77.078429,48,1614.5
1132_0,-12.050246,-77.078386,49,1619.2
1132_0,-12.050242,-77.078358,50,1622.3
1132_0,-12.050232,-77.078298,51,1628.9
1132_0,-12.050190,-77.078019,52,1659.6
1132_0,-12.050168,-77.077876,53,1675.4
1132_0,-12.050164,-77.077850,54,1678.2
1132_0,-12.050134,-77.077654,55,1699.8
1132_0,-12.050130,-77.077625,56,1703.0
1132_0,-12.050009,-77.076585,57,1816.9
1132_0,-12.049974,-77.076456,58,1831.4
1132_0,-12.049854,-77.075873,59,1896.2
1132_0,-12.049825,-77.075728,60,1912.3
1132_0,-12.049790,-77.075560,61,1931.0
1132_0,-12.049706,-77.075246,62,1966.4
1132_0,-12.049604,-77.074124,63,2088.9
1132_0,-12.049592,-77.074001,64,2102.4
1132_0,-12.049461,-77.072717,65,2242.7
1132_0,-12.049445,-77.072502,66,2266.2
1132_0,-12.049431,-77.072304,67,2287.8
1132_0,-12.049426,-77.072215,68,2297.5
1132_0,-12.049416,-77.072085,69,2311.7
1132_0,-12.049409,-77.072008,70,2320.1
1132_0,-12.049374,-77.071690,71,2354.9
1132_0,-12.049337,-77.071390,72,2387.7
1132_0,-12.049329,-77.071325,73,2394.9
1132_0,-12.049322,-77.071253,74,2402.7
1132_0,-12.049120,-77.069405,75,2605.0
1132_0,-12.049105,-77.069266,76,2620.2
1132_0,-12.048888,-77.067284,77,2837.0
1132_0,-12.048882,-77.067220,78,2844.0
1132_0,-12.048878,-77.067183,79,2848.1
1132_0,-12.048873,-77.067139,80,2852.9
1132_0,-12.048837,-77.066782,81,2891.9
1132_0,-12.048691,-77.065322,82,3051.5
1132_0,-12.048657,-77.064970,83,3090.0
1132_0,-12.048653,-77.064930,84,3094.4
1132_0,-12.048645,-77.064850,85,3103.1
1132_0,-12.048428,-77.062754,86,3332.3
1132_0,-12.048378,-77.062264,87,3385.9
1132_0,-12.048359,-77.062087,88,3405.2
1132_0,-12.048341,-77.061914,89,3424.2
1132_0,-12.048249,-77.060934,90,3531.2
1132_0,-12.048246,-77.060912,91,3533.6
1132_0,-12.048180,-77.060243,92,3606.8
1132_0,-12.048115,-77.059589,93,3678.2
1132_0,-12.048102,-77.059451,94,3693.3
1132_0,-12.048091,-77.059338,95,3705.7
1132_0,-12.048080,-77.059230,96,3717.5
1132_0,-12.048060,-77.059029,97,3739.5
1132_0,-12.047960,-77.058126,98,3838.3
1132_0,-12.047947,-77.057993,99,3852.8
1132_0,-12.047911,-77.057624,100,3893.1
1132_0,-12.047882,-77.057327,101,3925.6
1132_0,-12.047860,-77.057105,102,3949.9
1132_0,-12.047746,-77.055893,103,4082.3
1132_0,-12.047597,-77.054526,104,4231.8
1132_0,-12.047548,-77.054072,105,4281.5
1132_0,-12.047540,-77.053999,106,4289.5
1132_0,-12.047528,-77.053879,107,4302.6
1132_0,-12.047520,-77.053800,108,4311.3
1132_0,-12.047477,-77.053355,109,4359.9
1132_0,-12.047437,-77.052934,110,4405.9
1132_0,-12.047392,-77.052476,111,4455.9
1132_0,-12.047344,-77.051978,112,4510.4
1132_0,-12.047289,-77.051409,113,4572.5
1132_0,-12.047237,-77.050867,114,4631.8
1132_0,-12.047221,-77.050707,115,4649.2
1132_0,-12.047213,-77.050633,116,4657.3
1132_0,-12.047080,-77.049367,117,4795.8
1132_0,-12.046990,-77.048518,118,4888.7
1132_0,-12.046908,-77.047739,119,4973.9
1132_0,-12.046877,-77.047452,120,5005.3
1132_0,-12.046849,-77.047192,121,5033.7
1132_0,-12.046822,-77.046930,122,5062.4
1132_0,-12.046816,-77.046866,123,5069.4
1132_0,-12.046809,-77.046801,124,5076.5
1132_0,-12.046804,-77.046750,125,5082.0
1132_0,-12.046798,-77.046693,126,5088.3
1132_0,-12.046690,-77.045640,127,5203.4
1132_0,-12.046684,-77.045575,128,5210.5
1132_0,-12.046675,-77.045490,129,5219.8
1132_0,-12.046666,-77.045394,130,5230.3
1132_0,-12.046542,-77.044183,131,5362.7
1132_0,-12.046476,-77.043500,132,5437.4
1132_0,-12.046470,-77.043440,133,5443.9
1132_0,-12.046469,-77.043379,134,5450.5
1132_0,-12.046474,-77.043316,135,5457.4
1132_0,-12.046490,-77.043259,136,5463.9
1132_0,-12.046523,-77.043198,137,5471.4
1132_0,-12.046580,-77.043129,138,5481.3
1132_0,-12.046630,-77.043098,139,5487.8
1132_0,-12.046696,-77.043037,140,5497.7
1132_0,-12.046747,-77.042963,141,5507.5
1132_0,-12.046779,-77.042888,142,5516.4
1132_0,-12.046797,-77.042809,143,5525.2
1132_0,-12.046799,-77.042727,144,5534.1
1132_0,-12.046786,-77.042647,145,5543.0
1132_0,-12.046758,-77.042571,146,5551.8
1132_0,-12.046717,-77.042501,147,5560.7
1132_0,-12.046697,-77.042477,148,5564.1
1132_0,-12.046676,-77.042454,149,5567.5
1132_0,-12.046680,-77.042426,150,5570.6
1132_0,-12.046682,-77.042410,151,5572.4
1132_0,-12.046684,-77.042396,152,5573.9
1132_0,-12.046688,-77.042383,153,5575.4
1132_0,-12.046694,-77.042369,154,5577.0
1132_0,-12.046703,-77.042351,155,5579.2
1132_0,-12.046716,-77.042327,156,5582.2
1132_0,-12.046735,-77.042297,157,5586.1
1132_0,-12.046758,-77.042263,158,5590.6
1132_0,-12.046954,-77.041962,159,5629.9
1132_0,-12.047491,-77.041124,160,5738.9
1132_0,-12.047514,-77.041088,161,5743.6
1132_0,-12.047554,-77.041025,162,5751.7
1132_0,-12.047605,-77.040947,163,5761.9
1132_0,-12.047876,-77.040542,164,5815.3
1132_0,-12.048156,-77.040120,165,5870.7
1132_0,-12.048216,-77.040031,166,5882.5
1132_0,-12.048248,-77.039980,167,5889.1
1132_0,-12.048512,-77.039553,168,5944.0
1132_0,-12.048716,-77.039234,169,5985.5
1132_0,-12.048730,-77.039211,170,5988.4
1132_0,-12.048781,-77.039136,171,5998.3
1132_0,-12.048819,-77.039081,172,6005.7
1132_0,-12.048877,-77.039000,173,6016.6
1132_0,-12.048913,-77.038952,174,6023.2
1132_0,-12.048973,-77.038870,175,6034.3
1132_0,-12.049411,-77.038170,176,6124.7
1132_0,-12.049491,-77.038045,177,6140.9
1132_0,-12.049965,-77.037298,178,6237.8
1132_0,-12.050041,-77.037180,179,6253.1
1132_0,-12.050513,-77.036481,180,6345.5
1132_0,-12.050550,-77.036423,181,6353.0
1132_0,-12.050729,-77.036140,182,6389.7
1132_0,-12.050759,-77.036094,183,6395.7
1132_0,-12.050779,-77.036062,184,6399.8
1132_0,-12.051238,-77.035345,185,6493.0
1132_0,-12.051258,-77.035314,186,6497.0
1132_0,-12.051308,-77.035253,187,6505.7
1132_0,-12.051350,-77.035219,188,6511.7
1132_0,-12.051376,-77.035211,189,6514.7
1132_0,-12.051409,-77.035203,190,6518.4
1132_0,-12.051451,-77.035197,191,6523.2
1132_0,-12.051486,-77.035196,192,6527.0
1132_0,-12.051513,-77.035197,193,6530.1
1132_0,-12.051808,-77.035405,194,6569.9
1132_0,-12.051881,-77.035292,195,6584.6
1132_0,-12.052142,-77.034887,196,6637.4
1132_0,-12.052380,-77.034517,197,6685.5
1132_0,-12.052395,-77.034495,198,6688.4
1132_0,-12.052435,-77.034433,199,6696.5
1132_0,-12.052099,-77.034202,200,6741.5
1132_0,-12.052061,-77.034176,201,6746.6
1132_0,-12.052047,-77.034147,202,6750.1
1132_0,-12.052040,-77.034099,203,6755.4
1132_0,-12.052054,-77.034040,204,6762.0
1132_0,-12.052240,-77.033749,205,6799.8
1132_0,-12.052307,-77.033646,206,6813.3
1132_0,-12.052593,-77.033215,207,6869.9
1132_0,-12.052608,-77.033191,208,6873.0
1132_0,-12.052656,-77.033124,209,6882.0
1132_0,-12.052703,-77.033062,210,6890.6
1132_0,-12.052742,-77.033002,211,6898.4
1132_0,-12.052856,-77.032828,212,6921.2
1132_0,-12.053268,-77.032198,213,7003.6
1132_0,-12.053299,-77.032150,214,7009.9
1132_0,-12.053337,-77.032091,215,7017.5
1132_0,-12.053565,-77.031753,216,7062.2
1132_0,-12.054015,-77.031061,217,7152.6
1132_0,-12.054138,-77.030882,218,7176.3
1132_0,-12.054368,-77.030514,219,7223.8
1132_0,-12.054388,-77.030484,220,7227.8
1132_0,-12.054437,-77.030408,221,7237.7
1132_0,-12.054504,-77.030310,222,7250.7
1132_0,-12.054585,-77.030198,223,7265.8
1132_0,-12.054651,-77.030106,224,7278.2
1132_0,-12.055033,-77.029520,225,7354.8
1132_0,-12.055195,-77.029270,226,7387.4
1132_0,-12.055302,-77.029105,227,7409.0
1132_0,-12.055396,-77.028960,228,7427.9
1132_0,-12.055449,-77.028879,229,7438.5
1132_0,-12.055521,-77.028775,230,7452.3
1132_0,-12.055730,-77.028457,231,7494.0
1132_0,-12.055780,-77.028381,232,7504.0
1132_0,-12.055952,-77.028110,233,7539.1
1132_0,-12.056719,-77.026904,234,7695.5
1132_0,-12.056731,-77.026885,235,7698.0
1132_0,-12.056777,-77.026813,236,7707.3
1132_0,-12.056814,-77.026757,237,7714.7
1132_0,-12.057315,-77.026000,238,7814.1
1132_0,-12.057510,-77.025712,239,7852.2
1132_0,-12.057571,-77.025621,240,7864.2
1132_0,-12.057613,-77.025559,241,7872.4
1132_0,-12.058005,-77.024970,242,7949.9
1132_0,-12.058114,-77.024806,243,7971.4
1132_0,-12.058125,-77.024789,244,7973.6
1132_0,-12.058249,-77.024602,245,7998.2
1132_0,-12.058275,-77.024560,246,8003.6
1132_0,-12.058440,-77.024296,247,8037.7
1132_0,-12.058460,-77.024266,248,8041.6
1132_0,-12.058465,-77.024256,249,8042.8
1132_0,-12.058509,-77.024181,250,8052.4
1132_0,-12.058498,-77.024085,251,8062.9
1132_0,-12.058470,-77.023879,252,8085.5
1132_0,-12.058374,-77.023268,253,8152.8
1132_0,-12.058368,-77.023216,254,8158.5
1132_0,-12.058335,-77.022925,255,8190.3
1132_0,-12.058283,-77.022479,256,8239.2
1132_0,-12.058233,-77.022072,257,8283.8
1132_0,-12.058199,-77.021826,258,8310.8
1132_0,-12.058190,-77.021759,259,8318.1
1132_0,-12.058183,-77.021694,260,8325.3
1132_0,-12.058121,-77.021170,261,8382.7
1132_0,-12.058025,-77.020404,262,8466.6
1132_0,-12.057909,-77.019596,263,8555.4
1132_0,-12.057906,-77.019568,264,8558.5
1132_0,-12.057894,-77.019501,265,8565.9
1132_0,-12.057892,-77.019452,266,8571.2
1132_0,-12.057875,-77.019346,267,8582.9
1132_0,-12.057760,-77.018459,268,8680.2
1132_0,-12.057724,-77.018180,269,8710.8
1132_0,-12.057673,-77.017755,270,8757.4
1132_0,-12.057659,-77.017639,271,8770.1
1132_0,-12.057650,-77.017560,272,8778.7
1132_0,-12.057638,-77.017471,273,8788.5
1132_0,-12.057633,-77.017424,274,8793.6
1132_0,-12.057625,-77.017346,275,8802.2
1132_0,-12.057616,-77.017284,276,8809.0
1132_0,-12.057609,-77.017241,277,8813.7
1132_0,-12.057595,-77.017157,278,8823.0
1132_0,-12.057577,-77.017031,279,8836.8
1132_0,-12.057552,-77.016854,280,8856.3
1132_0,-12.057494,-77.016450,281,8900.7
1132_0,-12.057417,-77.016248,282,8924.3
1132_0,-12.057187,-77.015644,283,8994.8
1132_0,-12.057047,-77.015276,284,9037.7
1132_0,-12.056935,-77.014982,285,9072.0
1132_0,-12.056911,-77.014926,286,9078.6
1132_0,-12.056875,-77.014854,287,9087.4
1132_0,-12.056842,-77.014799,288,9094.5
1132_0,-12.056952,-77.014756,289,9107.6
1132_0,-12.057336,-77.014599,290,9153.5
1132_0,-12.058012,-77.014321,291,9234.6
1132_0,-12.058070,-77.014297,292,9241.5
1132_0,-12.058186,-77.014250,293,9255.4
1132_0,-12.058475,-77.014132,294,9290.0
1132_0,-12.058744,-77.014022,295,9322.2
1132_0,-12.058881,-77.013965,296,9338.7
1132_0,-12.058947,-77.013939,297,9346.5
1132_0,-12.059231,-77.013821,298,9380.6
1132_0,-12.059299,-77.013794,299,9388.7
1132_0,-12.059397,-77.013755,300,9400.4
1132_0,-12.059999,-77.013497,301,9473.0
1132_0,-12.060509,-77.013280,302,9534.4
1132_0,-12.060994,-77.013085,303,9592.4
1132_0,-12.061020,-77.013244,304,9609.9
1132_0,-12.061144,-77.014005,305,9693.8
1132_0,-12.061200,-77.014451,306,9742.7
1132_0,-12.061256,-77.014896,307,9791.5
1132_0,-12.061321,-77.015452,308,9852.4
1132_0,-12.061328,-77.015504,309,9858.1
1132_0,-12.061333,-77.015550,310,9863.1
1132_0,-12.061253,-77.015583,311,9872.7
1132_0,-12.061007,-77.015684,312,9902.2
1132_1,-12.060779,-77.015777,0,0.0
1132_1,-12.060548,-77.015872,1,27.7
1132_1,-12.060114,-77.016050,2,79.7
1132_1,-12.059790,-77.016188,3,118.7
1132_1,-12.059623,-77.016260,4,138.9
1132_1,-12.059556,-77.016288,5,146.9
1132_1,-12.059313,-77.016392,6,176.2
1132_1,-12.058838,-77.016595,7,233.4
1132_1,-12.058318,-77.017089,8,312.4
1132_1,-12.058263,-77.017125,9,319.6
1132_1,-12.058069,-77.017188,10,342.3
1132_1,-12.057725,-77.017310,11,382.8
1132_1,-12.057690,-77.017323,12,386.9
1132_1,-12.057673,-77.017329,13,388.9
1132_1,-12.057625,-77.017346,14,394.5
1132_1,-12.057530,-77.017419,15,407.8
1132_1,-12.057468,-77.017440,16,415.0
1132_1,-12.057368,-77.017474,17,426.7
1132_1,-12.057376,-77.017563,18,436.5
1132_1,-12.057476,-77.018500,19,538.9
1132_1,-12.057579,-77.019361,20,633.3
1132_1,-12.057582,-77.019390,21,636.4
1132_1,-12.057594,-77.019514,22,650.0
1132_1,-12.057605,-77.019608,23,660.3
1132_1,-12.057720,-77.020435,24,751.1
1132_1,-12.057821,-77.021202,25,835.3
1132_1,-12.057839,-77.021360,26,852.6
1132_1,-12.057880,-77.021734,27,893.5
1132_1,-12.057887,-77.021797,28,900.4
1132_1,-12.057896,-77.021860,29,907.3
1132_1,-12.058065,-77.023240,30,1058.6
1132_1,-12.058073,-77.023306,31,1065.8
1132_1,-12.058197,-77.024212,32,1165.3
1132_1,-12.058200,-77.024233,33,1167.6
1132_1,-12.058211,-77.024316,34,1176.7
1132_1,-12.058225,-77.024418,35,1187.9
1132_1,-12.058030,-77.024717,36,1227.0
1132_1,-12.057908,-77.024907,37,1251.7
1132_1,-12.057478,-77.025575,38,1338.6
1132_1,-12.057437,-77.025635,39,1346.6
1132_1,-12.057383,-77.025722,40,1357.8
1132_1,-12.057299,-77.025854,41,1374.9
1132_1,-12.057086,-77.026174,42,1417.0
1132_1,-12.056698,-77.026758,43,1493.8
1132_1,-12.056678,-77.026787,44,1497.7
1132_1,-12.056659,-77.026816,45,1501.5
1132_1,-12.056607,-77.026899,46,1512.2
1132_1,-12.056167,-77.027599,47,1602.7
1132_1,-12.055646,-77.028430,48,1710.0
1132_1,-12.055639,-77.028442,49,1711.5
1132_1,-12.055440,-77.028744,50,1751.1
1132_1,-12.055412,-77.028785,51,1756.6
1132_1,-12.055332,-77.028903,52,1772.2
1132_1,-12.055298,-77.028960,53,1779.4
1132_1,-12.054876,-77.029611,54,1864.4
1132_1,-12.054596,-77.030017,55,1918.4
1132_1,-12.054570,-77.030057,56,1923.6
1132_1,-12.054496,-77.030156,57,1937.2
1132_1,-12.054418,-77.030271,58,1952.4
1132_1,-12.054358,-77.030357,59,1963.9
1132_1,-12.054234,-77.030554,60,1989.3
1132_1,-12.054195,-77.030614,61,1997.2
1132_1,-12.053953,-77.030988,62,2045.9
1132_1,-12.053270,-77.032050,63,2184.2
1132_1,-12.053236,-77.032106,64,2191.3
1132_1,-12.053206,-77.032156,65,2197.7
1132_1,-12.052705,-77.032943,66,2299.8
1132_1,-12.052691,-77.032965,67,2302.7
1132_1,-12.052650,-77.033024,68,2310.6
1132_1,-12.052604,-77.033089,69,2319.3
1132_1,-12.052558,-77.033154,70,2328.0
1132_1,-12.052274,-77.033583,71,2384.3
1132_1,-12.052254,-77.033613,72,2388.3
1132_1,-12.052195,-77.033703,73,2400.1
1132_1,-12.051998,-77.034004,74,2439.5
1132_1,-12.051979,-77.034034,75,2443.3
1132_1,-12.051946,-77.034055,76,2447.7
1132_1,-12.051906,-77.034066,77,2452.3
1132_1,-12.051519,-77.033783,78,2505.2
1132_1,-12.051209,-77.034254,79,2566.9
1132_1,-12.050929,-77.034680,80,2622.7
1132_1,-12.050926,-77.034685,81,2623.4
1132_1,-12.050868,-77.034773,82,2634.9
1132_1,-12.050950,-77.034824,83,2645.6
1132_1,-12.051198,-77.034978,84,2677.8
1132_1,-12.051242,-77.035029,85,2685.2
1132_1,-12.051259,-77.035057,86,2688.8
1132_1,-12.051270,-77.035099,87,2693.5
1132_1,-12.051268,-77.035125,88,2696.4
1132_1,-12.051256,-77.035156,89,2700.0
1132_1,-12.051198,-77.035246,90,2711.7
1132_1,-12.051187,-77.035263,91,2713.9
1132_1,-12.050709,-77.036001,92,2810.2
1132_1,-12.050693,-77.036027,93,2813.5
1132_1,-12.050672,-77.036060,94,2817.8
1132_1,-12.050030,-77.037034,95,2945.6
1132_1,-12.049964,-77.037126,96,2958.0
1132_1,-12.049491,-77.037871,97,3054.6
1132_1,-12.049403,-77.038003,98,3071.9
1132_1,-12.048838,-77.038864,99,3184.7
1132_1,-12.048821,-77.038891,100,3188.2
1132_1,-12.048794,-77.038932,101,3193.5
1132_1,-12.048758,-77.038978,102,3200.0
1132_1,-12.048732,-77.039020,103,3205.4
1132_1,-12.048673,-77.039113,104,3217.4
1132_1,-12.048641,-77.039167,105,3224.3
1132_1,-12.048610,-77.039219,106,3230.9
1132_1,-12.048432,-77.039496,107,3266.9
1132_1,-12.048161,-77.039920,108,3322.0
1132_1,-12.048127,-77.039972,109,3328.8
1132_1,-12.048074,-77.040059,110,3340.0
1132_1,-12.048012,-77.040163,111,3353.2
1132_1,-12.047797,-77.040488,112,3395.9
1132_1,-12.047543,-77.040865,113,3445.7
1132_1,-12.047526,-77.040893,114,3449.3
1132_1,-12.047481,-77.040969,115,3458.9
1132_1,-12.047437,-77.041035,116,3467.6
1132_1,-12.047163,-77.041449,117,3522.0
1132_1,-12.046878,-77.041897,118,3580.1
1132_1,-12.046710,-77.042178,119,3615.9
1132_1,-12.046688,-77.042215,120,3620.6
1132_1,-12.046673,-77.042239,121,3623.7
1132_1,-12.046658,-77.042261,122,3626.6
1132_1,-12.046646,-77.042277,123,3628.8
1132_1,-12.046629,-77.042294,124,3631.5
1132_1,-12.046615,-77.042305,125,3633.4
1132_1,-12.046603,-77.042314,126,3635.1
1132_1,-12.046585,-77.042324,127,3637.4
1132_1,-12.046570,-77.042330,128,3639.1
1132_1,-12.046556,-77.042334,129,3640.8
1132_1,-12.046543,-77.042337,130,3642.2
1132_1,-12.046525,-77.042339,131,3644.3
1132_1,-12.046507,-77.042340,132,3646.3
1132_1,-12.046486,-77.042340,133,3648.6
1132_1,-12.046449,-77.042339,134,3652.7
1132_1,-12.046408,-77.042334,135,3657.3
1132_1,-12.046367,-77.042334,136,3661.9
1132_1,-12.046265,-77.042353,137,3673.4
1132_1,-12.046170,-77.042397,138,3685.0
1132_1,-12.046089,-77.042464,139,3696.6
1132_1,-12.046041,-77.042527,140,3705.3
1132_1,-12.046005,-77.042597,141,3713.9
1132_1,-12.045983,-77.042673,142,3722.5
1132_1,-12.045975,-77.042751,143,3731.0
1132_1,-12.045981,-77.042830,144,3739.6
1132_1,-12.046002,-77.042906,145,3748.2
1132_1,-12.046036,-77.042977,146,3756.8
1132_1,-12.046083,-77.043040,147,3765.4
1132_1,-12.046140,-77.043093,148,3774.0
1132_1,-12.046206,-77.043135,149,3782.6
1132_1,-12.046254,-77.043155,150,3788.4
1132_1,-12.046304,-77.043169,151,3794.2
1132_1,-12.046328,-77.043204,152,3798.8
1132_1,-12.046352,-77.043253,153,3804.8
1132_1,-12.046367,-77.043308,154,3811.0
1132_1,-12.046380,-77.043375,155,3818.4
1132_1,-12.046386,-77.043448,156,3826.4
1132_1,-12.046399,-77.043589,157,3841.8
1132_1,-12.046447,-77.044107,158,3898.4
1132_1,-12.046454,-77.044190,159,3907.4
1132_1,-12.046511,-77.044793,160,3973.3
1132_1,-12.046569,-77.045347,161,4033.9
1132_1,-12.046574,-77.045401,162,4039.8
1132_1,-12.046585,-77.045497,163,4050.3
1132_1,-12.046594,-77.045582,164,4059.6
1132_1,-12.046597,-77.045612,165,4062.9
1132_1,-12.046643,-77.046031,166,4108.7
1132_1,-12.046705,-77.046617,167,4172.8
1132_1,-12.046713,-77.046701,168,4182.0
1132_1,-12.046719,-77.046758,169,4188.2
1132_1,-12.046725,-77.046809,170,4193.8
1132_1,-12.046731,-77.046874,171,4200.9
1132_1,-12.046859,-77.048091,172,4334.0
1132_1,-12.046897,-77.048476,173,4376.1
1132_1,-12.046922,-77.048713,174,4402.0
1132_1,-12.046990,-77.049376,175,4474.5
1132_1,-12.047029,-77.049753,176,4515.7
1132_1,-12.047074,-77.050188,177,4563.3
1132_1,-12.047108,-77.050521,178,4599.7
1132_1,-12.047122,-77.050643,179,4613.1
1132_1,-12.047130,-77.050717,180,4621.2
1132_1,-12.047176,-77.051214,181,4675.5
1132_1,-12.047211,-77.051578,182,4715.2
1132_1,-12.047251,-77.052003,183,4761.7
1132_1,-12.047301,-77.052535,184,4819.8
1132_1,-12.047370,-77.053279,185,4901.1
1132_1,-12.047381,-77.053396,186,4913.8
1132_1,-12.047400,-77.053594,187,4935.5
1132_1,-12.047420,-77.053808,188,4958.9
1132_1,-12.047428,-77.053890,189,4967.8
1132_1,-12.047440,-77.054009,190,4980.8
1132_1,-12.047448,-77.054082,191,4988.8
1132_1,-12.047498,-77.054537,192,5038.6
1132_1,-12.047623,-77.055677,193,5163.4
1132_1,-12.047765,-77.057110,194,5320.0
1132_1,-12.047782,-77.057271,195,5337.6
1132_1,-12.047828,-77.057709,196,5385.5
1132_1,-12.047953,-77.058885,197,5514.1
1132_1,-12.047967,-77.059024,198,5529.3
1132_1,-12.047990,-77.059241,199,5553.1
1132_1,-12.048001,-77.059347,200,5564.7
1132_1,-12.048007,-77.059410,201,5571.5
1132_1,-12.048012,-77.059463,202,5577.3
1132_1,-12.048024,-77.059599,203,5592.2
1132_1,-12.048029,-77.059659,204,5598.7
1132_1,-12.048034,-77.059714,205,5604.7
1132_1,-12.048124,-77.060637,206,5705.6
1132_1,-12.048153,-77.060943,207,5739.0
1132_1,-12.048264,-77.062098,208,5865.2
1132_1,-12.048282,-77.062300,209,5887.3
1132_1,-12.048328,-77.062777,210,5939.4
1132_1,-12.048427,-77.063694,211,6039.8
1132_1,-12.048490,-77.064318,212,6108.0
1132_1,-12.048511,-77.064527,213,6130.8
1132_1,-12.048545,-77.064861,214,6167.3
1132_1,-12.048553,-77.064939,215,6175.9
1132_1,-12.048789,-77.067195,216,6422.6
1132_1,-12.048796,-77.067273,217,6431.1
1132_1,-12.048985,-77.069130,218,6634.1
1132_1,-12.049131,-77.070546,219,6789.0
1132_1,-12.049212,-77.071266,220,6867.8
1132_1,-12.049224,-77.071378,221,6880.0
1132_1,-12.049293,-77.072018,222,6950.1
1132_1,-12.049301,-77.072094,223,6958.4
1132_1,-12.049315,-77.072224,224,6972.6
1132_1,-12.049324,-77.072312,225,6982.2
1132_1,-12.049627,-77.075388,226,7318.4
1132_1,-12.049621,-77.076061,227,7391.6
1132_1,-12.049617,-77.076314,228,7419.1
1132_1,-12.049653,-77.076639,229,7454.7
1132_1,-12.049713,-77.077112,230,7506.6
1132_1,-12.049760,-77.077406,231,7538.9
1132_1,-12.049805,-77.077689,232,7570.1
1132_1,-12.049846,-77.077902,233,7593.7
1132_1,-12.049849,-77.077918,234,7595.5
1132_1,-12.049865,-77.078014,235,7606.1
1132_1,-12.049911,-77.078286,236,7636.1
1132_1,-12.049926,-77.078374,237,7645.8
1132_1,-12.049932,-77.078410,238,7649.8
1132_1,-12.049965,-77.078608,239,7671.6
1132_1,-12.049985,-77.078724,240,7684.4
1132_1,-12.050016,-77.078907,241,7704.6
1132_1,-12.050035,-77.079022,242,7717.3
1132_1,-12.050042,-77.079064,243,7722.0
1132_1,-12.050092,-77.079363,244,7754.9
1132_1,-12.050210,-77.080055,245,7831.3
1132_1,-12.050260,-77.080325,246,7861.2
1132_1,-12.050263,-77.080347,247,7863.6
1132_1,-12.050298,-77.080545,248,7885.5
1132_1,-12.050355,-77.080882,249,7922.7
1132_1,-12.050472,-77.081565,250,7998.1
1132_1,-12.050508,-77.081781,251,8021.9
1132_1,-12.050528,-77.081899,252,8035.0
1132_1,-12.050593,-77.082265,253,8075.4
1132_1,-12.050694,-77.082868,254,8141.9
1132_1,-12.050716,-77.082999,255,8156.4
1132_1,-12.050891,-77.084025,256,8269.6
1132_1,-12.050963,-77.084447,257,8316.2
1132_1,-12.050972,-77.084500,258,8322.1
1132_1,-12.051072,-77.085079,259,8386.0
1132_1,-12.051086,-77.085156,260,8394.5
1132_1,-12.051228,-77.085947,261,8482.0
1132_1,-12.051251,-77.086074,262,8496.0
1132_1,-12.051290,-77.086305,263,8521.5
1132_1,-12.051305,-77.086394,264,8531.3
1132_1,-12.051220,-77.086410,265,8541.0
1132_1,-12.050676,-77.086508,266,8602.4
1132_1,-12.050402,-77.086560,267,8633.4
1132_1,-12.050254,-77.086595,268,8650.3
1132_1,-12.050137,-77.086638,269,8664.1
1132_1,-12.050074,-77.086675,270,8672.2
1132_1,-12.049983,-77.086728,271,8683.8
1132_1,-12.049633,-77.086933,272,8728.7
1132_1,-12.049326,-77.087112,273,8768.0
1132_1,-12.049142,-77.087215,274,8791.3
1132_1,-12.049088,-77.087239,275,8797.8
1132_1,-12.049007,-77.087262,276,8807.2
1132_1,-12.049019,-77.087379,277,8820.0
1132_1,-12.049030,-77.087449,278,8827.7
1132_1,-12.049074,-77.088018,279,8889.7
1132_1,-12.049153,-77.088908,280,8986.9
1132_1,-12.049215,-77.089577,281,9060.0
1132_1,-12.049253,-77.089982,282,9104.2
1132_1,-12.049273,-77.090276,283,9136.3
1132_1,-12.049305,-77.090751,284,9188.1
1132_1,-12.049313,-77.090834,285,9197.1
1132_1,-12.049324,-77.090898,286,9204.2
1132_1,-12.049303,-77.090908,287,9206.8
1132_1,-12.049272,-77.090929,288,9210.9
1132_1,-12.049245,-77.090960,289,9215.4
1132_1,-12.049224,-77.090995,290,9219.9
1132_1,-12.049213,-77.091033,291,9224.2
1132_1,-12.049216,-77.091073,292,9228.6
1132_1,-12.049231,-77.091110,293,9232.9
1132_1,-12.049257,-77.091140,294,9237.3
1132_1,-12.049267,-77.091146,295,9238.6
1132SX_0,-12.033458,-77.115617,0,0.0
1132SX_0,-12.033531,-77.115760,1,17.5
1132SX_0,-12.033578,-77.115810,2,25.1
1132SX_0,-12.033599,-77.115827,3,28.1
1132SX_0,-12.033638,-77.115857,4,33.5
1132SX_0,-12.033692,-77.115875,5,39.8
1132SX_0,-12.033755,-77.115890,6,47.0
1132SX_0,-12.033839,-77.115895,7,56.4
1132SX_0,-12.033891,-77.115890,8,62.2
1132SX_0,-12.033942,-77.115874,9,68.1
1132SX_0,-12.034021,-77.115838,10,77.7
1132SX_0,-12.034110,-77.115811,11,88.0
1132SX_0,-12.034307,-77.115781,12,110.2
1132SX_0,-12.035115,-77.115388,13,209.7
1132SX_0,-12.035609,-77.115222,14,267.5
1132SX_0,-12.036318,-77.114912,15,353.2
1132SX_0,-12.036564,-77.114805,16,383.0
1132SX_0,-12.036674,-77.114764,17,396.0
1132SX_0,-12.036969,-77.114655,18,430.9
1132SX_0,-12.037068,-77.114650,19,441.9
1132SX_0,-12.037172,-77.114658,20,453.5
1132SX_0,-12.037307,-77.114700,21,469.2
1132SX_0,-12.037454,-77.114753,22,486.5
1132SX_0,-12.037551,-77.114812,23,499.1
1132SX_0,-12.037613,-77.114867,24,508.2
1132SX_0,-12.037664,-77.114927,25,516.8
1132SX_0,-12.037722,-77.115025,26,529.3
1132SX_0,-12.037755,-77.115098,27,538.0
1132SX_0,-12.037826,-77.115250,28,556.3
1132SX_0,-12.037896,-77.115410,29,575.4
1132SX_0,-12.037985,-77.115623,30,600.6
1132SX_0,-12.038083,-77.115892,31,631.8
1132SX_0,-12.038168,-77.116098,32,656.1
1132SX_0,-12.038239,-77.116216,33,671.2
1132SX_0,-12.038335,-77.116315,34,686.4
1132SX_0,-12.038505,-77.116401,35,707.4
1132SX_0,-12.038648,-77.116431,36,723.7
1132SX_0,-12.038800,-77.116410,37,740.7
1132SX_0,-12.038886,-77.116354,38,752.1
1132SX_0,-12.038956,-77.116285,39,762.9
1132SX_0,-12.039007,-77.116214,40,772.5
1132SX_0,-12.039067,-77.116062,41,790.3
1132SX_0,-12.039100,-77.115821,42,816.8
1132SX_0,-12.039180,-77.115254,43,879.1
1132SX_0,-12.039252,-77.114829,44,926.0
1132SX_0,-12.039603,-77.113161,45,1111.5
1132SX_0,-12.039645,-77.112946,46,1135.3
1132SX_0,-12.039665,-77.112870,47,1143.9
1132SX_0,-12.039715,-77.112780,48,1155.2
1132SX_0,-12.039795,-77.112686,49,1168.7
1132SX_0,-12.039848,-77.112651,50,1175.7
1132SX_0,-12.039894,-77.112610,51,1182.5
1132SX_0,-12.039949,-77.112537,52,1192.5
1132SX_0,-12.039988,-77.112482,53,1199.9
1132SX_0,-12.040004,-77.112439,54,1204.9
1132SX_0,-12.040028,-77.112374,55,1212.5
1132SX_0,-12.040034,-77.112313,56,1219.1
1132SX_0,-12.040025,-77.112237,57,1227.5
1132SX_0,-12.040028,-77.112095,58,1242.9
1132SX_0,-12.040043,-77.112009,59,1252.4
1132SX_0,-12.040076,-77.111904,60,1264.4
1132SX_0,-12.040128,-77.111781,61,1279.0
1132SX_0,-12.040190,-77.111621,62,1297.7
1132SX_0,-12.040323,-77.110973,63,1369.7
1132SX_0,-12.040534,-77.109994,64,1478.7
1132SX_0,-12.040640,-77.109463,65,1537.7
1132SX_0,-12.040662,-77.109258,66,1560.1
1132SX_0,-12.040662,-77.109026,67,1585.3
1132SX_0,-12.040631,-77.108746,68,1616.0
1132SX_0,-12.040598,-77.108505,69,1642.4
1132SX_0,-12.040575,-77.108371,70,1657.2
1132SX_0,-12.040576,-77.108278,71,1667.3
1132SX_0,-12.040596,-77.108200,72,1676.1
1132SX_0,-12.040628,-77.108141,73,1683.4
1132SX_0,-12.040684,-77.108086,74,1692.1
1132SX_0,-12.040739,-77.108060,75,1698.8
1132SX_0,-12.040761,-77.108054,76,1701.3
1132SX_0,-12.040810,-77.108040,77,1707.0
1132SX_0,-12.040860,-77.108041,78,1712.6
1132SX_0,-12.040893,-77.108050,79,1716.4
1132SX_0,-12.040955,-77.108067,80,1723.5
1132SX_0,-12.041385,-77.108325,81,1778.9
1132SX_0,-12.041672,-77.108501,82,1816.1
1132SX_0,-12.041791,-77.108575,83,1831.6
1132SX_0,-12.041849,-77.108621,84,1839.8
1132SX_0,-12.041879,-77.108660,85,1845.2
1132SX_0,-12.041892,-77.108696,86,1849.4
1132SX_0,-12.041899,-77.108739,87,1854.1
1132SX_0,-12.041892,-77.108802,88,1861.0
1132SX_0,-12.041865,-77.108948,89,1877.2
1132SX_0,-12.041652,-77.110332,90,2029.5
1132SX_0,-12.041609,-77.110791,91,2079.7
1132SX_0,-12.040638,-77.114565,92,2504.0
1132SX_0,-12.040357,-77.115685,93,2629.8
1132SX_0,-12.040335,-77.115782,94,2640.6
1132SX_0,-12.040313,-77.115879,95,2651.4
1132SX_0,-12.040283,-77.116048,96,2670.1
1132SX_0,-12.040500,-77.115504,97,2734.0
1132SX_0,-12.040663,-77.114854,98,2807.0
1132SX_0,-12.040785,-77.114372,99,2861.1
1132SX_0,-12.040982,-77.113598,100,2948.1
1132SX_0,-12.041132,-77.113007,101,3014.5
1132SX_0,-12.041253,-77.112531,102,3068.0
1132SX_0,-12.041304,-77.112329,103,3090.7
1132SX_0,-12.041493,-77.111586,104,3174.2
1132SX_0,-12.041613,-77.111115,105,3227.1
1132SX_0,-12.041718,-77.110702,106,3273.5
1132SX_0,-12.041827,-77.110271,107,3321.9
1132SX_0,-12.041947,-77.109763,108,3378.7
1132SX_0,-12.041990,-77.109568,109,3400.5
1132SX_0,-12.042025,-77.109380,110,3421.3
1132SX_0,-12.042047,-77.109203,111,3440.7
1132SX_0,-12.042063,-77.109037,112,3458.8
1132SX_0,-12.042071,-77.108863,113,3477.8
1132SX_0,-12.042073,-77.108692,114,3496.4
1132SX_0,-12.042066,-77.108523,115,3514.8
1132SX_0,-12.042054,-77.108349,116,3533.7
1132SX_0,-12.042049,-77.108299,117,3539.2
1132SX_0,-12.042036,-77.108175,118,3552.8
1132SX_0,-12.041993,-77.107818,119,3591.9
1132SX_0,-12.041977,-77.107679,120,3607.1
1132SX_0,-12.041816,-77.106443,121,3742.7
1132SX_0,-12.041546,-77.104370,122,3970.1
1132SX_0,-12.041466,-77.103756,123,4037.5
1132SX_0,-12.041399,-77.103235,124,4094.6
1132SX_0,-12.041359,-77.102932,125,4127.9
1132SX_0,-12.041332,-77.102722,126,4150.9
1132SX_0,-12.041309,-77.102549,127,4169.9
1132SX_0,-12.041276,-77.102350,128,4191.9
1132SX_0,-12.041228,-77.102156,129,4213.6
1132SX_0,-12.041172,-77.101974,130,4234.4
1132SX_0,-12.041152,-77.101914,131,4241.3
1132SX_0,-12.041079,-77.101698,132,4266.1
1132SX_0,-12.040914,-77.101155,133,4328.0
1132SX_0,-12.040735,-77.100564,134,4395.2
1132SX_0,-12.040706,-77.100465,135,4406.5
1132SX_0,-12.040688,-77.100380,136,4415.9
1132SX_0,-12.040672,-77.100284,137,4426.5
1132SX_0,-12.040664,-77.100228,138,4432.7
1132SX_0,-12.040651,-77.100103,139,4446.3
1132SX_0,-12.040648,-77.100060,140,4451.0
1132SX_0,-12.040646,-77.100027,141,4454.6
1132SX_0,-12.040643,-77.099868,142,4471.9
1132SX_0,-12.040648,-77.099717,143,4488.4
1132SX_0,-12.040731,-77.099586,144,4505.3
1132SX_0,-12.040789,-77.099496,145,4517.0
1132SX_0,-12.040875,-77.099393,146,4531.8
1132SX_0,-12.041018,-77.099267,147,4552.8
1132SX_0,-12.041122,-77.099205,148,4566.2
1132SX_0,-12.041204,-77.099183,149,4575.6
1132SX_0,-12.041482,-77.099136,150,4606.9
1132SX_0,-12.041537,-77.099129,151,4613.1
1132SX_0,-12.041812,-77.099049,152,4644.9
1132SX_0,-12.041973,-77.099040,153,4662.8
1132SX_0,-12.042114,-77.099056,154,4678.6
1132SX_0,-12.042225,-77.099096,155,4691.7
1132SX_0,-12.042291,-77.099125,156,4699.6
1132SX_0,-12.042365,-77.099143,157,4708.1
1132SX_0,-12.042457,-77.099157,158,4718.4
1132SX_0,-12.042564,-77.099155,159,4730.3
1132SX_0,-12.043340,-77.099092,160,4816.9
1132SX_0,-12.043812,-77.099055,161,4869.5
1132SX_0,-12.044214,-77.099018,162,4914.4
1132SX_0,-12.044316,-77.099021,163,4925.8
1132SX_0,-12.044401,-77.099043,164,4935.5
1132SX_0,-12.044502,-77.099080,165,4947.5
1132SX_0,-12.044675,-77.099125,166,4967.3
1132SX_0,-12.044755,-77.099130,167,4976.2
1132SX_0,-12.044845,-77.099119,168,4986.3
1132SX_0,-12.044945,-77.099084,169,4998.0
1132SX_0,-12.045012,-77.099053,170,5006.2
1132SX_0,-12.045083,-77.099000,171,5016.0
1132SX_0,-12.045143,-77.098940,172,5025.3
1132SX_0,-12.045192,-77.098881,173,5033.7
1132SX_0,-12.045250,-77.098819,174,5043.1
1132SX_0,-12.045288,-77.098783,175,5048.8
1132SX_0,-12.045403,-77.098738,176,5062.5
1132SX_0,-12.045439,-77.098729,177,5066.6
1132SX_0,-12.045565,-77.098718,178,5080.7
1132SX_0,-12.045777,-77.098701,179,5104.4
1132SX_0,-12.045824,-77.098697,180,5109.6
1132SX_0,-12.046225,-77.098660,181,5154.4
1132SX_0,-12.046273,-77.098654,182,5159.7
1132SX_0,-12.047269,-77.098554,183,5271.0
1132SX_0,-12.048124,-77.098481,184,5366.4
1132SX_0,-12.048223,-77.098473,185,5377.5
1132SX_0,-12.048285,-77.098470,186,5384.4
1132SX_0,-12.048391,-77.098465,187,5396.2
1132SX_0,-12.048471,-77.098463,188,5405.1
1132SX_0,-12.048566,-77.098459,189,5415.6
1132SX_0,-12.048669,-77.098455,190,5427.1
1132SX_0,-12.049020,-77.098443,191,5466.2
1132SX_0,-12.049586,-77.098440,192,5529.1
1132SX_0,-12.049661,-77.098438,193,5537.4
1132SX_0,-12.049764,-77.098433,194,5548.9
1132SX_0,-12.049800,-77.098430,195,5552.9
1132SX_0,-12.049939,-77.098427,196,5568.4
1132SX_0,-12.050414,-77.098416,197,5621.2
1132SX_0,-12.050417,-77.098492,198,5629.5
1132SX_0,-12.050471,-77.098490,199,5635.5
1132SX_0,-12.051147,-77.098465,200,5710.7
1132SX_0,-12.051220,-77.098460,201,5718.8
1132SX_0,-12.051421,-77.098442,202,5741.3
1132SX_0,-12.051544,-77.098341,203,5758.8
1132SX_0,-12.051887,-77.098305,204,5797.2
1132SX_0,-12.052767,-77.098191,205,5895.8
1132SX_0,-12.053402,-77.098093,206,5967.2
1132SX_0,-12.053701,-77.098049,207,6000.8
1132SX_0,-12.053747,-77.098044,208,6005.9
1132SX_0,-12.053980,-77.098015,209,6032.0
1132SX_0,-12.054881,-77.097917,210,6132.8
1132SX_0,-12.055807,-77.097830,211,6236.2
1132SX_0,-12.055867,-77.097708,212,6251.0
1132SX_0,-12.055854,-77.097635,213,6259.1
1132SX_0,-12.055679,-77.097650,214,6278.6
1132SX_0,-12.055344,-77.097678,215,6316.0
1132SX_0,-12.054654,-77.097737,216,6393.0
1132SX_0,-12.054583,-77.097738,217,6400.9
1132SX_0,-12.054529,-77.097729,218,6407.0
1132SX_0,-12.054491,-77.097713,219,6411.6
1132SX_0,-12.054460,-77.097688,220,6415.9
1132SX_0,-12.054316,-77.097535,221,6439.0
1132SX_0,-12.053884,-77.097076,222,6508.3
1132SX_0,-12.053503,-77.096672,223,6569.3
1132SX_0,-12.053453,-77.096606,224,6578.4
1132SX_0,-12.053430,-77.096545,225,6585.5
1132SX_0,-12.053412,-77.096462,226,6594.8
1132SX_0,-12.053357,-77.096142,227,6630.1
1132SX_0,-12.053353,-77.096116,228,6633.0
1132SX_0,-12.053300,-77.095788,229,6669.1
1132SX_0,-12.053281,-77.095686,230,6680.4
1132SX_0,-12.053270,-77.095629,231,6686.7
1132SX_0,-12.053264,-77.095598,232,6690.2
1132SX_0,-12.053230,-77.095414,233,6710.5
1132SX_0,-12.053058,-77.094437,234,6818.5
1132SX_0,-12.052966,-77.093910,235,6876.7
1132SX_0,-12.052916,-77.093606,236,6910.2
1132SX_0,-12.052841,-77.093147,237,6960.8
1132SX_0,-12.052831,-77.093084,238,6967.8
1132SX_0,-12.052817,-77.092992,239,6977.9
1132SX_0,-12.052801,-77.092888,240,6989.3
1132SX_0,-12.052784,-77.092780,241,7001.2
1132SX_0,-12.052698,-77.092296,242,7054.7
1132SX_0,-12.052467,-77.091050,243,7192.6
1132SX_0,-12.052454,-77.090963,244,7202.2
1132SX_0,-12.052444,-77.090907,245,7208.4
1132SX_0,-12.052276,-77.089925,246,7316.8
1132SX_0,-12.052260,-77.089844,247,7325.8
1132SX_0,-12.052241,-77.089743,248,7337.0
1132SX_0,-12.052139,-77.089765,249,7348.6
1132SX_0,-12.051820,-77.087927,250,7551.6
1132SX_0,-12.051767,-77.087621,251,7585.3
1132SX_0,-12.051603,-77.086724,252,7684.6
1132SX_0,-12.051590,-77.086656,253,7692.1
1132SX_0,-12.051578,-77.086584,254,7700.1
1132SX_0,-12.051557,-77.086461,255,7713.6
1132SX_0,-12.051538,-77.086353,256,7725.6
1132SX_0,-12.051414,-77.085640,257,7804.3
1132SX_0,-12.051369,-77.085384,258,7832.6
1132SX_0,-12.051357,-77.085313,259,7840.4
1132SX_0,-12.051344,-77.085243,260,7848.2
1132SX_0,-12.051041,-77.083620,261,8027.9
1132SX_0,-12.050899,-77.082831,262,8115.1
1132SX_0,-12.050669,-77.081498,263,8262.3
1132SX_0,-12.050598,-77.081041,264,8312.6
1132SX_0,-12.050609,-77.080803,265,8338.5
1132SX_0,-12.050600,-77.080569,266,8364.0
1132SX_0,-12.050565,-77.080285,267,8395.1
1132SX_0,-12.050288,-77.078647,268,8575.9
1132SX_0,-12.050273,-77.078574,269,8584.0
1132SX_0,-12.050252,-77.078429,270,8599.9
1132SX_0,-12.050246,-77.078386,271,8604.7
1132SX_0,-12.050242,-77.078358,272,8607.7
1132SX_0,-12.050232,-77.078298,273,8614.4
1132SX_0,-12.050190,-77.078019,274,8645.1
1132SX_0,-12.050168,-77.077876,275,8660.8
1132SX_0,-12.050164,-77.077850,276,8663.7
1132SX_0,-12.050134,-77.077654,277,8685.2
1132SX_0,-12.050130,-77.077625,278,8688.4
1132SX_0,-12.050009,-77.076585,279,8802.3
1132SX_0,-12.049974,-77.076456,280,8816.9
1132SX_0,-12.049854,-77.075873,281,8881.7
1132SX_0,-12.049825,-77.075728,282,8897.8
1132SX_0,-12.049790,-77.075560,283,8916.4
1132SX_0,-12.049706,-77.075246,284,8951.8
1132SX_0,-12.049604,-77.074124,285,9074.4
1132SX_0,-12.049592,-77.074001,286,9087.8
1132SX_0,-12.049461,-77.072717,287,9228.2
1132SX_0,-12.049445,-77.072502,288,9251.6
1132SX_0,-12.049431,-77.072304,289,9273.2
1132SX_0,-12.049426,-77.072215,290,9282.9
1132SX_0,-12.049416,-77.072085,291,9297.1
1132SX_0,-12.049409,-77.072008,292,9305.5
1132SX_0,-12.049374,-77.071690,293,9340.3
1132SX_0,-12.049337,-77.071390,294,9373.2
1132SX_0,-12.049329,-77.071325,295,9380.3
1132SX_0,-12.049322,-77.071253,296,9388.2
1132SX_0,-12.049120,-77.069405,297,9590.4
1132SX_0,-12.049105,-77.069266,298,9605.6
1132SX_0,-12.048888,-77.067284,299,9822.5
1132SX_0,-12.048882,-77.067220,300,9829.5
1132SX_0,-12.048878,-77.067183,301,9833.5
1132SX_0,-12.048873,-77.067139,302,9838.3
1132SX_0,-12.048837,-77.066782,303,9877.4
1132SX_0,-12.048691,-77.065322,304,10037.0
1132SX_0,-12.048657,-77.064970,305,10075.4
1132SX_0,-12.048653,-77.064930,306,10079.8
1132SX_0,-12.048645,-77.064850,307,10088.6
1132SX_0,-12.048428,-77.062754,308,10317.8
1132SX_0,-12.048378,-77.062264,309,10371.3
1132SX_0,-12.048359,-77.062087,310,10390.7
1132SX_0,-12.048341,-77.061914,311,10409.6
1132SX_0,-12.048249,-77.060934,312,10516.7
1132SX_0,-12.048246,-77.060912,313,10519.1
1132SX_0,-12.048180,-77.060243,314,10592.2
1132SX_0,-12.048115,-77.059589,315,10663.7
1132SX_0,-12.048102,-77.059451,316,10678.8
1132SX_0,-12.048091,-77.059338,317,10691.1
1132SX_0,-12.048080,-77.059230,318,10702.9
1132SX_0,-12.048060,-77.059029,319,10724.9
1132SX_0,-12.047960,-77.058126,320,10823.7
1132SX_0,-12.047947,-77.057993,321,10838.3
1132SX_0,-12.047911,-77.057624,322,10878.6
1132SX_0,-12.047882,-77.057327,323,10911.0
1132SX_0,-12.047860,-77.057105,324,10935.3
1132SX_0,-12.047746,-77.055893,325,11067.7
1132SX_0,-12.047597,-77.054526,326,11217.3
1132SX_0,-12.047548,-77.054072,327,11267.0
1132SX_0,-12.047540,-77.053999,328,11275.0
1132SX_0,-12.047528,-77.053879,329,11288.1
1132SX_0,-12.047520,-77.053800,330,11296.7
1132SX_0,-12.047477,-77.053355,331,11345.3
1132SX_0,-12.047437,-77.052934,332,11391.3
1132SX_0,-12.047392,-77.052476,333,11441.4
1132SX_0,-12.047344,-77.051978,334,11495.8
1132SX_0,-12.047289,-77.051409,335,11558.0
1132SX_0,-12.047237,-77.050867,336,11617.2
1132SX_0,-12.047221,-77.050707,337,11634.7
1132SX_0,-12.047213,-77.050633,338,11642.8
1132SX_0,-12.047080,-77.049367,339,11781.3
1132SX_0,-12.046990,-77.048518,340,11874.1
1132SX_0,-12.046908,-77.047739,341,11959.3
1132SX_0,-12.046877,-77.047452,342,11990.7
1132SX_0,-12.046849,-77.047192,343,12019.2
1132SX_0,-12.046822,-77.046930,344,12047.8
1132SX_0,-12.046816,-77.046866,345,12054.8
1132SX_0,-12.046809,-77.046801,346,12061.9
1132SX_0,-12.046804,-77.046750,347,12067.5
1132SX_0,-12.046798,-77.046693,348,12073.7
1132SX_0,-12.046690,-77.045640,349,12188.9
1132SX_0,-12.046684,-77.045575,350,12196.0
1132SX_0,-12.046675,-77.045490,351,12205.3
1132SX_0,-12.046666,-77.045394,352,12215.8
1132SX_0,-12.046542,-77.044183,353,12348.2
1132SX_0,-12.046476,-77.043500,354,12422.8
1132SX_0,-12.046470,-77.043440,355,12429.4
1132SX_0,-12.046469,-77.043379,356,12436.0
1132SX_0,-12.046474,-77.043316,357,12442.9
1132SX_0,-12.046490,-77.043259,358,12449.3
1132SX_0,-12.046523,-77.043198,359,12456.9
1132SX_0,-12.046580,-77.043129,360,12466.7
1132SX_0,-12.046630,-77.043098,361,12473.2
1132SX_0,-12.046696,-77.043037,362,12483.1
1132SX_0,-12.046747,-77.042963,363,12493.0
1132SX_0,-12.046779,-77.042888,364,12501.9
1132SX_0,-12.046797,-77.042809,365,12510.7
1132SX_0,-12.046799,-77.042727,366,12519.6
1132SX_0,-12.046786,-77.042647,367,12528.4
1132SX_0,-12.046758,-77.042571,368,12537.2
1132SX_0,-12.046717,-77.042501,369,12546.1
1132SX_0,-12.046697,-77.042477,370,12549.6
1132SX_0,-12.046676,-77.042454,371,12553.0
1132SX_0,-12.046680,-77.042426,372,12556.0
1132SX_0,-12.046682,-77.042410,373,12557.8
1132SX_0,-12.046684,-77.042396,374,12559.3
1132SX_0,-12.046688,-77.042383,375,12560.8
1132SX_0,-12.046694,-77.042369,376,12562.5
1132SX_0,-12.046703,-77.042351,377,12564.7
1132SX_0,-12.046716,-77.042327,378,12567.7
1132SX_0,-12.046735,-77.042297,379,12571.6
1132SX_0,-12.046758,-77.042263,380,12576.1
1132SX_0,-12.046954,-77.041962,381,12615.4
1132SX_0,-12.047491,-77.041124,382,12724.3
1132SX_0,-12.047514,-77.041088,383,12729.0
1132SX_0,-12.047554,-77.041025,384,12737.2
1132SX_0,-12.047605,-77.040947,385,12747.4
1132SX_0,-12.047876,-77.040542,386,12800.7
1132SX_0,-12.048156,-77.040120,387,12856.2
1132SX_0,-12.048216,-77.040031,388,12867.9
1132SX_0,-12.048248,-77.039980,389,12874.5
1132SX_0,-12.048512,-77.039553,390,12929.5
1132SX_0,-12.048716,-77.039234,391,12970.9
1132SX_0,-12.048730,-77.039211,392,12973.9
1132SX_0,-12.048781,-77.039136,393,12983.8
1132SX_0,-12.048819,-77.039081,394,12991.1
1132SX_0,-12.048877,-77.039000,395,13002.0
1132SX_0,-12.048913,-77.038952,396,13008.6
1132SX_0,-12.048973,-77.038870,397,13019.8
1132SX_0,-12.049411,-77.038170,398,13110.1
1132SX_0,-12.049491,-77.038045,399,13126.4
1132SX_0,-12.049965,-77.037298,400,13223.2
1132SX_0,-12.050041,-77.037180,401,13238.6
1132SX_0,-12.050513,-77.036481,402,13330.9
1132SX_0,-12.050550,-77.036423,403,13338.5
1132SX_0,-12.050729,-77.036140,404,13375.1
1132SX_0,-12.050759,-77.036094,405,13381.1
1132SX_0,-12.050779,-77.036062,406,13385.3
1132SX_0,-12.051238,-77.035345,407,13478.4
1132SX_0,-12.051258,-77.035314,408,13482.5
1132SX_0,-12.051300,-77.035263,409,13489.7
1132SX_1,-12.050947,-77.035634,0,0.0
1132SX_1,-12.050709,-77.036001,1,47.9
1132SX_1,-12.050693,-77.036027,2,51.2
1132SX_1,-12.050672,-77.036060,3,55.5
1132SX_1,-12.050030,-77.037034,4,183.2
1132SX_1,-12.049964,-77.037126,5,195.6
1132SX_1,-12.049491,-77.037871,6,292.2
1132SX_1,-12.049403,-77.038003,7,309.6
1132SX_1,-12.048838,-77.038864,8,422.4
1132SX_1,-12.048821,-77.038891,9,425.9
1132SX_1,-12.048794,-77.038932,10,431.2
1132SX_1,-12.048758,-77.038978,11,437.6
1132SX_1,-12.048732,-77.039020,12,443.0
1132SX_1,-12.048673,-77.039113,13,455.1
1132SX_1,-12.048641,-77.039167,14,462.0
1132SX_1,-12.048610,-77.039219,15,468.6
1132SX_1,-12.048432,-77.039496,16,504.6
1132SX_1,-12.048161,-77.039920,17,559.7
1132SX_1,-12.048127,-77.039972,18,566.5
1132SX_1,-12.048074,-77.040059,19,577.7
1132SX_1,-12.048012,-77.040163,20,590.9
1132SX_1,-12.047797,-77.040488,21,633.6
1132SX_1,-12.047543,-77.040865,22,683.4
1132SX_1,-12.047526,-77.040893,23,686.9
1132SX_1,-12.047481,-77.040969,24,696.6
1132SX_1,-12.047437,-77.041035,25,705.3
1132SX_1,-12.047163,-77.041449,26,759.6
1132SX_1,-12.046878,-77.041897,27,817.8
1132SX_1,-12.046710,-77.042178,28,853.6
1132SX_1,-12.046688,-77.042215,29,858.3
1132SX_1,-12.046673,-77.042239,30,861.4
1132SX_1,-12.046658,-77.042261,31,864.3
1132SX_1,-12.046646,-77.042277,32,866.5
1132SX_1,-12.046629,-77.042294,33,869.1
1132SX_1,-12.046615,-77.042305,34,871.1
1132SX_1,-12.046603,-77.042314,35,872.8
1132SX_1,-12.046585,-77.042324,36,875.0
1132SX_1,-12.046570,-77.042330,37,876.8
1132SX_1,-12.046556,-77.042334,38,878.4
1132SX_1,-12.046543,-77.042337,39,879.9
1132SX_1,-12.046525,-77.042339,40,881.9
1132SX_1,-12.046507,-77.042340,41,883.9
1132SX_1,-12.046486,-77.042340,42,886.3
1132SX_1,-12.046449,-77.042339,43,890.4
1132SX_1,-12.046408,-77.042334,44,895.0
1132SX_1,-12.046367,-77.042334,45,899.5
1132SX_1,-12.046265,-77.042353,46,911.1
1132SX_1,-12.046170,-77.042397,47,922.7
1132SX_1,-12.046089,-77.042464,48,934.3
1132SX_1,-12.046041,-77.042527,49,942.9
1132SX_1,-12.046005,-77.042597,50,951.5
1132SX_1,-12.045983,-77.042673,51,960.2
1132SX_1,-12.045975,-77.042751,52,968.7
1132SX_1,-12.045981,-77.042830,53,977.3
1132SX_1,-12.046002,-77.042906,54,985.9
1132SX_1,-12.046036,-77.042977,55,994.5
1132SX_1,-12.046083,-77.043040,56,1003.1
1132SX_1,-12.046140,-77.043093,57,1011.7
1132SX_1,-12.046206,-77.043135,58,1020.3
1132SX_1,-12.046254,-77.043155,59,1026.1
1132SX_1,-12.046304,-77.043169,60,1031.8
1132SX_1,-12.046328,-77.043204,61,1036.5
1132SX_1,-12.046352,-77.043253,62,1042.5
1132SX_1,-12.046367,-77.043308,63,1048.7
1132SX_1,-12.046380,-77.043375,64,1056.1
1132SX_1,-12.046386,-77.043448,65,1064.1
1132SX_1,-12.046399,-77.043589,66,1079.5
1132SX_1,-12.046447,-77.044107,67,1136.0
1132SX_1,-12.046454,-77.044190,68,1145.1
1132SX_1,-12.046511,-77.044793,69,1211.0
1132SX_1,-12.046569,-77.045347,70,1271.6
1132SX_1,-12.046574,-77.045401,71,1277.5
1132SX_1,-12.046585,-77.045497,72,1288.0
1132SX_1,-12.046594,-77.045582,73,1297.3
1132SX_1,-12.046597,-77.045612,74,1300.6
1132SX_1,-12.046643,-77.046031,75,1346.4
1132SX_1,-12.046705,-77.046617,76,1410.5
1132SX_1,-12.046713,-77.046701,77,1419.7
1132SX_1,-12.046719,-77.046758,78,1425.9
1132SX_1,-12.046725,-77.046809,79,1431.5
1132SX_1,-12.046731,-77.046874,80,1438.6
1132SX_1,-12.046859,-77.048091,81,1571.7
1132SX_1,-12.046897,-77.048476,82,1613.8
1132SX_1,-12.046922,-77.048713,83,1639.7
1132SX_1,-12.046990,-77.049376,84,1712.2
1132SX_1,-12.047029,-77.049753,85,1753.4
1132SX_1,-12.047074,-77.050188,86,1801.0
1132SX_1,-12.047108,-77.050521,87,1837.4
1132SX_1,-12.047122,-77.050643,88,1850.8
1132SX_1,-12.047130,-77.050717,89,1858.9
1132SX_1,-12.047176,-77.051214,90,1913.2
1132SX_1,-12.047211,-77.051578,91,1952.9
1132SX_1,-12.047251,-77.052003,92,1999.4
1132SX_1,-12.047301,-77.052535,93,2057.5
1132SX_1,-12.047370,-77.053279,94,2138.7
1132SX_1,-12.047381,-77.053396,95,2151.5
1132SX_1,-12.047400,-77.053594,96,2173.2
1132SX_1,-12.047420,-77.053808,97,2196.5
1132SX_1,-12.047428,-77.053890,98,2205.5
1132SX_1,-12.047440,-77.054009,99,2218.5
1132SX_1,-12.047448,-77.054082,100,2226.5
1132SX_1,-12.047498,-77.054537,101,2276.3
1132SX_1,-12.047623,-77.055677,102,2401.0
1132SX_1,-12.047765,-77.057110,103,2557.7
1132SX_1,-12.047782,-77.057271,104,2575.3
1132SX_1,-12.047828,-77.057709,105,2623.2
1132SX_1,-12.047953,-77.058885,106,2751.8
1132SX_1,-12.047967,-77.059024,107,2767.0
1132SX_1,-12.047990,-77.059241,108,2790.8
1132SX_1,-12.048001,-77.059347,109,2802.3
1132SX_1,-12.048007,-77.059410,110,2809.2
1132SX_1,-12.048012,-77.059463,111,2815.0
1132SX_1,-12.048024,-77.059599,112,2829.9
1132SX_1,-12.048029,-77.059659,113,2836.4
1132SX_1,-12.048034,-77.059714,114,2842.4
1132SX_1,-12.048124,-77.060637,115,2943.3
1132SX_1,-12.048153,-77.060943,116,2976.7
1132SX_1,-12.048264,-77.062098,117,3102.9
1132SX_1,-12.048282,-77.062300,118,3125.0
1132SX_1,-12.048328,-77.062777,119,3177.1
1132SX_1,-12.048427,-77.063694,120,3277.4
1132SX_1,-12.048490,-77.064318,121,3345.7
1132SX_1,-12.048511,-77.064527,122,3368.5
1132SX_1,-12.048545,-77.064861,123,3405.0
1132SX_1,-12.048553,-77.064939,124,3413.5
1132SX_1,-12.048789,-77.067195,125,3660.3
1132SX_1,-12.048796,-77.067273,126,3668.8
1132SX_1,-12.048985,-77.069130,127,3871.8
1132SX_1,-12.049131,-77.070546,128,4026.7
1132SX_1,-12.049212,-77.071266,129,4105.5
1132SX_1,-12.049224,-77.071378,130,4117.7
1132SX_1,-12.049293,-77.072018,131,4187.7
1132SX_1,-12.049301,-77.072094,132,4196.1
1132SX_1,-12.049315,-77.072224,133,4210.3
1132SX_1,-12.049324,-77.072312,134,4219.9
1132SX_1,-12.049627,-77.075388,135,4556.1
1132SX_1,-12.049621,-77.076061,136,4629.3
1132SX_1,-12.049617,-77.076314,137,4656.8
1132SX_1,-12.049653,-77.076639,138,4692.4
1132SX_1,-12.049713,-77.077112,139,4744.2
1132SX_1,-12.049760,-77.077406,140,4776.6
1132SX_1,-12.049805,-77.077689,141,4807.8
1132SX_1,-12.049846,-77.077902,142,4831.4
1132SX_1,-12.049849,-77.077918,143,4833.2
1132SX_1,-12.049865,-77.078014,144,4843.8
1132SX_1,-12.049911,-77.078286,145,4873.8
1132SX_1,-12.049926,-77.078374,146,4883.5
1132SX_1,-12.049932,-77.078410,147,4887.5
1132SX_1,-12.049965,-77.078608,148,4909.3
1132SX_1,-12.049985,-77.078724,149,4922.1
1132SX_1,-12.050016,-77.078907,150,4942.3
1132SX_1,-12.050035,-77.079022,151,4955.0
1132SX_1,-12.050042,-77.079064,152,4959.6
1132SX_1,-12.050092,-77.079363,153,4992.6
1132SX_1,-12.050210,-77.080055,154,5069.0
1132SX_1,-12.050260,-77.080325,155,5098.9
1132SX_1,-12.050263,-77.080347,156,5101.3
1132SX_1,-12.050335,-77.080541,157,5123.9
1132SX_1,-12.050384,-77.080706,158,5142.6
1132SX_1,-12.050528,-77.081374,159,5217.0
1132SX_1,-12.050601,-77.081634,160,5246.4
1132SX_1,-12.050834,-77.082977,161,5394.8
1132SX_1,-12.051220,-77.085129,162,5632.7
1132SX_1,-12.051243,-77.085260,163,5647.2
1132SX_1,-12.051256,-77.085333,164,5655.2
1132SX_1,-12.051268,-77.085404,165,5663.1
1132SX_1,-12.051425,-77.086302,166,5762.3
1132SX_1,-12.051437,-77.086371,167,5769.9
1132SX_1,-12.051305,-77.086394,168,5784.8
1132SX_1,-12.051220,-77.086410,169,5794.4
1132SX_1,-12.050676,-77.086508,170,5855.8
1132SX_1,-12.050402,-77.086560,171,5886.8
1132SX_1,-12.050254,-77.086595,172,5903.7
1132SX_1,-12.050137,-77.086638,173,5917.5
1132SX_1,-12.050074,-77.086675,174,5925.6
1132SX_1,-12.049983,-77.086728,175,5937.2
1132SX_1,-12.049633,-77.086933,176,5982.1
1132SX_1,-12.049326,-77.087112,177,6021.4
1132SX_1,-12.049142,-77.087215,178,6044.7
1132SX_1,-12.049088,-77.087239,179,6051.2
1132SX_1,-12.049007,-77.087262,180,6060.6
1132SX_1,-12.048961,-77.087270,181,6065.8
1132SX_1,-12.048803,-77.087284,182,6083.4
1132SX_1,-12.048551,-77.087306,183,6111.5
1132SX_1,-12.047794,-77.087352,184,6195.9
1132SX_1,-12.047601,-77.087369,185,6217.4
1132SX_1,-12.047497,-77.087377,186,6229.0
1132SX_1,-12.047411,-77.087383,187,6238.6
1132SX_1,-12.047422,-77.087521,188,6253.6
1132SX_1,-12.047428,-77.087586,189,6260.7
1132SX_1,-12.047468,-77.088044,190,6310.7
1132SX_1,-12.047490,-77.088302,191,6338.9
1132SX_1,-12.047517,-77.088616,192,6373.2
1132SX_1,-12.047533,-77.088812,193,6394.6
1132SX_1,-12.047566,-77.089184,194,6435.2
1132SX_1,-12.047608,-77.089678,195,6489.1
1132SX_1,-12.047723,-77.090913,196,6624.0
1132SX_1,-12.047742,-77.091156,197,6650.5
1132SX_1,-12.047752,-77.091266,198,6662.5
1132SX_1,-12.047772,-77.091496,199,6687.7
1132SX_1,-12.047966,-77.093714,200,6929.8
1132SX_1,-12.047985,-77.093931,201,6953.5
1132SX_1,-12.048032,-77.094470,202,7012.4
1132SX_1,-12.048050,-77.094671,203,7034.3
1132SX_1,-12.048106,-77.095310,204,7104.1
1132SX_1,-12.048135,-77.095642,205,7140.3
1132SX_1,-12.048142,-77.095718,206,7148.6
1132SX_1,-12.048237,-77.096806,207,7267.4
1132SX_1,-12.048259,-77.097050,208,7294.1
1132SX_1,-12.048305,-77.097571,209,7350.9
1132SX_1,-12.048334,-77.097873,210,7383.9
1132SX_1,-12.048362,-77.098165,211,7415.8
1132SX_1,-12.048368,-77.098223,212,7422.2
1132SX_1,-12.048376,-77.098308,213,7431.5
1132SX_1,-12.048275,-77.098315,214,7442.7
1132SX_1,-12.048191,-77.098321,215,7452.1
1132SX_1,-12.046213,-77.098498,216,7672.9
1132SX_1,-12.046064,-77.098512,217,7689.5
1132SX_1,-12.045385,-77.098607,218,7765.7
1132SX_1,-12.045268,-77.098651,219,7779.6
1132SX_1,-12.045231,-77.098684,220,7785.0
1132SX_1,-12.045174,-77.098748,221,7794.5
1132SX_1,-12.045094,-77.098860,222,7809.5
1132SX_1,-12.045010,-77.098943,223,7822.5
1132SX_1,-12.044895,-77.099003,224,7836.9
1132SX_1,-12.044745,-77.099031,225,7853.8
1132SX_1,-12.044672,-77.099027,226,7862.0
1132SX_1,-12.044603,-77.099014,227,7869.8
1132SX_1,-12.044396,-77.098939,228,7894.2
1132SX_1,-12.044325,-77.098922,229,7902.3
1132SX_1,-12.044202,-77.098916,230,7916.0
1132SX_1,-12.043827,-77.098957,231,7957.9
1132SX_1,-12.043484,-77.098984,232,7996.2
1132SX_1,-12.043274,-77.099003,233,8019.6
1132SX_1,-12.042695,-77.099048,234,8084.2
1132SX_1,-12.042600,-77.099054,235,8094.8
1132SX_1,-12.042516,-77.099055,236,8104.1
1132SX_1,-12.042460,-77.099048,237,8110.4
1132SX_1,-12.042396,-77.099037,238,8117.6
1132SX_1,-12.042280,-77.099007,239,8130.9
1132SX_1,-12.042194,-77.098978,240,8141.0
1132SX_1,-12.042104,-77.098946,241,8151.6
1132SX_1,-12.042028,-77.098927,242,8160.3
1132SX_1,-12.041961,-77.098918,243,8167.8
1132SX_1,-12.041887,-77.098924,244,8176.0
1132SX_1,-12.041471,-77.098962,245,8222.5
1132SX_1,-12.041418,-77.098966,246,8228.4
1132SX_1,-12.041225,-77.098983,247,8249.9
1132SX_1,-12.040728,-77.098997,248,8305.2
1132SX_1,-12.040634,-77.099004,249,8315.7
1132SX_1,-12.040136,-77.099077,250,8371.6
1132SX_1,-12.040090,-77.099083,251,8376.8
1132SX_1,-12.039971,-77.099101,252,8390.2
1132SX_1,-12.039327,-77.099164,253,8462.1
1132SX_1,-12.039075,-77.099183,254,8490.2
1132SX_1,-12.038160,-77.099014,255,8593.6
1132SX_1,-12.037904,-77.098997,256,8622.1
1132SX_1,-12.037609,-77.099028,257,8655.1
1132SX_1,-12.037144,-77.099146,258,8708.4
1132SX_1,-12.036604,-77.099088,259,8768.7
1132SX_1,-12.036480,-77.099083,260,8782.5
1132SX_1,-12.036352,-77.099050,261,8797.2
1132SX_1,-12.036309,-77.099050,262,8802.0
1132SX_1,-12.036277,-77.099049,263,8805.6
1132SX_1,-12.036226,-77.099031,264,8811.6
1132SX_1,-12.036169,-77.098996,265,8819.0
1132SX_1,-12.036121,-77.098943,266,8826.8
1132SX_1,-12.036080,-77.098843,267,8838.6
1132SX_1,-12.036046,-77.098606,268,8864.7
1132SX_1,-12.035950,-77.098006,269,8930.8
1132SX_1,-12.035887,-77.097769,270,8957.5
1132SX_1,-12.035830,-77.097637,271,8973.2
1132SX_1,-12.035780,-77.097551,272,8984.1
1132SX_1,-12.035649,-77.097344,273,9010.9
1132SX_1,-12.035587,-77.097266,274,9021.8
1132SX_1,-12.035534,-77.097320,275,9030.1
1132SX_1,-12.035487,-77.097368,276,9037.5
1132SX_1,-12.035653,-77.097580,277,9067.0
1132SX_1,-12.035673,-77.097623,278,9072.2
1132SX_1,-12.035752,-77.097784,279,9091.8
1132SX_1,-12.035834,-77.098067,280,9123.9
1132SX_1,-12.035928,-77.098551,281,9177.6
1132SX_1,-12.035932,-77.098747,282,9198.9
1132SX_1,-12.035870,-77.099202,283,9248.8
1132SX_1,-12.035865,-77.099362,284,9266.3
1132SX_1,-12.035887,-77.099503,285,9281.8
1132SX_1,-12.035938,-77.099613,286,9295.0
1132SX_1,-12.035995,-77.099676,287,9304.4
1132SX_1,-12.036013,-77.099694,288,9307.2
1132SX_1,-12.036105,-77.099754,289,9319.3
1132SX_1,-12.036240,-77.099786,290,9334.7
1132SX_1,-12.036377,-77.099793,291,9349.9
1132SX_1,-12.036484,-77.099783,292,9361.9
1132SX_1,-12.036619,-77.099751,293,9377.3
1132SX_1,-12.036940,-77.099660,294,9414.3
1132SX_1,-12.037080,-77.099647,295,9430.0
1132SX_1,-12.037250,-77.099631,296,9449.0
1132SX_1,-12.037484,-77.099587,297,9475.4
1132SX_1,-12.037611,-77.099549,298,9490.1
1132SX_1,-12.037729,-77.099541,299,9503.3
1132SX_1,-12.037929,-77.099527,300,9525.6
1132SX_1,-12.038349,-77.099483,301,9572.5
1132SX_1,-12.038556,-77.099456,302,9595.7
1132SX_1,-12.039003,-77.099437,303,9645.5
1132SX_1,-12.039086,-77.099430,304,9654.7
1132SX_1,-12.039232,-77.099414,305,9671.1
1132SX_1,-12.039359,-77.099402,306,9685.2
1132SX_1,-12.039998,-77.099344,307,9756.6
1132SX_1,-12.040039,-77.099342,308,9761.1
1132SX_1,-12.040081,-77.099356,309,9766.0
1132SX_1,-12.040115,-77.099373,310,9770.3
1132SX_1,-12.040154,-77.099401,311,9775.6
1132SX_1,-12.040190,-77.099437,312,9781.2
1132SX_1,-12.040222,-77.099483,313,9787.3
1132SX_1,-12.040256,-77.099535,314,9794.1
1132SX_1,-12.040283,-77.099604,315,9802.2
1132SX_1,-12.040428,-77.100026,316,9850.8
1132SX_1,-12.040453,-77.100099,317,9859.2
1132SX_1,-12.040528,-77.100318,318,9884.5
1132SX_1,-12.040609,-77.100481,319,9904.3
1132SX_1,-12.040974,-77.101730,320,10046.1
1132SX_1,-12.041087,-77.102114,321,10089.7
1132SX_1,-12.041128,-77.102264,322,10106.7
1132SX_1,-12.041154,-77.102369,323,10118.4
1132SX_1,-12.041182,-77.102505,324,10133.5
1132SX_1,-12.041211,-77.102686,325,10153.5
1132SX_1,-12.041400,-77.104044,326,10302.7
1132SX_1,-12.041622,-77.105636,327,10477.5
1132SX_1,-12.041602,-77.105912,328,10507.6
1132SX_1,-12.041728,-77.107060,329,10633.3
1132SX_1,-12.041730,-77.107117,330,10639.5
1132SX_1,-12.041720,-77.107166,331,10644.9
1132SX_1,-12.041707,-77.107198,332,10648.7
1132SX_1,-12.041675,-77.107234,333,10654.0
1132SX_1,-12.041642,-77.107255,334,10658.3
1132SX_1,-12.040922,-77.107749,335,10754.7
1132SX_1,-12.040623,-77.107956,336,10794.9
1132SX_1,-12.040576,-77.108002,337,10802.1
1132SX_1,-12.040526,-77.108065,338,10810.9
1132SX_1,-12.040491,-77.108135,339,10819.5
1132SX_1,-12.040474,-77.108217,340,10828.6
1132SX_1,-12.040483,-77.108345,341,10842.5
1132SX_1,-12.040523,-77.108554,342,10865.7
1132SX_1,-12.040554,-77.108813,343,10894.1
1132SX_1,-12.040573,-77.108979,344,10912.2
1132SX_1,-12.040584,-77.109140,345,10929.8
1132SX_1,-12.040583,-77.109268,346,10943.7
1132SX_1,-12.040579,-77.109356,347,10953.3
1132SX_1,-12.040558,-77.109460,348,10964.8
1132SX_1,-12.040487,-77.109809,349,11003.6
1132SX_1,-12.040333,-77.110565,350,11087.6
1132SX_1,-12.040158,-77.111394,351,11179.8
1132SX_1,-12.040122,-77.111565,352,11198.8
1132SX_1,-12.040074,-77.111707,353,11215.2
1132SX_1,-12.040027,-77.111816,354,11228.1
1132SX_1,-12.039974,-77.111906,355,11239.6
1132SX_1,-12.039927,-77.111956,356,11247.1
1132SX_1,-12.039872,-77.111990,357,11254.2
1132SX_1,-12.039806,-77.112018,358,11262.2
1132SX_1,-12.039730,-77.112051,359,11271.4
1132SX_1,-12.039673,-77.112072,360,11278.1
1132SX_1,-12.039615,-77.112108,361,11285.7
1132SX_1,-12.039559,-77.112168,362,11294.7
1132SX_1,-12.039517,-77.112220,363,11302.0
1132SX_1,-12.039468,-77.112296,364,11311.9
1132SX_1,-12.039365,-77.112462,365,11333.3
1132SX_1,-12.039297,-77.112550,366,11345.5
1132SX_1,-12.039186,-77.112645,367,11361.6
1132SX_1,-12.039077,-77.112712,368,11375.7
1132SX_1,-12.038944,-77.112775,369,11392.0
1132SX_1,-12.038767,-77.112810,370,11412.1
1132SX_1,-12.038310,-77.112904,371,11463.9
1132SX_1,-12.038143,-77.112937,372,11482.8
1132SX_1,-12.038052,-77.112952,373,11493.1
1132SX_1,-12.037968,-77.112954,374,11502.4
1132SX_1,-12.037881,-77.112941,375,11512.2
1132SX_1,-12.037789,-77.112916,376,11522.8
1132SX_1,-12.037731,-77.112879,377,11530.4
1132SX_1,-12.037629,-77.112815,378,11543.7
1132SX_1,-12.037577,-77.112764,379,11551.7
1132SX_1,-12.037501,-77.112670,380,11564.9
1132SX_1,-12.037375,-77.112409,381,11596.6
1132SX_1,-12.037337,-77.112330,382,11606.2
1132SX_1,-12.037222,-77.112093,383,11634.9
1132SX_1,-12.037029,-77.111695,384,11683.3
1132SX_1,-12.036947,-77.111560,385,11700.5
1132SX_1,-12.036903,-77.111511,386,11707.8
1132SX_1,-12.036793,-77.111431,387,11722.8
1132SX_1,-12.036687,-77.111374,388,11736.1
1132SX_1,-12.036629,-77.111349,389,11743.1
1132SX_1,-12.036581,-77.111329,390,11748.9
1132SX_1,-12.036469,-77.111320,391,11761.4
1132SX_1,-12.036350,-77.111337,392,11774.7
1132SX_1,-12.036150,-77.111410,393,11798.3
1132SX_1,-12.035989,-77.111505,394,11819.0
1132SX_1,-12.035893,-77.111595,395,11833.5
1132SX_1,-12.035730,-77.111684,396,11854.0
1132SX_1,-12.035433,-77.111845,397,11891.4
1132SX_1,-12.035345,-77.111928,398,11904.7
1132SX_1,-12.035289,-77.111982,399,11913.3
1132SX_1,-12.035189,-77.112050,400,11926.6
1132SX_1,-12.035045,-77.112143,401,11945.6
1132SX_1,-12.034762,-77.112327,402,11982.9
1132SX_1,-12.034408,-77.112538,403,12028.4
1132SX_1,-12.034004,-77.112741,404,12078.5
1132SX_1,-12.033502,-77.112993,405,12140.7
1132SX_1,-12.032949,-77.113262,406,12208.8
1132SX_1,-12.032885,-77.113320,407,12218.3
1132SX_1,-12.032758,-77.113393,408,12234.5
1132SX_1,-12.032719,-77.113422,409,12239.8
1132SX_1,-12.032675,-77.113467,410,12246.8
1132SX_1,-12.032624,-77.113538,411,12256.3
1132SX_1,-12.032589,-77.113617,412,12265.8
1132SX_1,-12.032581,-77.113658,413,12270.3
1132SX_1,-12.032579,-77.113670,414,12271.6
1132SX_1,-12.032569,-77.113715,415,12276.7
1132SX_1,-12.032579,-77.113779,416,12283.7
1132SX_1,-12.032616,-77.113891,417,12296.6
1132SX_1,-12.032672,-77.114004,418,12310.3
1132SX_1,-12.032777,-77.114219,419,12336.5
1132SX_1,-12.032833,-77.114333,420,12350.3
1132SX_1,-12.032989,-77.114652,421,12389.1
1180_0,-11.850103,-77.003643,0,0.0
1180_0,-11.850077,-77.002725,1,99.9
1180_0,-11.850071,-77.002392,2,136.2
1180_0,-11.850263,-77.002377,3,157.6
1180_0,-11.850505,-77.002368,4,184.5
1180_0,-11.850710,-77.002372,5,207.3
1180_0,-11.850873,-77.002388,6,225.5
1180_0,-11.851032,-77.002420,7,243.6
1180_0,-11.851043,-77.002424,8,244.9
1180_0,-11.851201,-77.002471,9,263.2
1180_0,-11.851370,-77.002535,10,283.2
1180_0,-11.852186,-77.002854,11,380.3
1180_0,-11.852365,-77.002924,12,401.7
1180_0,-11.852472,-77.002967,13,414.4
1180_0,-11.852704,-77.003064,14,442.3
1180_0,-11.852907,-77.003150,15,466.7
1180_0,-11.853301,-77.003297,16,513.4
1180_0,-11.853502,-77.003359,17,536.7
1180_0,-11.853748,-77.003427,18,565.1
1180_0,-11.853994,-77.003479,19,593.0
1180_0,-11.854405,-77.003568,20,639.7
1180_0,-11.854744,-77.003642,21,678.3
1180_0,-11.855881,-77.003868,22,807.1
1180_0,-11.855966,-77.003876,23,816.6
1180_0,-11.856068,-77.003861,24,828.0
1180_0,-11.856614,-77.003963,25,889.7
1180_0,-11.857055,-77.004051,26,939.7
1180_0,-11.857473,-77.004136,27,987.1
1180_0,-11.857547,-77.004151,28,995.5
1180_0,-11.857791,-77.004200,29,1023.1
1180_0,-11.857939,-77.004236,30,1040.0
1180_0,-11.858093,-77.004280,31,1057.8
1180_0,-11.858233,-77.004337,32,1074.6
1180_0,-11.858365,-77.004407,33,1091.1
1180_0,-11.858485,-77.004481,34,1106.7
1180_0,-11.858633,-77.004596,35,1127.4
1180_0,-11.858751,-77.004703,36,1144.9
1180_0,-11.858799,-77.004747,37,1152.1
1180_0,-11.859217,-77.005161,38,1216.8
1180_0,-11.859463,-77.005406,39,1255.0
1180_0,-11.859616,-77.005555,40,1278.5
1180_0,-11.859882,-77.005813,41,1319.3
1180_0,-11.860137,-77.006061,42,1358.4
1180_0,-11.860252,-77.006163,43,1375.4
1180_0,-11.860345,-77.006246,44,1389.1
1180_0,-11.860441,-77.006314,45,1402.1
1180_0,-11.860496,-77.006346,46,1409.1
1180_0,-11.860542,-77.006372,47,1415.0
1180_0,-11.860659,-77.006431,48,1429.5
1180_0,-11.860781,-77.006481,49,1444.1
1180_0,-11.861109,-77.006608,50,1483.1
1180_0,-11.861279,-77.006670,51,1503.2
1180_0,-11.861841,-77.006875,52,1569.5
1180_0,-11.862030,-77.006970,53,1593.0
1180_0,-11.862247,-77.007093,54,1620.5
1180_0,-11.862457,-77.007228,55,1648.1
1180_0,-11.862588,-77.007312,56,1665.3
1180_0,-11.863048,-77.007666,57,1729.4
1180_0,-11.863099,-77.007706,58,1736.5
1180_0,-11.863384,-77.007941,59,1777.2
1180_0,-11.863396,-77.007953,60,1779.1
1180_0,-11.863619,-77.008156,61,1812.3
1180_0,-11.864018,-77.008539,62,1873.2
1180_0,-11.864495,-77.009040,63,1949.2
1180_0,-11.864603,-77.009165,64,1967.4
1180_0,-11.864685,-77.009292,65,1983.9
1180_0,-11.864762,-77.009419,66,2000.2
1180_0,-11.864778,-77.009448,67,2003.8
1180_0,-11.864820,-77.009555,68,2016.4
1180_0,-11.865061,-77.010155,69,2087.0
1180_0,-11.865162,-77.010341,70,2110.1
1180_0,-11.865309,-77.010557,71,2138.7
1180_0,-11.865335,-77.010593,72,2143.6
1180_0,-11.865398,-77.010670,73,2154.5
1180_0,-11.865682,-77.011003,74,2202.6
1180_0,-11.865795,-77.011105,75,2219.4
1180_0,-11.865856,-77.011145,76,2227.4
1180_0,-11.865934,-77.011186,77,2237.2
1180_0,-11.866032,-77.011225,78,2248.9
1180_0,-11.866149,-77.011257,79,2262.3
1180_0,-11.866320,-77.011289,80,2281.7
1180_0,-11.866501,-77.011317,81,2302.0
1180_0,-11.866618,-77.011337,82,2315.2
1180_0,-11.866749,-77.011375,83,2330.3
1180_0,-11.866862,-77.011421,84,2343.9
1180_0,-11.866912,-77.011450,85,2350.3
1180_0,-11.866963,-77.011480,86,2356.8
1180_0,-11.867062,-77.011564,87,2371.1
1180_0,-11.867167,-77.011621,88,2384.3
1180_0,-11.867955,-77.012206,89,2492.6
1180_0,-11.868902,-77.012873,90,2620.5
1180_0,-11.869461,-77.013267,91,2696.0
1180_0,-11.869872,-77.013532,92,2750.1
1180_0,-11.870370,-77.013858,93,2815.8
1180_0,-11.870859,-77.014140,94,2878.3
1180_0,-11.871373,-77.014433,95,2943.7
1180_0,-11.872398,-77.015028,96,3074.8
1180_0,-11.872898,-77.015317,97,3138.7
1180_0,-11.873351,-77.015583,98,3196.8
1180_0,-11.873469,-77.015652,99,3211.9
1180_0,-11.873538,-77.015693,100,3220.8
1180_0,-11.873591,-77.015723,101,3227.5
1180_0,-11.874574,-77.016278,102,3352.4
1180_0,-11.875082,-77.016544,103,3415.9
1180_0,-11.875624,-77.016803,104,3482.4
1180_0,-11.876165,-77.017043,105,3548.0
1180_0,-11.876699,-77.017279,106,3612.7
1180_0,-11.876713,-77.017285,107,3614.4
1180_0,-11.877241,-77.017534,108,3679.0
1180_0,-11.877368,-77.017596,109,3694.7
1180_0,-11.877468,-77.017652,110,3707.3
1180_0,-11.877582,-77.017722,111,3722.1
1180_0,-11.877724,-77.017832,112,3741.9
1180_0,-11.877944,-77.018025,113,3774.2
1180_0,-11.878194,-77.018259,114,3811.9
1180_0,-11.878607,-77.018632,115,3873.2
1180_0,-11.878980,-77.018973,116,3928.8
1180_0,-11.879067,-77.019053,117,3941.8
1180_0,-11.879332,-77.019306,118,3982.2
1180_0,-11.879513,-77.019482,119,4009.9
1180_0,-11.879714,-77.019696,120,4042.2
1180_0,-11.879869,-77.019897,121,4070.1
1180_0,-11.879997,-77.020081,122,4094.6
1180_0,-11.880082,-77.020218,123,4112.3
1180_0,-11.880100,-77.020248,124,4116.1
1180_0,-11.880203,-77.020421,125,4138.2
1180_0,-11.880328,-77.020652,126,4166.9
1180_0,-11.880487,-77.021010,127,4209.7
1180_0,-11.880643,-77.021367,128,4252.2
1180_0,-11.880651,-77.021385,129,4254.3
1180_0,-11.880717,-77.021533,130,4272.0
1180_0,-11.880766,-77.021642,131,4285.1
1180_0,-11.881016,-77.022197,132,4351.6
1180_0,-11.881131,-77.022442,133,4381.1
1180_0,-11.881241,-77.022651,134,4407.0
1180_0,-11.881336,-77.022802,135,4426.5
1180_0,-11.881399,-77.022887,136,4438.1
1180_0,-11.881496,-77.023004,137,4454.8
1180_0,-11.881604,-77.023120,138,4472.2
1180_0,-11.881705,-77.023210,139,4487.1
1180_0,-11.881783,-77.023278,140,4498.5
1180_0,-11.881802,-77.023293,141,4501.2
1180_0,-11.881857,-77.023334,142,4508.8
1180_0,-11.881929,-77.023387,143,4518.6
1180_0,-11.882008,-77.023438,144,4529.0
1180_0,-11.882086,-77.023485,145,4539.1
1180_0,-11.882213,-77.023552,146,4555.0
1180_0,-11.882346,-77.023612,147,4571.1
1180_0,-11.882484,-77.023665,148,4587.5
1180_0,-11.882643,-77.023714,149,4606.0
1180_0,-11.882804,-77.023750,150,4624.3
1180_0,-11.882936,-77.023772,151,4639.2
1180_0,-11.883023,-77.023782,152,4648.9
1180_0,-11.883095,-77.023787,153,4657.0
1180_0,-11.883198,-77.023792,154,4668.4
1180_0,-11.883359,-77.023788,155,4686.3
1180_0,-11.883528,-77.023769,156,4705.2
1180_0,-11.884787,-77.023539,157,4847.4
1180_0,-11.885011,-77.023499,158,4872.7
1180_0,-11.885030,-77.023495,159,4874.9
1180_0,-11.885116,-77.023480,160,4884.6
1180_0,-11.885204,-77.023463,161,4894.6
1180_0,-11.885557,-77.023393,162,4934.5
1180_0,-11.885718,-77.023366,163,4952.7
1180_0,-11.885915,-77.023343,164,4974.7
1180_0,-11.885972,-77.023339,165,4981.1
1180_0,-11.886049,-77.023336,166,4989.6
1180_0,-11.886186,-77.023337,167,5004.9
1180_0,-11.886318,-77.023351,168,5019.6
1180_0,-11.886463,-77.023375,169,5036.0
1180_0,-11.886600,-77.023398,170,5051.4
1180_0,-11.886724,-77.023432,171,5065.7
1180_0,-11.886784,-77.023454,172,5072.8
1180_0,-11.886839,-77.023474,173,5079.3
1180_0,-11.886964,-77.023520,174,5094.0
1180_0,-11.887109,-77.023588,175,5111.8
1180_0,-11.887236,-77.023659,176,5127.9
1180_0,-11.887350,-77.023731,177,5142.8
1180_0,-11.887454,-77.023814,178,5157.4
1180_0,-11.887543,-77.023896,179,5170.8
1180_0,-11.887604,-77.023952,180,5179.9
1180_0,-11.887711,-77.024063,181,5196.8
1180_0,-11.888029,-77.024441,182,5251.1
1180_0,-11.888442,-77.024932,183,5321.5
1180_0,-11.888785,-77.025356,184,5381.4
1180_0,-11.889034,-77.025662,185,5424.7
1180_0,-11.889107,-77.025743,186,5436.7
1180_0,-11.889362,-77.026022,187,5478.2
1180_0,-11.889488,-77.026145,188,5497.6
1180_0,-11.889558,-77.026210,189,5508.1
1180_0,-11.889671,-77.026315,190,5525.1
1180_0,-11.889965,-77.026574,191,5568.3
1180_0,-11.889996,-77.026601,192,5572.8
1180_0,-11.890190,-77.026771,193,5601.2
1180_0,-11.890315,-77.026874,194,5619.1
1180_0,-11.890340,-77.026895,195,5622.7
1180_0,-11.890400,-77.026944,196,5631.2
1180_0,-11.890454,-77.026989,197,5638.9
1180_0,-11.890547,-77.027054,198,5651.5
1180_0,-11.891354,-77.027610,199,5759.7
1180_0,-11.891813,-77.027910,200,5820.3
1180_0,-11.892271,-77.028199,201,5880.1
1180_0,-11.892447,-77.028309,202,5903.1
1180_0,-11.892774,-77.028488,203,5944.3
1180_0,-11.893094,-77.028646,204,5983.8
1180_0,-11.893223,-77.028701,205,5999.4
1180_0,-11.893443,-77.028794,206,6025.9
1180_0,-11.893586,-77.028854,207,6043.0
1180_0,-11.893632,-77.028874,208,6048.6
1180_0,-11.893848,-77.028951,209,6074.0
1180_0,-11.894098,-77.029045,210,6103.7
1180_0,-11.894372,-77.029125,211,6135.3
1180_0,-11.895151,-77.029337,212,6225.0
1180_0,-11.895387,-77.029398,213,6252.1
1180_0,-11.895414,-77.029405,214,6255.2
1180_0,-11.896600,-77.029720,215,6391.4
1180_0,-11.897501,-77.029959,216,6494.9
1180_0,-11.898676,-77.030273,217,6630.0
1180_0,-11.898771,-77.030299,218,6640.9
1180_0,-11.898818,-77.030312,219,6646.3
1180_0,-11.899292,-77.030418,220,6700.3
1180_0,-11.899424,-77.030445,221,6715.2
1180_0,-11.899745,-77.030500,222,6751.4
1180_0,-11.899920,-77.030522,223,6771.0
1180_0,-11.900093,-77.030542,224,6790.4
1180_0,-11.900182,-77.030551,225,6800.3
1180_0,-11.900418,-77.030576,226,6826.7
1180_0,-11.900987,-77.030608,227,6890.1
1180_0,-11.901435,-77.030606,228,6939.9
1180_0,-11.901712,-77.030603,229,6970.7
1180_0,-11.902089,-77.030600,230,7012.6
1180_0,-11.902745,-77.030595,231,7085.6
1180_0,-11.902783,-77.030597,232,7089.8
1180_0,-11.902859,-77.030600,233,7098.3
1180_0,-11.903121,-77.030621,234,7127.5
1180_0,-11.903363,-77.030655,235,7154.6
1180_0,-11.903597,-77.030703,236,7181.2
1180_0,-11.903667,-77.030722,237,7189.2
1180_0,-11.903849,-77.030770,238,7210.1
1180_0,-11.904001,-77.030817,239,7227.8
1180_0,-11.904130,-77.030860,240,7242.9
1180_0,-11.904254,-77.030910,241,7257.7
1180_0,-11.904505,-77.031030,242,7288.5
1180_0,-11.905226,-77.031377,243,7377.1
1180_0,-11.905345,-77.031433,244,7391.7
1180_0,-11.905634,-77.031564,245,7426.9
1180_0,-11.906758,-77.032084,246,7564.1
1180_0,-11.906854,-77.032134,247,7576.0
1180_0,-11.906955,-77.032193,248,7589.0
1180_0,-11.906989,-77.032213,249,7593.3
1180_0,-11.907112,-77.032294,250,7609.6
1180_0,-11.907228,-77.032383,251,7625.7
1180_0,-11.907351,-77.032486,252,7643.4
1180_0,-11.907571,-77.032713,253,7678.2
1180_0,-11.907621,-77.032770,254,7686.5
1180_0,-11.907669,-77.032826,255,7694.6
1180_0,-11.907770,-77.032963,256,7713.3
1180_0,-11.907871,-77.033123,257,7734.0
1180_0,-11.907980,-77.033330,258,7759.6
1180_0,-11.908061,-77.033513,259,7781.4
1180_0,-11.908338,-77.034148,260,7857.1
1180_0,-11.908352,-77.034180,261,7860.9
1180_0,-11.908378,-77.034240,262,7868.0
1180_0,-11.908435,-77.034375,263,7884.0
1180_0,-11.908481,-77.034484,264,7896.9
1180_0,-11.908743,-77.035106,265,7970.6
1180_0,-11.908932,-77.035657,266,8034.1
1180_0,-11.908967,-77.035759,267,8045.9
1180_0,-11.908985,-77.035812,268,8052.0
1180_0,-11.908999,-77.035853,269,8056.7
1180_0,-11.909207,-77.036462,270,8126.9
1180_0,-11.909232,-77.036535,271,8135.3
1180_0,-11.909254,-77.036591,272,8141.9
1180_0,-11.909281,-77.036657,273,8149.7
1180_0,-11.909336,-77.036788,274,8165.2
1180_0,-11.909407,-77.036917,275,8181.3
1180_0,-11.909509,-77.037081,276,8202.4
1180_0,-11.909641,-77.037260,277,8226.8
1180_0,-11.909729,-77.037366,278,8241.9
1180_0,-11.909781,-77.037418,279,8250.0
1180_0,-11.909842,-77.037482,280,8259.7
1180_0,-11.909959,-77.037587,281,8277.1
1180_0,-11.910071,-77.037676,282,8292.8
1180_0,-11.910239,-77.037783,283,8314.8
1180_0,-11.910775,-77.038086,284,8383.0
1180_0,-11.911420,-77.038452,285,8465.0
1180_0,-11.911800,-77.038654,286,8512.6
1180_0,-11.912388,-77.038986,287,8587.3
1180_0,-11.912601,-77.039102,288,8614.1
1180_0,-11.912967,-77.039300,289,8660.2
1180_0,-11.913551,-77.039610,290,8733.4
1180_0,-11.913742,-77.039720,291,8757.7
1180_0,-11.913767,-77.039735,292,8761.0
1180_0,-11.913899,-77.039808,293,8777.7
1180_0,-11.914053,-77.039895,294,8797.2
1180_0,-11.914180,-77.039965,295,8813.3
1180_0,-11.914436,-77.040106,296,8845.6
1180_0,-11.914919,-77.040376,297,8906.8
1180_0,-11.914955,-77.040396,298,8911.4
1180_0,-11.915299,-77.040584,299,8954.8
1180_0,-11.915366,-77.040620,300,8963.2
1180_0,-11.915678,-77.040772,301,9001.6
1180_0,-11.915879,-77.040856,302,9025.8
1180_0,-11.915938,-77.040880,303,9032.8
1180_0,-11.915984,-77.040900,304,9038.4
1180_0,-11.916114,-77.040952,305,9053.9
1180_0,-11.916360,-77.041046,306,9083.1
1180_0,-11.916505,-77.041095,307,9100.1
1180_0,-11.916626,-77.041137,308,9114.3
1180_0,-11.916801,-77.041190,309,9134.6
1180_0,-11.917070,-77.041272,310,9165.8
1180_0,-11.917098,-77.041281,311,9169.1
1180_0,-11.917161,-77.041300,312,9176.4
1180_0,-11.917274,-77.041332,313,9189.4
1180_0,-11.917355,-77.041357,314,9198.8
1180_0,-11.917547,-77.041400,315,9220.7
1180_0,-11.917724,-77.041441,316,9240.8
1180_0,-11.918996,-77.041664,317,9384.4
1180_0,-11.919111,-77.041689,318,9397.4
1180_0,-11.920539,-77.041944,319,9558.6
1180_0,-11.920627,-77.041960,320,9568.6
1180_0,-11.920727,-77.041978,321,9579.8
1180_0,-11.921058,-77.042039,322,9617.2
1180_0,-11.921122,-77.042050,323,9624.5
1180_0,-11.921640,-77.042138,324,9682.9
1180_0,-11.922416,-77.042264,325,9770.2
1180_0,-11.922860,-77.042328,326,9820.1
1180_0,-11.923126,-77.042364,327,9849.9
1180_0,-11.923201,-77.042374,328,9858.3
1180_0,-11.923394,-77.042400,329,9880.0
1180_0,-11.923557,-77.042423,330,9898.3
1180_0,-11.924467,-77.042550,331,10000.4
1180_0,-11.924528,-77.042558,332,10007.2
1180_0,-11.924573,-77.042565,333,10012.3
1180_0,-11.924670,-77.042578,334,10023.2
1180_0,-11.924705,-77.042583,335,10027.1
1180_0,-11.924750,-77.042589,336,10032.2
1180_0,-11.924841,-77.042601,337,10042.4
1180_0,-11.924938,-77.042614,338,10053.2
1180_0,-11.925006,-77.042623,339,10060.9
1180_0,-11.925821,-77.042720,340,10152.1
1180_0,-11.925859,-77.042722,341,10156.3
1180_0,-11.926195,-77.042759,342,10193.9
1180_0,-11.926455,-77.042794,343,10223.1
1180_0,-11.926736,-77.042831,344,10254.6
1180_0,-11.927223,-77.042921,345,10309.6
1180_0,-11.927615,-77.043018,346,10354.4
1180_0,-11.928030,-77.043145,347,10402.6
1180_0,-11.928306,-77.043256,348,10435.6
1180_0,-11.928548,-77.043353,349,10464.5
1180_0,-11.928881,-77.043514,350,10505.5
1180_0,-11.929593,-77.043852,351,10592.8
1180_0,-11.929626,-77.043868,352,10596.8
1180_0,-11.929715,-77.043912,353,10607.8
1180_0,-11.929797,-77.043952,354,10617.9
1180_0,-11.929885,-77.043996,355,10628.8
1180_0,-11.930730,-77.044409,356,10733.0
1180_0,-11.931116,-77.044630,357,10782.2
1180_0,-11.931257,-77.044730,358,10801.2
1180_0,-11.931784,-77.045167,359,10876.7
1180_0,-11.932504,-77.045765,360,10979.9
1180_0,-11.933071,-77.046256,361,11062.5
1180_0,-11.933542,-77.046657,362,11130.7
1180_0,-11.933550,-77.046664,363,11131.8
1180_0,-11.933624,-77.046727,364,11142.5
1180_0,-11.933575,-77.046821,365,11154.1
1180_0,-11.933673,-77.046902,366,11168.1
1180_0,-11.933724,-77.046805,367,11180.1
1180_0,-11.933798,-77.046859,368,11190.2
1180_0,-11.935366,-77.047958,369,11401.6
1180_0,-11.936051,-77.048428,370,11493.4
1180_0,-11.936291,-77.048599,371,11525.9
1180_0,-11.936734,-77.048904,372,11585.3
1180_0,-11.936768,-77.048928,373,11589.9
1180_0,-11.937019,-77.049099,374,11623.4
1180_0,-11.937382,-77.049349,375,11672.1
1180_0,-11.937494,-77.049424,376,11687.0
1180_0,-11.937607,-77.049496,377,11701.8
1180_0,-11.937768,-77.049593,378,11722.6
1180_0,-11.937931,-77.049684,379,11743.2
1180_0,-11.938071,-77.049755,380,11760.6
1180_0,-11.938213,-77.049822,381,11778.0
1180_0,-11.938369,-77.049892,382,11796.9
1180_0,-11.938527,-77.049957,383,11815.9
1180_0,-11.938696,-77.050019,384,11835.9
1180_0,-11.938866,-77.050078,385,11855.8
1180_0,-11.939037,-77.050134,386,11875.8
1180_0,-11.939209,-77.050185,387,11895.7
1180_0,-11.939430,-77.050241,388,11921.0
1180_0,-11.939690,-77.050283,389,11950.3
1180_0,-11.939953,-77.050313,390,11979.7
1180_0,-11.940452,-77.050349,391,12035.3
1180_0,-11.940504,-77.050352,392,12041.1
1180_0,-11.940555,-77.050354,393,12046.8
1180_0,-11.940681,-77.050363,394,12060.8
1180_0,-11.940808,-77.050367,395,12075.0
1180_0,-11.940848,-77.050370,396,12079.4
1180_0,-11.940942,-77.050374,397,12089.9
1180_0,-11.941045,-77.050378,398,12101.4
1180_0,-11.941080,-77.050379,399,12105.2
1180_0,-11.941473,-77.050392,400,12149.0
1180_0,-11.941857,-77.050392,401,12191.7
1180_0,-11.942247,-77.050423,402,12235.2
1180_0,-11.942561,-77.050475,403,12270.5
1180_0,-11.943087,-77.050554,404,12329.7
1180_0,-11.943474,-77.050587,405,12372.8
1180_0,-11.943871,-77.050598,406,12417.0
1180_0,-11.944024,-77.050593,407,12434.0
1180_0,-11.944184,-77.050583,408,12451.8
1180_0,-11.944626,-77.050537,409,12501.2
1180_0,-11.945366,-77.050359,410,12585.8
1180_0,-11.945392,-77.050353,411,12588.7
1180_0,-11.946637,-77.050028,412,12731.6
1180_0,-11.946835,-77.049976,413,12754.4
1180_0,-11.947048,-77.049926,414,12778.7
1180_0,-11.947860,-77.049719,415,12871.7
1180_0,-11.948590,-77.049522,416,12955.7
1180_0,-11.948725,-77.049486,417,12971.2
1180_0,-11.948775,-77.049472,418,12976.9
1180_0,-11.948808,-77.049465,419,12980.7
1180_0,-11.949228,-77.049369,420,13028.5
1180_0,-11.949453,-77.049342,421,13053.7
1180_0,-11.949682,-77.049356,422,13079.2
1180_0,-11.949879,-77.049399,423,13101.6
1180_0,-11.950094,-77.049494,424,13127.7
1180_0,-11.950126,-77.049514,425,13131.9
1180_0,-11.950255,-77.049597,426,13148.8
1180_0,-11.950401,-77.049727,427,13170.3
1180_0,-11.951226,-77.050661,428,13307.2
1180_0,-11.951365,-77.050801,429,13328.9
1180_0,-11.951504,-77.050918,430,13349.0
1180_0,-11.951650,-77.051018,431,13368.5
1180_0,-11.951786,-77.051095,432,13385.8
1180_0,-11.951949,-77.051166,433,13405.5
1180_0,-11.952145,-77.051234,434,13428.5
1180_0,-11.952730,-77.051425,435,13496.8
1180_0,-11.952750,-77.051431,436,13499.1
1180_0,-11.952888,-77.051476,437,13515.2
1180_0,-11.953044,-77.051540,438,13533.9
1180_0,-11.954529,-77.052064,439,13708.6
1180_0,-11.957144,-77.052941,440,14014.6
1180_0,-11.958304,-77.053330,441,14150.4
1180_0,-11.959845,-77.053849,442,14330.8
1180_0,-11.959865,-77.053855,443,14333.1
1180_0,-11.960293,-77.054000,444,14383.2
1180_0,-11.962052,-77.054593,445,14589.2
1180_0,-11.962358,-77.054694,446,14624.9
1180_0,-11.962391,-77.054705,447,14628.8
1180_0,-11.965786,-77.055832,448,15025.7
1180_0,-11.965894,-77.055872,449,15038.5
1180_0,-11.965926,-77.055885,450,15042.3
1180_0,-11.966004,-77.055922,451,15051.9
1180_0,-11.966151,-77.056000,452,15070.3
1180_0,-11.966237,-77.056052,453,15081.4
1180_0,-11.968430,-77.057393,454,15365.6
1180_0,-11.968656,-77.057494,455,15393.0
1180_0,-11.968895,-77.057566,456,15420.7
1180_0,-11.969149,-77.057603,457,15449.2
1180_0,-11.969375,-77.057604,458,15474.3
1180_0,-11.970429,-77.057574,459,15591.6
1180_0,-11.971366,-77.057532,460,15695.9
1180_0,-11.971395,-77.057531,461,15699.1
1180_0,-11.971617,-77.057524,462,15723.8
1180_0,-11.971792,-77.057528,463,15743.3
1180_0,-11.972072,-77.057551,464,15774.5
1180_0,-11.972374,-77.057590,465,15808.4
1180_0,-11.972661,-77.057642,466,15840.8
1180_0,-11.972995,-77.057721,467,15878.9
1180_0,-11.973278,-77.057804,468,15911.6
1180_0,-11.973630,-77.057928,469,15953.0
1180_0,-11.973970,-77.058089,470,15994.7
1180_0,-11.974680,-77.058491,471,16084.9
1180_0,-11.975521,-77.059012,472,16194.3
1180_0,-11.975875,-77.059232,473,16240.3
1180_0,-11.976047,-77.059332,474,16262.4
1180_0,-11.976262,-77.059448,475,16289.4
1180_0,-11.976295,-77.059465,476,16293.5
1180_0,-11.976346,-77.059491,477,16299.8
1180_0,-11.976382,-77.059516,478,16304.7
1180_0,-11.976415,-77.059544,479,16309.4
1180_0,-11.976424,-77.059551,480,16310.7
1180_0,-11.976447,-77.059571,481,16314.1
1180_0,-11.976463,-77.059589,482,16316.7
1180_0,-11.976475,-77.059607,483,16319.1
1180_0,-11.976484,-77.059621,484,16320.9
1180_0,-11.976491,-77.059641,485,16323.2
1180_0,-11.976501,-77.059709,486,16330.7
1180_0,-11.976989,-77.059688,487,16385.0
1180_0,-11.977200,-77.059689,488,16408.5
1180_0,-11.977240,-77.059689,489,16412.9
1180_0,-11.977279,-77.059689,490,16417.2
1180_0,-11.977374,-77.059688,491,16427.8
1180_0,-11.977507,-77.059704,492,16442.7
1180_0,-11.977703,-77.059703,493,16464.5
1180_0,-11.978028,-77.059680,494,16500.7
1180_0,-11.978246,-77.059646,495,16525.2
1180_0,-11.978411,-77.059605,496,16544.1
1180_0,-11.978699,-77.059531,497,16577.1
1180_0,-11.978949,-77.059474,498,16605.6
1180_0,-11.979166,-77.059440,499,16630.0
1180_0,-11.979367,-77.059417,500,16652.5
1180_0,-11.979706,-77.059465,501,16690.6
1180_0,-11.979928,-77.059468,502,16715.3
1180_0,-11.980074,-77.059392,503,16733.5
1180_0,-11.980204,-77.059421,504,16748.3
1180_0,-11.980351,-77.059393,505,16764.9
1180_0,-11.980414,-77.059381,506,16772.0
1180_0,-11.980923,-77.059269,507,16829.9
1180_0,-11.981052,-77.059240,508,16844.6
1180_0,-11.981202,-77.059207,509,16861.7
1180_0,-11.981427,-77.059159,510,16887.2
1180_0,-11.981605,-77.059122,511,16907.4
1180_0,-11.981689,-77.059104,512,16917.0
1180_0,-11.981899,-77.059059,513,16940.8
1180_0,-11.982966,-77.058832,514,17062.0
1180_0,-11.982986,-77.058828,515,17064.3
1180_0,-11.983050,-77.058815,516,17071.5
1180_0,-11.983104,-77.058805,517,17077.6
1180_0,-11.983115,-77.058867,518,17084.5
1180_0,-11.983245,-77.058838,519,17099.3
1180_0,-11.983318,-77.058823,520,17107.6
1180_0,-11.983448,-77.058797,521,17122.3
1180_0,-11.983519,-77.058740,522,17132.3
1180_0,-11.983582,-77.058688,523,17141.3
1180_0,-11.983694,-77.058589,524,17157.8
1180_0,-11.983820,-77.058472,525,17176.7
1180_0,-11.983904,-77.058401,526,17188.8
1180_0,-11.983985,-77.058336,527,17200.3
1180_0,-11.984056,-77.058295,528,17209.4
1180_0,-11.984136,-77.058264,529,17218.9
1180_0,-11.984272,-77.058224,530,17234.6
1180_0,-11.985115,-77.058013,531,17331.1
1180_0,-11.985202,-77.057991,532,17341.1
1180_0,-11.985308,-77.057965,533,17353.2
1180_0,-11.985414,-77.057939,534,17365.3
1180_0,-11.987087,-77.057507,535,17557.2
1180_0,-11.987361,-77.057441,536,17588.5
1180_0,-11.987643,-77.057373,537,17620.7
1180_0,-11.987816,-77.057332,538,17640.5
1180_0,-11.988232,-77.057224,539,17688.2
1180_0,-11.988433,-77.057177,540,17711.1
1180_0,-11.988620,-77.057142,541,17732.3
1180_0,-11.988765,-77.057124,542,17748.5
1180_0,-11.988826,-77.057117,543,17755.3
1180_0,-11.988920,-77.057113,544,17765.8
1180_0,-11.988935,-77.057214,545,17776.9
1180_0,-11.988954,-77.057338,546,17790.6
1180_0,-11.989068,-77.058078,547,17872.0
1180_0,-11.989173,-77.058791,548,17950.5
1180_0,-11.989247,-77.059301,549,18006.5
1180_0,-11.989278,-77.059519,550,18030.5
1180_0,-11.989284,-77.059560,551,18035.0
1180_0,-11.989288,-77.059592,552,18038.5
1180_0,-11.989300,-77.059673,553,18047.4
1180_0,-11.989307,-77.059717,554,18052.3
1180_0,-11.989320,-77.059807,555,18062.2
1180_0,-11.989332,-77.059886,556,18070.9
1180_0,-11.989354,-77.060025,557,18086.2
1180_0,-11.989423,-77.060475,558,18135.7
1180_0,-11.989502,-77.060994,559,18192.9
1180_0,-11.989519,-77.061103,560,18204.9
1180_0,-11.989534,-77.061205,561,18216.1
1180_0,-11.989594,-77.061610,562,18260.6
1180_0,-11.989612,-77.061735,563,18274.4
1180_0,-11.989626,-77.061825,564,18284.3
1180_0,-11.989721,-77.062469,565,18355.1
1180_0,-11.989730,-77.062534,566,18362.3
1180_0,-11.989753,-77.062665,567,18376.7
1180_0,-11.989783,-77.062828,568,18394.8
1180_0,-11.989802,-77.062932,569,18406.3
1180_0,-11.989831,-77.063065,570,18421.1
1180_0,-11.989848,-77.063148,571,18430.3
1180_0,-11.989869,-77.063256,572,18442.3
1180_0,-11.989877,-77.063345,573,18452.0
1180_0,-11.989869,-77.063431,574,18461.4
1180_0,-11.989852,-77.063507,575,18469.9
1180_0,-11.989828,-77.063567,576,18477.0
1180_0,-11.989771,-77.063652,577,18488.2
1180_0,-11.989747,-77.063676,578,18491.9
1180_0,-11.989735,-77.063687,579,18493.7
1180_0,-11.989695,-77.063725,580,18499.8
1180_0,-11.989653,-77.063807,581,18509.8
1180_0,-11.989643,-77.063859,582,18515.6
1180_0,-11.989631,-77.063919,583,18522.3
1180_0,-11.989625,-77.064028,584,18534.1
1180_0,-11.989632,-77.064120,585,18544.2
1180_0,-11.989639,-77.064170,586,18549.7
1180_0,-11.989652,-77.064261,587,18559.7
1180_0,-11.989664,-77.064327,588,18567.0
1180_0,-11.989684,-77.064408,589,18576.1
1180_0,-11.989705,-77.064468,590,18583.0
1180_0,-11.989738,-77.064529,591,18590.6
1180_0,-11.989775,-77.064588,592,18598.2
1180_0,-11.989827,-77.064634,593,18605.8
1180_0,-11.989869,-77.064660,594,18611.3
1180_0,-11.989882,-77.064669,595,18613.1
1180_0,-11.989950,-77.064698,596,18621.2
1180_0,-11.990022,-77.064714,597,18629.4
1180_0,-11.990096,-77.064716,598,18637.7
1180_0,-11.990168,-77.064703,599,18645.8
1180_0,-11.990203,-77.064691,600,18649.9
1180_0,-11.990237,-77.064677,601,18654.0
1180_0,-11.990300,-77.064637,602,18662.2
1180_0,-11.990341,-77.064604,603,18668.0
1180_0,-11.990357,-77.064590,604,18670.4
1180_0,-11.990393,-77.064561,605,18675.5
1180_0,-11.990454,-77.064511,606,18684.2
1180_0,-11.990546,-77.064455,607,18696.1
1180_0,-11.990589,-77.064436,608,18701.3
1180_0,-11.990603,-77.064432,609,18702.9
1180_0,-11.990701,-77.064401,610,18714.3
1180_0,-11.990796,-77.064384,611,18725.0
1180_0,-11.990983,-77.064372,612,18745.9
1180_0,-11.991194,-77.064341,613,18769.6
1180_0,-11.991378,-77.064314,614,18790.2
1180_0,-11.992736,-77.064115,615,18942.8
1180_0,-11.992881,-77.064010,616,18962.5
1180_0,-11.993110,-77.063872,617,18992.1
1180_0,-11.993248,-77.063804,618,19009.1
1180_0,-11.993349,-77.063755,619,19021.6
1180_0,-11.993410,-77.063728,620,19028.9
1180_0,-11.993545,-77.063693,621,19044.4
1180_0,-11.993792,-77.063628,622,19072.8
1180_0,-11.993862,-77.063607,623,19080.9
1180_0,-11.993931,-77.063580,624,19089.1
1180_0,-11.993990,-77.063552,625,19096.4
1180_0,-11.994046,-77.063520,626,19103.5
1180_0,-11.994227,-77.063491,627,19123.9
1180_0,-11.996939,-77.063060,628,19429.0
1180_0,-11.997678,-77.062949,629,19512.1
1180_0,-11.998595,-77.062802,630,19615.3
1180_0,-12.000910,-77.062426,631,19876.0
1180_0,-12.001328,-77.062448,632,19922.5
1180_0,-12.002375,-77.062279,633,20040.4
1180_0,-12.002474,-77.062283,634,20051.4
1180_0,-12.002850,-77.062235,635,20093.5
1180_0,-12.002921,-77.062225,636,20101.5
1180_0,-12.003292,-77.062169,637,20143.2
1180_0,-12.003734,-77.062166,638,20192.3
1180_0,-12.003867,-77.062170,639,20207.1
1180_0,-12.003913,-77.062172,640,20212.2
1180_0,-12.003965,-77.062175,641,20218.0
1180_0,-12.004030,-77.062185,642,20225.3
1180_0,-12.004107,-77.062200,643,20234.1
1180_0,-12.004134,-77.062226,644,20238.2
1180_0,-12.004163,-77.062248,645,20242.2
1180_0,-12.004195,-77.062268,646,20246.4
1180_0,-12.004228,-77.062284,647,20250.4
1180_0,-12.004266,-77.062297,648,20254.9
1180_0,-12.004304,-77.062306,649,20259.2
1180_0,-12.004344,-77.062310,650,20263.7
1180_0,-12.004383,-77.062310,651,20268.0
1180_0,-12.004423,-77.062305,652,20272.5
1180_0,-12.004461,-77.062296,653,20276.9
1180_0,-12.004499,-77.062283,654,20281.3
1180_0,-12.004534,-77.062265,655,20285.7
1180_0,-12.004568,-77.062244,656,20290.1
1180_0,-12.004599,-77.062218,657,20294.5
1180_0,-12.004621,-77.062196,658,20298.0
1180_0,-12.004641,-77.062173,659,20301.3
1180_0,-12.004659,-77.062147,660,20304.8
1180_0,-12.004945,-77.062137,661,20336.6
1180_0,-12.005281,-77.062107,662,20374.1
1180_0,-12.006319,-77.061936,663,20491.0
1180_0,-12.006602,-77.061889,664,20522.9
1180_0,-12.007379,-77.061761,665,20610.4
1180_0,-12.007715,-77.061706,666,20648.2
1180_0,-12.007897,-77.061668,667,20668.9
1180_0,-12.008014,-77.061643,668,20682.2
1180_0,-12.008294,-77.061588,669,20713.9
1180_0,-12.008327,-77.061610,670,20718.3
1180_0,-12.008359,-77.061627,671,20722.3
1180_0,-12.008380,-77.061634,672,20724.7
1180_0,-12.008424,-77.061650,673,20729.9
1180_0,-12.008470,-77.061661,674,20735.2
1180_0,-12.008516,-77.061667,675,20740.3
1180_0,-12.008564,-77.061667,676,20745.7
1180_0,-12.008610,-77.061661,677,20750.8
1180_0,-12.008656,-77.061650,678,20756.1
1180_0,-12.008701,-77.061634,679,20761.4
1180_0,-12.008743,-77.061613,680,20766.6
1180_0,-12.008783,-77.061588,681,20771.8
1180_0,-12.008819,-77.061557,682,20777.0
1180_0,-12.008852,-77.061523,683,20782.2
1180_0,-12.008883,-77.061483,684,20787.8
1180_0,-12.008909,-77.061439,685,20793.4
1180_0,-12.009048,-77.061371,686,20810.5
1180_0,-12.009152,-77.061319,687,20823.4
1180_0,-12.009234,-77.061278,688,20833.5
1180_0,-12.009329,-77.061229,689,20845.4
1180_0,-12.009385,-77.061202,690,20852.2
1180_0,-12.009440,-77.061181,691,20858.8
1180_0,-12.009507,-77.061161,692,20866.5
1180_0,-12.009596,-77.061137,693,20876.8
1180_0,-12.010112,-77.061045,694,20935.0
1180_0,-12.011021,-77.060880,695,21037.7
1180_0,-12.011321,-77.060830,696,21071.5
1180_0,-12.011544,-77.060795,697,21096.6
1180_0,-12.011796,-77.060666,698,21127.9
1180_0,-12.012819,-77.060575,699,21242.1
1180_0,-12.015649,-77.060124,700,21560.6
1180_0,-12.017909,-77.059763,701,21814.9
1180_0,-12.018758,-77.059638,702,21910.3
1180_0,-12.020111,-77.059456,703,22062.0
1180_0,-12.021241,-77.059285,704,22189.0
1180_0,-12.022489,-77.059077,705,22329.7
1180_0,-12.022842,-77.059018,706,22369.4
1180_0,-12.023325,-77.058936,707,22423.9
1180_0,-12.023789,-77.058864,708,22476.1
1180_0,-12.024091,-77.058824,709,22509.9
1180_0,-12.024448,-77.058849,710,22549.7
1180_0,-12.024749,-77.058869,711,22583.2
1180_0,-12.025061,-77.058922,712,22618.4
1180_0,-12.025726,-77.058807,713,22693.4
1180_0,-12.025888,-77.058779,714,22711.7
1180_0,-12.025936,-77.058769,715,22717.1
1180_0,-12.026867,-77.058603,716,22822.2
1180_0,-12.027053,-77.058513,717,22845.1
1180_0,-12.027276,-77.058461,718,22870.5
1180_0,-12.027628,-77.058408,719,22910.1
1180_0,-12.027836,-77.058396,720,22933.3
1180_0,-12.027945,-77.058400,721,22945.4
1180_0,-12.028052,-77.058404,722,22957.3
1180_0,-12.028400,-77.058411,723,22996.0
1180_0,-12.028440,-77.058428,724,23000.8
1180_0,-12.028538,-77.058447,725,23011.9
1180_0,-12.028685,-77.058448,726,23028.2
1180_0,-12.028831,-77.058396,727,23045.4
1180_0,-12.028954,-77.058300,728,23062.6
1180_0,-12.029024,-77.058207,729,23075.4
1180_0,-12.029047,-77.058158,730,23081.3
1180_0,-12.029066,-77.058105,731,23087.5
1180_0,-12.029175,-77.057978,732,23105.8
1180_0,-12.029266,-77.057876,733,23120.8
1180_0,-12.029392,-77.057767,734,23139.2
1180_0,-12.029622,-77.057622,735,23169.2
1180_0,-12.030772,-77.056818,736,23324.2
1180_0,-12.031018,-77.056646,737,23357.3
1180_0,-12.031119,-77.056528,738,23374.3
1180_0,-12.031224,-77.056331,739,23398.7
1180_0,-12.031510,-77.056075,740,23441.0
1180_0,-12.031859,-77.055718,741,23495.9
1180_0,-12.031903,-77.055674,742,23502.7
1180_0,-12.032010,-77.055555,743,23520.3
1180_0,-12.032128,-77.055418,744,23540.2
1180_0,-12.032252,-77.055275,745,23561.0
1180_0,-12.032401,-77.055092,746,23586.9
1180_0,-12.032580,-77.054853,747,23619.6
1180_0,-12.032828,-77.054485,748,23668.2
1180_0,-12.033008,-77.054207,749,23704.5
1180_0,-12.033483,-77.053358,750,23810.8
1180_0,-12.033503,-77.053323,751,23815.2
1180_0,-12.033678,-77.052920,752,23863.2
1180_0,-12.033839,-77.052551,753,23907.1
1180_0,-12.034426,-77.051088,754,24079.1
1180_0,-12.034494,-77.050920,755,24098.9
1180_0,-12.034543,-77.050797,756,24113.3
1180_0,-12.034761,-77.050250,757,24177.6
1180_0,-12.034887,-77.049921,758,24216.0
1180_0,-12.035146,-77.049267,759,24292.7
1180_0,-12.035214,-77.049093,760,24313.1
1180_0,-12.035404,-77.048508,761,24380.1
1180_0,-12.035443,-77.048355,762,24397.3
1180_0,-12.035475,-77.048233,763,24411.1
1180_0,-12.035627,-77.047664,764,24475.2
1180_0,-12.035778,-77.047107,765,24538.1
1180_0,-12.035898,-77.046856,766,24568.4
1180_0,-12.035915,-77.046820,767,24572.8
1180_0,-12.036211,-77.046280,768,24640.1
1180_0,-12.037632,-77.044032,769,24931.2
1180_0,-12.037741,-77.043823,770,24957.0
1180_0,-12.037766,-77.043784,771,24962.0
1180_0,-12.037800,-77.043741,772,24968.0
1180_0,-12.037835,-77.043701,773,24973.9
1180_0,-12.037866,-77.043665,774,24979.1
1180_0,-12.037899,-77.043630,775,24984.4
1180_0,-12.037946,-77.043594,776,24990.9
1180_0,-12.038021,-77.043586,777,24999.3
1180_0,-12.038394,-77.043552,778,25040.9
1180_0,-12.039359,-77.043460,779,25148.7
1180_0,-12.040167,-77.043390,780,25238.9
1180_0,-12.040534,-77.043364,781,25279.8
1180_0,-12.040860,-77.043362,782,25316.0
1180_0,-12.042749,-77.043168,783,25527.1
1180_0,-12.043918,-77.043061,784,25657.6
1180_0,-12.043937,-77.043059,785,25659.8
1180_0,-12.044029,-77.043052,786,25670.0
1180_0,-12.044149,-77.043044,787,25683.4
1180_0,-12.044262,-77.043016,788,25696.3
1180_0,-12.045671,-77.042928,789,25853.3
1180_0,-12.047096,-77.042822,790,26012.2
1180_0,-12.047201,-77.042810,791,26023.9
1180_0,-12.047459,-77.042731,792,26053.8
1180_0,-12.048143,-77.042676,793,26130.1
1180_0,-12.049083,-77.042599,794,26235.0
1180_0,-12.049462,-77.042568,795,26277.3
1180_0,-12.049944,-77.042541,796,26331.0
1180_0,-12.050165,-77.042569,797,26355.7
1180_0,-12.050445,-77.042532,798,26387.1
1180_0,-12.050693,-77.042504,799,26414.9
1180_0,-12.050731,-77.042501,800,26419.1
1180_0,-12.050842,-77.042493,801,26431.5
1180_0,-12.050946,-77.042484,802,26443.1
1180_0,-12.051950,-77.042405,803,26555.0
1180_0,-12.052844,-77.042334,804,26654.7
1180_0,-12.052872,-77.042332,805,26657.9
1180_0,-12.053440,-77.042287,806,26721.2
1180_0,-12.054179,-77.042228,807,26803.6
1180_0,-12.054298,-77.042219,808,26816.9
1180_0,-12.054413,-77.042210,809,26829.7
1180_0,-12.054504,-77.042203,810,26839.9
1180_0,-12.054649,-77.042188,811,26856.1
1180_0,-12.055404,-77.042121,812,26940.4
1180_0,-12.055820,-77.042081,813,26986.8
1180_0,-12.056098,-77.042055,814,27017.9
1180_0,-12.056150,-77.042050,815,27023.7
1180_0,-12.056241,-77.042040,816,27033.8
1180_0,-12.056347,-77.042029,817,27045.7
1180_0,-12.056744,-77.041998,818,27090.0
1180_0,-12.057171,-77.041964,819,27137.6
1180_0,-12.057636,-77.041922,820,27189.5
1180_0,-12.057953,-77.041895,821,27224.9
1180_0,-12.057996,-77.041892,822,27229.7
1180_0,-12.058074,-77.041885,823,27238.4
1180_0,-12.058195,-77.041829,824,27253.1
1180_0,-12.058317,-77.041777,825,27267.8
1180_0,-12.059484,-77.041672,826,27398.1
1180_0,-12.059553,-77.041670,827,27405.8
1180_0,-12.059613,-77.041672,828,27412.4
1180_0,-12.059723,-77.041726,829,27426.0
1180_0,-12.059757,-77.041808,830,27435.7
1180_0,-12.059803,-77.041883,831,27445.3
1180_0,-12.059861,-77.041950,832,27455.1
1180_0,-12.059902,-77.041985,833,27461.0
1180_0,-12.059928,-77.042007,834,27464.7
1180_0,-12.060004,-77.042051,835,27474.5
1180_0,-12.060068,-77.042078,836,27482.2
1180_0,-12.060087,-77.042083,837,27484.3
1180_0,-12.060136,-77.042096,838,27490.0
1180_0,-12.060185,-77.042103,839,27495.5
1180_0,-12.060214,-77.042105,840,27498.7
1180_0,-12.060293,-77.042102,841,27507.5
1180_0,-12.060370,-77.042089,842,27516.2
1180_0,-12.060445,-77.042063,843,27525.0
1180_0,-12.060515,-77.042027,844,27533.7
1180_0,-12.060580,-77.041981,845,27542.5
1180_0,-12.060643,-77.041919,846,27552.2
1180_0,-12.060726,-77.041981,847,27563.6
1180_0,-12.062489,-77.043454,848,27816.8
1180_0,-12.062690,-77.043622,849,27845.6
1180_0,-12.062787,-77.043704,850,27859.6
1180_0,-12.064339,-77.044961,851,28079.8
1180_0,-12.065052,-77.045555,852,28182.0
1180_0,-12.065153,-77.045639,853,28196.5
1180_0,-12.065206,-77.045684,854,28204.2
1180_0,-12.065287,-77.045753,855,28215.9
1180_0,-12.065398,-77.045846,856,28231.9
1180_0,-12.066210,-77.046522,857,28348.3
1180_0,-12.067148,-77.047293,858,28482.1
1180_0,-12.067206,-77.047341,859,28490.4
1180_0,-12.067257,-77.047383,860,28497.7
1180_0,-12.068120,-77.048094,861,28620.9
1180_0,-12.068184,-77.048147,862,28630.1
1180_0,-12.068245,-77.048195,863,28638.6
1180_0,-12.068995,-77.048808,864,28745.4
1180_0,-12.069073,-77.048872,865,28756.5
1180_0,-12.069116,-77.048906,866,28762.6
1180_0,-12.069176,-77.048955,867,28771.1
1180_0,-12.069242,-77.049010,868,28780.6
1180_0,-12.070150,-77.049760,869,28910.4
1180_0,-12.071072,-77.050533,870,29042.9
1180_0,-12.071126,-77.050578,871,29050.7
1180_0,-12.071197,-77.050636,872,29060.8
1180_0,-12.071898,-77.051213,873,29160.8
1180_0,-12.072058,-77.051345,874,29183.7
1180_0,-12.072101,-77.051380,875,29189.8
1180_0,-12.072164,-77.051432,876,29198.8
1180_0,-12.073110,-77.052203,877,29333.3
1180_0,-12.074028,-77.052966,878,29464.9
1180_0,-12.074092,-77.053019,879,29474.0
1180_0,-12.074152,-77.053069,880,29482.6
1180_0,-12.074376,-77.053256,881,29514.8
1180_0,-12.074420,-77.053392,882,29530.4
1180_0,-12.074583,-77.053531,883,29554.0
1180_0,-12.074719,-77.053647,884,29573.6
1180_0,-12.074899,-77.053801,885,29599.7
1180_0,-12.074949,-77.053840,886,29606.7
1180_0,-12.075014,-77.053891,887,29615.8
1180_0,-12.075107,-77.053963,888,29628.8
1180_0,-12.075163,-77.054007,889,29636.7
1180_0,-12.075208,-77.054043,890,29643.0
1180_0,-12.076005,-77.054699,891,29756.8
1180_0,-12.076910,-77.055454,892,29886.7
1180_0,-12.076976,-77.055508,893,29896.1
1180_0,-12.077885,-77.056279,894,30027.4
1180_0,-12.077997,-77.056374,895,30043.6
1180_0,-12.078405,-77.056697,896,30100.9
1180_0,-12.078577,-77.056836,897,30125.3
1180_0,-12.078661,-77.056904,898,30137.2
1180_0,-12.078738,-77.056963,899,30147.9
1180_0,-12.079021,-77.057189,900,30187.8
1180_0,-12.079711,-77.057760,901,30286.5
1180_0,-12.080283,-77.058241,902,30368.9
1180_0,-12.080372,-77.058315,903,30381.6
1180_0,-12.080429,-77.058364,904,30389.9
1180_0,-12.080491,-77.058415,905,30398.8
1180_0,-12.080553,-77.058469,906,30407.8
1180_0,-12.080608,-77.058512,907,30415.5
1180_0,-12.080765,-77.058642,908,30438.0
1180_0,-12.080816,-77.058683,909,30445.2
1180_0,-12.081342,-77.059118,910,30520.4
1180_0,-12.082105,-77.059731,911,30628.3
1180_0,-12.082499,-77.060048,912,30684.1
1180_0,-12.082531,-77.060075,913,30688.7
1180_0,-12.082577,-77.060113,914,30695.2
1180_0,-12.082904,-77.060386,915,30742.2
1180_0,-12.083376,-77.060778,916,30809.8
1180_0,-12.083804,-77.061128,917,30870.7
1180_0,-12.084347,-77.061573,918,30948.1
1180_0,-12.084407,-77.061621,919,30956.6
1180_0,-12.084551,-77.061742,920,30977.3
1180_0,-12.084567,-77.061756,921,30979.6
1180_0,-12.084583,-77.061769,922,30981.9
1180_0,-12.084740,-77.061900,923,31004.4
1180_0,-12.085322,-77.062394,924,31088.5
1180_0,-12.085888,-77.062889,925,31171.4
1180_0,-12.086267,-77.063200,926,31225.4
1180_0,-12.086471,-77.063373,927,31254.9
1180_0,-12.086603,-77.063482,928,31273.7
1180_0,-12.087490,-77.064170,929,31397.5
1180_0,-12.087850,-77.064463,930,31448.7
1180_0,-12.088159,-77.064732,931,31493.8
1180_0,-12.088788,-77.065232,932,31582.4
1180_0,-12.089233,-77.065608,933,31646.6
1180_0,-12.089589,-77.065909,934,31697.9
1180_0,-12.089649,-77.065959,935,31706.5
1180_0,-12.089840,-77.066115,936,31733.7
1180_0,-12.089994,-77.066242,937,31755.7
1180_0,-12.090109,-77.066333,938,31771.9
1180_0,-12.090509,-77.066663,939,31829.0
1180_0,-12.091327,-77.067321,940,31944.7
1180_0,-12.091363,-77.067350,941,31949.8
1180_0,-12.092205,-77.068046,942,32070.2
1180_0,-12.092650,-77.068413,943,32133.8
1180_0,-12.093008,-77.068707,944,32184.8
1180_0,-12.093081,-77.068771,945,32195.5
1180_0,-12.093168,-77.068840,946,32207.8
1180_0,-12.093416,-77.069048,947,32243.4
1180_0,-12.093469,-77.069092,948,32251.0
1180_0,-12.093571,-77.069175,949,32265.5
1180_0,-12.093914,-77.069457,950,32314.5
1180_0,-12.093955,-77.069490,951,32320.3
1180_0,-12.094050,-77.069568,952,32333.8
1180_0,-12.094455,-77.069903,953,32391.7
1180_0,-12.094848,-77.070228,954,32447.9
1180_0,-12.095424,-77.070705,955,32530.3
1180_0,-12.095633,-77.070871,956,32559.8
1180_0,-12.095704,-77.070931,957,32570.0
1180_0,-12.095752,-77.070970,958,32576.8
1180_0,-12.096101,-77.071256,959,32626.6
1180_0,-12.096500,-77.071581,960,32683.3
1180_0,-12.096556,-77.071628,961,32691.3
1180_0,-12.096615,-77.071677,962,32699.8
1180_0,-12.096966,-77.071985,963,32751.2
1180_0,-12.097056,-77.072062,964,32764.3
1180_0,-12.097082,-77.071984,965,32773.2
1180_0,-12.097099,-77.071934,966,32779.0
1180_0,-12.097123,-77.071859,967,32787.6
1180_0,-12.097145,-77.071791,968,32795.3
1180_0,-12.097154,-77.071762,969,32798.6
1180_0,-12.097165,-77.071748,970,32800.6
1180_0,-12.097193,-77.071716,971,32805.3
1180_0,-12.097221,-77.071677,972,32810.5
1180_0,-12.097318,-77.071422,973,32840.3
1180_0,-12.097329,-77.071390,974,32844.0
1180_0,-12.097674,-77.070410,975,32957.2
1180_0,-12.097909,-77.069761,976,33032.5
1180_0,-12.098034,-77.069418,977,33072.3
1180_0,-12.098329,-77.068573,978,33169.8
1180_0,-12.098396,-77.068381,979,33192.0
1180_0,-12.098644,-77.067659,980,33275.2
1180_0,-12.099094,-77.066345,981,33426.6
1180_0,-12.099121,-77.066266,982,33435.6
1180_0,-12.099148,-77.066188,983,33444.6
1180_0,-12.099208,-77.066012,984,33464.9
1180_0,-12.099314,-77.065713,985,33499.5
1180_0,-12.099546,-77.065028,986,33578.3
1180_0,-12.099888,-77.064030,987,33693.3
1180_0,-12.099908,-77.063972,988,33700.0
1180_0,-12.100113,-77.063374,989,33768.9
1180_0,-12.100130,-77.063323,990,33774.7
1180_0,-12.100170,-77.063207,991,33788.1
1180_0,-12.100256,-77.063001,992,33812.5
1180_0,-12.100394,-77.062616,993,33857.0
1180_0,-12.100411,-77.062577,994,33861.7
1180_0,-12.100481,-77.062417,995,33880.7
1180_0,-12.100581,-77.062162,996,33910.6
1180_0,-12.100754,-77.061675,997,33966.9
1180_0,-12.100998,-77.060973,998,34047.9
1180_0,-12.101023,-77.060909,999,34055.4
1180_0,-12.101074,-77.060780,1000,34070.6
1180_0,-12.101099,-77.060717,1001,34078.0
1180_0,-12.101121,-77.060652,1002,34085.4
1180_0,-12.101145,-77.060597,1003,34092.0
1180_0,-12.101235,-77.060363,1004,34119.3
1180_0,-12.101386,-77.060080,1005,34154.4
1180_0,-12.101439,-77.059998,1006,34165.1
1180_0,-12.101520,-77.059874,1007,34181.3
1180_0,-12.101696,-77.059616,1008,34215.5
1180_0,-12.101738,-77.059565,1009,34222.7
1180_0,-12.101884,-77.059384,1010,34248.2
1180_0,-12.102141,-77.059135,1011,34287.6
1180_0,-12.102355,-77.058941,1012,34319.4
1180_0,-12.102397,-77.058903,1013,34325.6
1180_0,-12.102728,-77.058601,1014,34375.0
1180_0,-12.102758,-77.058573,1015,34379.5
1180_0,-12.102832,-77.058507,1016,34390.4
1180_0,-12.102905,-77.058440,1017,34401.3
1180_0,-12.103064,-77.058304,1018,34424.4
1180_0,-12.103109,-77.058262,1019,34431.1
1180_0,-12.103135,-77.058238,1020,34435.0
1180_0,-12.103378,-77.058010,1021,34471.7
1180_0,-12.103594,-77.057808,1022,34504.2
1180_0,-12.103725,-77.057686,1023,34523.9
1180_0,-12.103880,-77.057541,1024,34547.3
1180_0,-12.103941,-77.057484,1025,34556.5
1180_0,-12.104085,-77.057349,1026,34578.2
1180_0,-12.104131,-77.057306,1027,34585.1
1180_0,-12.104479,-77.056981,1028,34637.5
1180_0,-12.104944,-77.056546,1029,34707.6
1180_0,-12.105431,-77.056090,1030,34781.0
1180_0,-12.105714,-77.055831,1031,34823.3
1180_0,-12.105742,-77.055805,1032,34827.5
1180_0,-12.106363,-77.055229,1033,34920.7
1180_0,-12.106410,-77.055185,1034,34927.8
1180_0,-12.106497,-77.055105,1035,34940.8
1180_0,-12.106571,-77.055036,1036,34951.9
1180_0,-12.107126,-77.054522,1037,35035.2
1180_0,-12.107174,-77.054477,1038,35042.4
1180_0,-12.107226,-77.054429,1039,35050.2
1180_0,-12.107685,-77.054003,1040,35119.1
1180_0,-12.107717,-77.053974,1041,35123.9
1180_0,-12.107762,-77.053932,1042,35130.6
1180_0,-12.107840,-77.053859,1043,35142.4
1180_0,-12.107883,-77.053820,1044,35148.8
1180_0,-12.108257,-77.053473,1045,35204.9
1180_0,-12.108354,-77.053383,1046,35219.5
1180_0,-12.108502,-77.053244,1047,35241.8
1180_0,-12.108818,-77.052924,1048,35291.3
1180_0,-12.109064,-77.052702,1049,35327.8
1180_0,-12.109487,-77.052291,1050,35392.6
1180_0,-12.109785,-77.051990,1051,35439.2
1180_0,-12.109837,-77.051936,1052,35447.5
1180_0,-12.109866,-77.051906,1053,35452.0
1180_0,-12.110068,-77.051698,1054,35483.9
1180_0,-12.110127,-77.051618,1055,35494.8
1180_0,-12.110305,-77.051405,1056,35525.3
1180_0,-12.110343,-77.051359,1057,35531.8
1180_0,-12.110369,-77.051332,1058,35535.9
1180_0,-12.110470,-77.051227,1059,35552.0
1180_0,-12.110990,-77.050690,1060,35634.1
1180_0,-12.111656,-77.050027,1061,35737.5
1180_0,-12.111706,-77.049978,1062,35745.2
1180_0,-12.112314,-77.049382,1063,35838.8
1180_0,-12.112411,-77.049285,1064,35853.9
1180_0,-12.112583,-77.049118,1065,35880.3
1180_0,-12.113007,-77.048704,1066,35945.5
1180_0,-12.113052,-77.048660,1067,35952.4
1180_0,-12.113074,-77.048670,1068,35955.1
1180_0,-12.113098,-77.048676,1069,35957.8
1180_0,-12.113122,-77.048678,1070,35960.5
1180_0,-12.113146,-77.048676,1071,35963.2
1180_0,-12.113170,-77.048671,1072,35965.9
1180_0,-12.113193,-77.048662,1073,35968.6
1180_0,-12.113215,-77.048649,1074,35971.4
1180_0,-12.113234,-77.048633,1075,35974.2
1180_0,-12.113250,-77.048614,1076,35976.9
1180_0,-12.113267,-77.048587,1077,35980.4
1180_0,-12.113277,-77.048558,1078,35983.7
1180_0,-12.113283,-77.048526,1079,35987.3
1180_0,-12.113282,-77.048495,1080,35990.7
1180_0,-12.113271,-77.048454,1081,35995.3
1180_0,-12.113362,-77.048370,1082,36008.9
1180_0,-12.113568,-77.048166,1083,36040.8
1180_0,-12.113672,-77.048063,1084,36056.9
1180_0,-12.113853,-77.047884,1085,36084.9
1180_0,-12.113920,-77.047818,1086,36095.2
1180_0,-12.113977,-77.047762,1087,36104.0
1180_0,-12.114593,-77.047154,1088,36199.2
1180_0,-12.114642,-77.047101,1089,36207.1
1180_0,-12.114693,-77.047052,1090,36214.9
1180_0,-12.115120,-77.046628,1091,36281.1
1180_0,-12.115279,-77.046471,1092,36305.7
1180_0,-12.115342,-77.046409,1093,36315.4
1180_0,-12.115402,-77.046349,1094,36324.7
1180_0,-12.115618,-77.046134,1095,36358.2
1180_0,-12.115996,-77.045756,1096,36417.0
1180_0,-12.116068,-77.045685,1097,36428.1
1180_0,-12.116105,-77.045649,1098,36433.8
1180_0,-12.116343,-77.045423,1099,36469.9
1180_0,-12.116730,-77.045055,1100,36528.7
1180_0,-12.116790,-77.045000,1101,36537.6
1180_0,-12.116835,-77.044954,1102,36544.7
1180_0,-12.117501,-77.044287,1103,36648.4
1180_0,-12.117780,-77.044016,1104,36691.2
1180_0,-12.118141,-77.043665,1105,36746.5
1180_0,-12.118208,-77.043600,1106,36756.8
1180_0,-12.118644,-77.043192,1107,36822.5
1180_0,-12.118721,-77.043123,1108,36833.9
1180_0,-12.118767,-77.043074,1109,36841.3
1180_0,-12.118804,-77.043034,1110,36847.3
1180_0,-12.118827,-77.043049,1111,36850.3
1180_0,-12.118851,-77.043062,1112,36853.3
1180_0,-12.118876,-77.043072,1113,36856.3
1180_0,-12.118902,-77.043080,1114,36859.3
1180_0,-12.118929,-77.043085,1115,36862.4
1180_0,-12.118953,-77.043087,1116,36865.1
1180_0,-12.118978,-77.043088,1117,36867.8
1180_0,-12.119004,-77.043086,1118,36870.7
1180_0,-12.119031,-77.043081,1119,36873.8
1180_0,-12.119061,-77.043072,1120,36877.3
1180_0,-12.119091,-77.043060,1121,36880.8
1180_0,-12.119119,-77.043045,1122,36884.4
1180_0,-12.119145,-77.043026,1123,36887.9
1180_0,-12.119169,-77.043005,1124,36891.4
1180_0,-12.119191,-77.042981,1125,36895.0
1180_0,-12.119210,-77.042955,1126,36898.5
1180_0,-12.119226,-77.042926,1127,36902.2
1180_0,-12.119239,-77.042896,1128,36905.7
1180_0,-12.119247,-77.042869,1129,36908.8
1180_0,-12.119253,-77.042842,1130,36911.8
1180_0,-12.119256,-77.042813,1131,36915.0
1180_0,-12.119257,-77.042785,1132,36918.0
1180_0,-12.119254,-77.042757,1133,36921.1
1180_0,-12.119250,-77.042729,1134,36924.2
1180_0,-12.119242,-77.042701,1135,36927.3
1180_0,-12.119232,-77.042675,1136,36930.4
1180_0,-12.119220,-77.042650,1137,36933.4
1180_0,-12.119205,-77.042626,1138,36936.5
1180_0,-12.119193,-77.042609,1139,36938.8
1180_0,-12.119174,-77.042588,1140,36941.9
1180_0,-12.119154,-77.042569,1141,36944.9
1180_0,-12.119132,-77.042552,1142,36948.0
1180_0,-12.119109,-77.042537,1143,36951.0
1180_0,-12.119084,-77.042525,1144,36954.1
1180_0,-12.119058,-77.042515,1145,36957.2
1180_0,-12.119068,-77.041682,1146,37047.7
1180_0,-12.119075,-77.041114,1147,37109.5
1180_0,-12.119083,-77.040525,1148,37173.5
1180_0,-12.119084,-77.040407,1149,37186.4
1180_0,-12.119111,-77.040399,1150,37189.5
1180_0,-12.119138,-77.040388,1151,37192.7
1180_0,-12.119163,-77.040375,1152,37195.8
1180_0,-12.119187,-77.040360,1153,37199.0
1180_0,-12.119209,-77.040343,1154,37202.0
1180_0,-12.119230,-77.040323,1155,37205.2
1180_0,-12.119250,-77.040302,1156,37208.4
1180_0,-12.119267,-77.040279,1157,37211.5
1180_0,-12.119282,-77.040255,1158,37214.6
1180_0,-12.119295,-77.040229,1159,37217.8
1180_0,-12.119306,-77.040202,1160,37221.0
1180_0,-12.119314,-77.040175,1161,37224.1
1180_0,-12.119320,-77.040146,1162,37227.3
1180_0,-12.119323,-77.040118,1163,37230.4
1180_0,-12.119323,-77.040097,1164,37232.6
1180_0,-12.119323,-77.040077,1165,37234.8
1180_0,-12.119320,-77.040048,1166,37238.0
1180_0,-12.119314,-77.040019,1167,37241.2
1180_0,-12.119306,-77.039991,1168,37244.4
1180_0,-12.119295,-77.039963,1169,37247.7
1180_0,-12.119282,-77.039937,1170,37250.8
1180_0,-12.119267,-77.039912,1171,37254.0
1180_0,-12.119249,-77.039889,1172,37257.2
1180_0,-12.119230,-77.039868,1173,37260.3
1180_0,-12.119210,-77.039849,1174,37263.4
1180_0,-12.119188,-77.039833,1175,37266.4
1180_0,-12.119165,-77.039818,1176,37269.4
1180_0,-12.119141,-77.039805,1177,37272.4
1180_0,-12.119116,-77.039795,1178,37275.4
1180_0,-12.119090,-77.039787,1179,37278.4
1180_0,-12.119090,-77.039681,1180,37289.9
1180_0,-12.119091,-77.039060,1181,37357.5
1180_0,-12.119091,-77.039018,1182,37362.0
1180_0,-12.119091,-77.038965,1183,37367.8
1180_0,-12.119092,-77.038190,1184,37452.0
1180_0,-12.119092,-77.038109,1185,37460.9
1180_0,-12.119092,-77.037999,1186,37472.8
1180_0,-12.119092,-77.037638,1187,37512.1
1180_0,-12.119093,-77.037300,1188,37548.8
1180_0,-12.119093,-77.037154,1189,37564.7
1180_0,-12.119093,-77.037060,1190,37574.9
1180_0,-12.119100,-77.036896,1191,37592.7
1180_0,-12.119099,-77.036810,1192,37602.1
1180_0,-12.119104,-77.036451,1193,37641.1
1180_0,-12.119111,-77.035922,1194,37698.6
1180_0,-12.119114,-77.035829,1195,37708.8
1180_0,-12.119114,-77.035719,1196,37720.7
1180_0,-12.119118,-77.035383,1197,37757.2
1180_0,-12.119124,-77.034764,1198,37824.5
1180_0,-12.119134,-77.033791,1199,37930.3
1180_0,-12.119134,-77.033739,1200,37936.0
1180_0,-12.119138,-77.033338,1201,37979.6
1180_0,-12.119143,-77.032849,1202,38032.8
1180_0,-12.119152,-77.031990,1203,38126.1
1180_0,-12.119154,-77.031836,1204,38142.9
1180_0,-12.119156,-77.031627,1205,38165.6
1180_0,-12.119158,-77.031441,1206,38185.8
1180_0,-12.119161,-77.031107,1207,38222.1
1180_0,-12.119169,-77.030298,1208,38310.1
1180_0,-12.119174,-77.029840,1209,38359.9
1180_0,-12.119175,-77.029432,1210,38404.3
1180_0,-12.119176,-77.029387,1211,38409.1
1180_0,-12.119180,-77.029341,1212,38414.2
1180_0,-12.119184,-77.029305,1213,38418.1
1180_0,-12.119196,-77.029255,1214,38423.7
1180_0,-12.119219,-77.029259,1215,38426.3
1180_0,-12.119242,-77.029262,1216,38428.9
1180_0,-12.119269,-77.029262,1217,38431.9
1180_0,-12.119296,-77.029260,1218,38434.9
1180_0,-12.119317,-77.029256,1219,38437.3
1180_0,-12.119340,-77.029251,1220,38439.9
1180_0,-12.119369,-77.029243,1221,38443.2
1180_0,-12.119393,-77.029234,1222,38446.1
1180_0,-12.119420,-77.029219,1223,38449.5
1180_0,-12.119436,-77.029209,1224,38451.6
1180_0,-12.119451,-77.029196,1225,38453.7
1180_0,-12.119468,-77.029179,1226,38456.4
1180_0,-12.119481,-77.029162,1227,38458.7
1180_0,-12.119492,-77.029144,1228,38461.0
1180_0,-12.119500,-77.029125,1229,38463.3
1180_0,-12.119506,-77.029101,1230,38466.0
1180_0,-12.119507,-77.029081,1231,38468.2
1180_0,-12.119505,-77.029059,1232,38470.6
1180_0,-12.119500,-77.029041,1233,38472.6
1180_0,-12.119492,-77.029020,1234,38475.1
1180_0,-12.119483,-77.029002,1235,38477.3
1180_0,-12.119469,-77.028984,1236,38479.8
1180_0,-12.119460,-77.028973,1237,38481.3
1180_0,-12.119444,-77.028956,1238,38483.9
1180_0,-12.119425,-77.028940,1239,38486.6
1180_0,-12.119408,-77.028928,1240,38488.9
1180_0,-12.119391,-77.028917,1241,38491.1
1180_0,-12.119370,-77.028906,1242,38493.8
1180_0,-12.119344,-77.028895,1243,38496.9
1180_0,-12.119322,-77.028889,1244,38499.4
1180_0,-12.119298,-77.028882,1245,38502.2
1180_0,-12.119256,-77.028848,1246,38508.2
1180_0,-12.119231,-77.028823,1247,38512.0
1180_0,-12.119207,-77.028796,1248,38516.0
1180_0,-12.119191,-77.028774,1249,38519.0
1180_0,-12.119175,-77.028746,1250,38522.5
1180_0,-12.119165,-77.028715,1251,38526.1
1180_0,-12.119162,-77.028690,1252,38528.8
1180_0,-12.119166,-77.028302,1253,38571.0
1180_0,-12.119168,-77.028200,1254,38582.1
1180_0,-12.119173,-77.027803,1255,38625.3
1180_0,-12.119175,-77.027706,1256,38635.8
1180_0,-12.119176,-77.027613,1257,38645.9
1180_0,-12.119176,-77.027592,1258,38648.2
1180_0,-12.119177,-77.027573,1259,38650.3
1180_0,-12.119175,-77.027515,1260,38656.6
1180_0,-12.119177,-77.027451,1261,38663.5
1180_0,-12.119180,-77.027362,1262,38673.2
1180_0,-12.119180,-77.027313,1263,38678.5
1180_0,-12.119189,-77.026716,1264,38743.5
1180_0,-12.119196,-77.026189,1265,38800.8
1180_0,-12.119197,-77.026111,1266,38809.2
1180_0,-12.119308,-77.026088,1267,38821.8
1180_0,-12.119828,-77.025980,1268,38880.8
1180_0,-12.119922,-77.025958,1269,38891.5
1180_0,-12.120021,-77.025924,1270,38903.2
1180_0,-12.120424,-77.025764,1271,38951.2
1180_0,-12.121283,-77.025457,1272,39052.4
1180_0,-12.121468,-77.025393,1273,39074.1
1180_0,-12.121600,-77.025348,1274,39089.6
1180_0,-12.121666,-77.025330,1275,39097.2
1180_0,-12.121755,-77.025298,1276,39107.7
1180_0,-12.121890,-77.025259,1277,39123.3
1180_0,-12.122015,-77.025223,1278,39137.7
1180_0,-12.122075,-77.025209,1279,39144.6
1180_0,-12.122150,-77.025190,1280,39153.2
1180_0,-12.122287,-77.025151,1281,39169.0
1180_0,-12.122621,-77.025065,1282,39207.3
1180_0,-12.123036,-77.024962,1283,39254.8
1180_0,-12.123349,-77.024892,1284,39290.4
1180_0,-12.123603,-77.024821,1285,39319.7
1180_0,-12.123639,-77.024811,1286,39323.8
1180_0,-12.123685,-77.024800,1287,39329.1
1180_0,-12.123737,-77.024789,1288,39335.0
1180_0,-12.123949,-77.024739,1289,39359.2
1180_0,-12.124120,-77.024700,1290,39378.6
1180_0,-12.124336,-77.024653,1291,39403.2
1180_0,-12.125181,-77.024467,1292,39499.3
1180_0,-12.125238,-77.024457,1293,39505.7
1180_0,-12.125346,-77.024440,1294,39517.9
1180_0,-12.125352,-77.024405,1295,39521.7
1180_0,-12.125431,-77.023940,1296,39573.1
1180_0,-12.125440,-77.023877,1297,39580.0
1180_0,-12.125453,-77.023790,1298,39589.5
1180_0,-12.125475,-77.023651,1299,39604.9
1180_0,-12.125529,-77.023292,1300,39644.3
1180_0,-12.125544,-77.023194,1301,39655.1
1180_0,-12.125562,-77.023080,1302,39667.7
1180_0,-12.125592,-77.022895,1303,39688.1
1180_0,-12.125745,-77.021950,1304,39792.2
1180_0,-12.125871,-77.021080,1305,39887.8
1180_0,-12.126002,-77.020257,1306,39978.5
1180_0,-12.126204,-77.018951,1307,40122.2
1180_0,-12.126317,-77.018221,1308,40202.6
1180_0,-12.126329,-77.018114,1309,40214.3
1180_0,-12.126351,-77.017963,1310,40230.9
1180_0,-12.126448,-77.017298,1311,40304.0
1180_0,-12.126624,-77.016210,1312,40423.8
1180_0,-12.126726,-77.015564,1313,40495.0
1180_0,-12.126872,-77.014638,1314,40597.0
1180_0,-12.126909,-77.014383,1315,40625.0
1180_0,-12.126961,-77.014027,1316,40664.1
1180_0,-12.126996,-77.013813,1317,40687.7
1180_0,-12.127030,-77.013612,1318,40709.9
1180_0,-12.127114,-77.013055,1319,40771.1
1180_0,-12.127129,-77.012964,1320,40781.2
1180_0,-12.127151,-77.012825,1321,40796.5
1180_0,-12.127162,-77.012753,1322,40804.4
1180_0,-12.127302,-77.011857,1323,40903.1
1180_0,-12.127349,-77.011559,1324,40935.9
1180_0,-12.127478,-77.010730,1325,41027.1
1180_0,-12.127498,-77.010604,1326,41041.0
1180_0,-12.127522,-77.010448,1327,41058.2
1180_0,-12.127532,-77.010387,1328,41064.9
1180_0,-12.127568,-77.010153,1329,41090.6
1180_0,-12.127642,-77.009684,1330,41142.3
1180_0,-12.127654,-77.009604,1331,41151.1
1180_0,-12.127672,-77.009474,1332,41165.4
1180_0,-12.127682,-77.009405,1333,41173.0
1180_0,-12.127762,-77.008891,1334,41229.5
1180_0,-12.127780,-77.008778,1335,41242.0
1180_0,-12.127930,-77.007829,1336,41346.5
1180_0,-12.127961,-77.007630,1337,41368.4
1180_0,-12.128130,-77.006619,1338,41479.9
1180_0,-12.128138,-77.006569,1339,41485.4
1180_0,-12.128270,-77.005719,1340,41579.0
1180_0,-12.128350,-77.005201,1341,41636.0
1180_0,-12.128354,-77.005175,1342,41638.8
1180_0,-12.128552,-77.003986,1343,41770.0
1180_0,-12.128561,-77.003933,1344,41775.8
1180_0,-12.128588,-77.003773,1345,41793.5
1180_0,-12.128634,-77.003497,1346,41823.9
1180_0,-12.128824,-77.002177,1347,41968.9
1180_0,-12.128874,-77.001886,1348,42001.1
1180_0,-12.128894,-77.001806,1349,42010.0
1180_0,-12.128931,-77.001716,1350,42020.7
1180_0,-12.128945,-77.001679,1351,42025.0
1180_0,-12.128981,-77.001621,1352,42032.4
1180_0,-12.129004,-77.001589,1353,42036.8
1180_0,-12.129041,-77.001540,1354,42043.5
1180_0,-12.129138,-77.001484,1355,42055.9
1180_0,-12.129161,-77.001463,1356,42059.3
1180_0,-12.129221,-77.001408,1357,42068.3
1180_0,-12.129284,-77.001320,1358,42080.1
1180_0,-12.129327,-77.001220,1359,42092.0
1180_0,-12.129349,-77.001113,1360,42103.9
1180_0,-12.129351,-77.001033,1361,42112.6
1180_0,-12.129341,-77.000953,1362,42121.4
1180_0,-12.129299,-77.000827,1363,42135.8
1180_0,-12.129227,-77.000716,1364,42150.3
1180_0,-12.129130,-77.000627,1365,42164.8
1180_0,-12.129047,-77.000580,1366,42175.3
1180_0,-12.129002,-77.000565,1367,42180.6
1180_0,-12.128957,-77.000549,1368,42185.9
1180_0,-12.128939,-77.000526,1369,42189.1
1180_0,-12.128925,-77.000504,1370,42192.0
1180_0,-12.128911,-77.000477,1371,42195.3
1180_0,-12.128902,-77.000451,1372,42198.3
1180_0,-12.128896,-77.000264,1373,42218.6
1180_0,-12.128894,-77.000231,1374,42222.2
1180_0,-12.128872,-76.999754,1375,42274.1
1180_0,-12.128819,-76.998779,1376,42380.3
1180_0,-12.128796,-76.998356,1377,42426.3
1180_0,-12.128732,-76.998221,1378,42442.7
1180_0,-12.128725,-76.998073,1379,42458.8
1180_0,-12.128697,-76.997649,1380,42505.0
1180_0,-12.128659,-76.997178,1381,42556.3
1180_0,-12.128573,-76.996151,1382,42668.4
1180_0,-12.128572,-76.996139,1383,42669.7
1180_0,-12.128565,-76.996054,1384,42679.0
1180_0,-12.128559,-76.995974,1385,42687.7
1180_0,-12.128558,-76.995965,1386,42688.7
1180_0,-12.128477,-76.995040,1387,42789.7
1180_0,-12.128434,-76.994544,1388,42843.8
1180_0,-12.128393,-76.994022,1389,42900.7
1180_0,-12.128370,-76.993678,1390,42938.2
1180_0,-12.128329,-76.992960,1391,43016.4
1180_0,-12.128326,-76.992895,1392,43023.5
1180_0,-12.128314,-76.992760,1393,43038.2
1180_0,-12.128277,-76.992427,1394,43074.6
1180_0,-12.128274,-76.992399,1395,43077.7
1180_0,-12.128270,-76.992355,1396,43082.5
1180_0,-12.128233,-76.991908,1397,43131.3
1180_0,-12.128226,-76.991821,1398,43140.8
1180_0,-12.128209,-76.991596,1399,43165.3
1180_0,-12.128207,-76.991556,1400,43169.6
1180_0,-12.128183,-76.991221,1401,43206.2
1180_0,-12.128097,-76.990193,1402,43318.3
1180_0,-12.128082,-76.990006,1403,43338.7
1180_0,-12.128079,-76.989962,1404,43343.5
1180_0,-12.127963,-76.988575,1405,43494.9
1180_0,-12.127959,-76.988532,1406,43499.6
1180_0,-12.127942,-76.988318,1407,43522.9
1180_0,-12.127910,-76.987930,1408,43565.2
1180_0,-12.127909,-76.987872,1409,43571.5
1180_0,-12.127902,-76.987714,1410,43588.7
1180_0,-12.127897,-76.987527,1411,43609.1
1180_0,-12.127910,-76.987382,1412,43624.9
1180_0,-12.127912,-76.987331,1413,43630.4
1180_0,-12.127981,-76.986929,1414,43674.8
1180_0,-12.128175,-76.986337,1415,43742.7
1180_0,-12.128393,-76.985743,1416,43811.7
1180_0,-12.128603,-76.985169,1417,43878.3
1180_0,-12.129032,-76.984025,1418,44011.5
1180_0,-12.129054,-76.983965,1419,44018.5
1180_0,-12.129254,-76.983443,1420,44079.4
1180_0,-12.129379,-76.983097,1421,44119.5
1180_0,-12.129394,-76.983055,1422,44124.4
1180_0,-12.129599,-76.982509,1423,44188.0
1180_0,-12.129811,-76.981908,1424,44257.4
1180_0,-12.129847,-76.981811,1425,44268.7
1180_0,-12.129882,-76.981716,1426,44279.7
1180_0,-12.129962,-76.981499,1427,44304.9
1180_0,-12.129970,-76.981478,1428,44307.4
1180_0,-12.130029,-76.981320,1429,44325.8
1180_0,-12.130343,-76.980479,1430,44423.6
1180_0,-12.130401,-76.980329,1431,44441.2
1180_0,-12.130543,-76.979961,1432,44484.2
1180_0,-12.130615,-76.979773,1433,44506.1
1180_0,-12.130634,-76.979725,1434,44511.8
1180_0,-12.130889,-76.979064,1435,44589.0
1180_0,-12.131022,-76.978709,1436,44630.3
1180_0,-12.131044,-76.978648,1437,44637.4
1180_0,-12.131068,-76.978591,1438,44644.2
1180_0,-12.131092,-76.978527,1439,44651.6
1180_0,-12.131225,-76.978180,1440,44692.1
1180_0,-12.131285,-76.978025,1441,44710.3
1180_0,-12.131297,-76.977991,1442,44714.2
1180_0,-12.131320,-76.977925,1443,44721.8
1180_0,-12.131333,-76.977882,1444,44726.7
1180_0,-12.131396,-76.977689,1445,44748.8
1180_0,-12.131418,-76.977313,1446,44789.8
1180_0,-12.131422,-76.977266,1447,44794.9
1180_0,-12.131417,-76.977155,1448,44807.0
1180_0,-12.131412,-76.977053,1449,44818.1
1180_0,-12.131408,-76.976965,1450,44827.7
1180_0,-12.131402,-76.976837,1451,44841.6
1180_0,-12.131399,-76.976774,1452,44848.4
1180_0,-12.131500,-76.976769,1453,44859.7
1180_0,-12.131512,-76.976768,1454,44861.0
1180_0,-12.131550,-76.976766,1455,44865.3
1180_0,-12.131822,-76.976759,1456,44895.5
1180_0,-12.132843,-76.976719,1457,45009.1
1180_0,-12.133186,-76.976674,1458,45047.6
1180_0,-12.134181,-76.976636,1459,45158.3
1180_0,-12.134471,-76.976589,1460,45190.9
1180_0,-12.134885,-76.976458,1461,45239.1
1180_0,-12.135473,-76.976247,1462,45308.4
1180_0,-12.135673,-76.976174,1463,45332.0
1180_0,-12.136237,-76.975954,1464,45399.1
1180_0,-12.137050,-76.975635,1465,45496.0
1180_0,-12.137367,-76.975487,1466,45534.7
1180_0,-12.137695,-76.975333,1467,45574.9
1180_0,-12.138052,-76.975175,1468,45618.1
1180_0,-12.138372,-76.975065,1469,45655.6
1180_0,-12.138477,-76.975035,1470,45667.8
1180_0,-12.138698,-76.974983,1471,45693.0
1180_0,-12.138941,-76.974948,1472,45720.3
1180_0,-12.139109,-76.974929,1473,45739.1
1180_0,-12.139328,-76.974916,1474,45763.5
1180_0,-12.139692,-76.974916,1475,45803.9
1180_0,-12.140140,-76.974958,1476,45854.0
1180_0,-12.140529,-76.975014,1477,45897.6
1180_0,-12.140600,-76.975024,1478,45905.6
1180_0,-12.140763,-76.975033,1479,45923.8
1180_0,-12.140910,-76.975006,1480,45940.4
1180_0,-12.141383,-76.974830,1481,45996.3
1180_0,-12.141601,-76.974748,1482,46022.2
1180_0,-12.141708,-76.974708,1483,46034.8
1180_0,-12.141783,-76.974680,1484,46043.7
1180_0,-12.142172,-76.974539,1485,46089.6
1180_0,-12.142476,-76.974424,1486,46125.6
1180_0,-12.142890,-76.974267,1487,46174.7
1180_0,-12.143123,-76.974166,1488,46202.9
1180_0,-12.143273,-76.974075,1489,46222.3
1180_0,-12.143516,-76.973918,1490,46254.2
1180_0,-12.143662,-76.973833,1491,46272.9
1180_0,-12.143775,-76.973731,1492,46289.7
1180_0,-12.143832,-76.973679,1493,46298.2
1180_0,-12.144123,-76.973416,1494,46341.3
1180_0,-12.144449,-76.973117,1495,46390.0
1180_0,-12.144490,-76.973079,1496,46396.2
1180_0,-12.144546,-76.973028,1497,46404.5
1180_0,-12.144619,-76.972962,1498,46415.3
1180_0,-12.145154,-76.972480,1499,46494.6
1180_0,-12.145436,-76.972217,1500,46537.0
1180_0,-12.145517,-76.972143,1501,46549.1
1180_0,-12.145582,-76.972083,1502,46558.9
1180_0,-12.145856,-76.971829,1503,46600.0
1180_0,-12.145890,-76.971797,1504,46605.1
1180_0,-12.146184,-76.971529,1505,46648.9
1180_0,-12.146205,-76.971510,1506,46652.0
1180_0,-12.146581,-76.971171,1507,46707.8
1180_0,-12.146626,-76.971130,1508,46714.5
1180_0,-12.146701,-76.971060,1509,46725.7
1180_0,-12.146909,-76.970879,1510,46756.1
1180_0,-12.147333,-76.970508,1511,46818.2
1180_0,-12.147428,-76.970425,1512,46832.0
1180_0,-12.147490,-76.970368,1513,46841.3
1180_0,-12.147727,-76.970152,1514,46876.6
1180_0,-12.147804,-76.970082,1515,46888.1
1180_0,-12.147827,-76.970060,1516,46891.6
1180_0,-12.148213,-76.969718,1517,46948.3
1180_0,-12.148239,-76.969695,1518,46952.2
1180_0,-12.148286,-76.969650,1519,46959.3
1180_0,-12.148365,-76.969572,1520,46971.5
1180_0,-12.148105,-76.969263,1521,47015.9
1180_0,-12.147767,-76.968861,1522,47073.5
1180_0,-12.147437,-76.968468,1523,47129.8
1180_0,-12.146792,-76.967726,1524,47237.7
1180_0,-12.146106,-76.966961,1525,47350.6
1180_0,-12.145985,-76.966836,1526,47369.7
1180_0,-12.145619,-76.966465,1527,47427.0
1180_0,-12.145224,-76.966061,1528,47489.1
1180_0,-12.144940,-76.965766,1529,47534.1
1180_0,-12.144822,-76.965649,1530,47552.4
1180_0,-12.144221,-76.965073,1531,47644.0
1180_0,-12.144008,-76.964901,1532,47674.2
1180_0,-12.143800,-76.964751,1533,47702.5
1180_0,-12.143389,-76.964512,1534,47755.0
1180_0,-12.142784,-76.964236,1535,47828.7
1180_0,-12.142633,-76.964171,1536,47846.9
1180_0,-12.142297,-76.964031,1537,47887.2
1180_0,-12.141866,-76.963851,1538,47939.0
1180_0,-12.141447,-76.963676,1539,47989.3
1180_0,-12.141268,-76.963586,1540,48011.5
1180_0,-12.140356,-76.962840,1541,48141.4
1180_0,-12.140312,-76.962804,1542,48147.6
1180_0,-12.139990,-76.962545,1543,48193.2
1180_0,-12.139624,-76.962251,1544,48244.9
1180_0,-12.138872,-76.961645,1545,48351.4
1180_0,-12.138104,-76.961026,1546,48460.1
1180_0,-12.137357,-76.960419,1547,48566.2
1180_0,-12.136640,-76.959855,1548,48666.8
1180_0,-12.136601,-76.959823,1549,48672.3
1180_0,-12.135757,-76.959144,1550,48791.7
1180_0,-12.134913,-76.958466,1551,48911.0
1180_0,-12.133921,-76.957654,1552,49052.3
1180_0,-12.132854,-76.956794,1553,49203.4
1180_0,-12.132760,-76.956720,1554,49216.6
1180_0,-12.132008,-76.956128,1555,49322.1
1180_0,-12.131857,-76.955976,1556,49345.6
1180_0,-12.131755,-76.955842,1557,49364.1
1180_0,-12.131577,-76.955571,1558,49399.6
1180_0,-12.131502,-76.955458,1559,49414.4
1180_0,-12.131415,-76.955286,1560,49435.5
1180_0,-12.131368,-76.955114,1561,49454.9
1180_0,-12.131366,-76.955007,1562,49466.5
1180_0,-12.131387,-76.954897,1563,49478.7
1180_0,-12.131427,-76.954776,1564,49492.6
1180_1,-12.125531,-76.950866,0,0.0
1180_1,-12.125693,-76.950991,1,22.6
1180_1,-12.126094,-76.951285,2,77.4
1180_1,-12.126217,-76.951374,3,94.2
1180_1,-12.126413,-76.951482,4,118.9
1180_1,-12.126667,-76.951609,5,150.4
1180_1,-12.126839,-76.951697,6,171.8
1180_1,-12.127131,-76.951842,7,207.9
1180_1,-12.127353,-76.951955,8,235.4
1180_1,-12.127440,-76.952000,9,246.3
1180_1,-12.127643,-76.952108,10,271.7
1180_1,-12.127678,-76.952126,11,276.1
1180_1,-12.128007,-76.952300,12,317.2
1180_1,-12.128237,-76.952428,13,346.4
1180_1,-12.128752,-76.952809,14,417.0
1180_1,-12.128994,-76.952989,15,450.3
1180_1,-12.129324,-76.953230,16,495.4
1180_1,-12.129427,-76.953291,17,508.6
1180_1,-12.129529,-76.953348,18,521.6
1180_1,-12.129625,-76.953397,19,533.5
1180_1,-12.130255,-76.953719,20,611.8
1180_1,-12.130346,-76.953775,21,623.6
1180_1,-12.130472,-76.953886,22,642.1
1180_1,-12.130532,-76.953940,23,651.0
1180_1,-12.130923,-76.954289,24,708.7
1180_1,-12.130962,-76.954323,25,714.4
1180_1,-12.131235,-76.954556,26,753.9
1180_1,-12.131444,-76.954725,27,783.5
1180_1,-12.131387,-76.954897,28,803.3
1180_1,-12.131366,-76.955007,29,815.5
1180_1,-12.131368,-76.955114,30,827.1
1180_1,-12.131415,-76.955286,31,846.5
1180_1,-12.131502,-76.955458,32,867.6
1180_1,-12.131577,-76.955571,33,882.4
1180_1,-12.131755,-76.955842,34,917.9
1180_1,-12.131857,-76.955976,35,936.4
1180_1,-12.132008,-76.956128,36,959.9
1180_1,-12.132760,-76.956720,37,1065.5
1180_1,-12.132854,-76.956794,38,1078.6
1180_1,-12.132795,-76.956897,39,1091.6
1180_1,-12.133836,-76.957746,40,1239.7
1180_1,-12.134851,-76.958554,41,1382.7
1180_1,-12.135687,-76.959227,42,1501.0
1180_1,-12.136543,-76.959909,43,1621.6
1180_1,-12.136667,-76.960010,44,1639.3
1180_1,-12.137288,-76.960513,45,1727.3
1180_1,-12.138033,-76.961115,46,1832.9
1180_1,-12.138801,-76.961732,47,1941.5
1180_1,-12.139560,-76.962332,48,2048.2
1180_1,-12.139854,-76.962563,49,2089.4
1180_1,-12.140166,-76.962809,50,2133.2
1180_1,-12.140264,-76.962887,51,2147.0
1180_1,-12.140297,-76.962915,52,2151.8
1180_1,-12.140909,-76.963401,53,2237.9
1180_1,-12.141214,-76.963659,54,2281.9
1180_1,-12.141294,-76.963710,55,2292.4
1180_1,-12.141387,-76.963756,56,2303.9
1180_1,-12.141821,-76.963943,57,2356.3
1180_1,-12.142000,-76.964017,58,2377.7
1180_1,-12.142377,-76.964173,59,2422.9
1180_1,-12.142736,-76.964318,60,2465.9
1180_1,-12.143162,-76.964506,61,2517.5
1180_1,-12.143342,-76.964595,62,2539.7
1180_1,-12.143561,-76.964721,63,2567.6
1180_1,-12.143740,-76.964836,64,2591.1
1180_1,-12.144029,-76.965056,65,2631.2
1180_1,-12.144298,-76.965301,66,2671.2
1180_1,-12.144573,-76.965558,67,2712.7
1180_1,-12.144872,-76.965834,68,2757.4
1180_1,-12.145553,-76.966528,69,2864.3
1180_1,-12.145745,-76.966727,70,2894.7
1180_1,-12.146033,-76.967031,71,2940.7
1180_1,-12.146172,-76.967188,72,2963.8
1180_1,-12.146689,-76.967774,73,3049.6
1180_1,-12.146711,-76.967798,74,3053.1
1180_1,-12.147355,-76.968540,75,3161.0
1180_1,-12.148029,-76.969329,76,3274.9
1180_1,-12.147938,-76.969410,77,3288.3
1180_1,-12.147539,-76.969768,78,3347.3
1180_1,-12.147457,-76.969841,79,3359.4
1180_1,-12.147217,-76.970052,80,3394.6
1180_1,-12.147155,-76.970107,81,3403.7
1180_1,-12.147021,-76.970229,82,3423.7
1180_1,-12.146807,-76.970424,83,3455.6
1180_1,-12.146497,-76.970711,84,3502.0
1180_1,-12.146439,-76.970764,85,3510.7
1180_1,-12.146369,-76.970829,86,3521.2
1180_1,-12.146329,-76.970866,87,3527.2
1180_1,-12.145313,-76.971778,88,3677.5
1180_1,-12.145251,-76.971834,89,3686.7
1180_1,-12.145177,-76.971902,90,3697.8
1180_1,-12.144360,-76.972662,91,3820.6
1180_1,-12.144292,-76.972725,92,3830.8
1180_1,-12.144223,-76.972788,93,3841.0
1180_1,-12.143580,-76.973374,94,3936.8
1180_1,-12.143520,-76.973429,95,3945.8
1180_1,-12.143456,-76.973487,96,3955.3
1180_1,-12.143042,-76.973857,97,4016.4
1180_1,-12.142810,-76.974049,98,4049.6
1180_1,-12.142707,-76.974117,99,4063.2
1180_1,-12.142679,-76.974136,100,4067.0
1180_1,-12.142517,-76.974218,101,4087.1
1180_1,-12.142443,-76.974256,102,4096.3
1180_1,-12.142124,-76.974391,103,4134.7
1180_1,-12.141738,-76.974554,104,4181.1
1180_1,-12.141663,-76.974587,105,4190.2
1180_1,-12.141196,-76.974796,106,4246.8
1180_1,-12.141036,-76.974858,107,4265.9
1180_1,-12.140882,-76.974907,108,4283.8
1180_1,-12.140808,-76.974923,109,4292.2
1180_1,-12.140723,-76.974929,110,4301.7
1180_1,-12.140596,-76.974921,111,4315.8
1180_1,-12.140137,-76.974861,112,4367.3
1180_1,-12.139659,-76.974806,113,4420.8
1180_1,-12.139482,-76.974795,114,4440.5
1180_1,-12.139271,-76.974792,115,4464.0
1180_1,-12.139031,-76.974807,116,4490.7
1180_1,-12.138741,-76.974847,117,4523.2
1180_1,-12.138606,-76.974868,118,4538.4
1180_1,-12.138470,-76.974890,119,4553.7
1180_1,-12.138353,-76.974917,120,4567.1
1180_1,-12.138280,-76.974943,121,4575.7
1180_1,-12.138090,-76.975007,122,4597.9
1180_1,-12.137615,-76.975269,123,4657.9
1180_1,-12.137321,-76.975423,124,4694.6
1180_1,-12.137147,-76.975517,125,4716.5
1180_1,-12.136949,-76.975591,126,4740.0
1180_1,-12.136205,-76.975876,127,4828.3
1180_1,-12.134856,-76.976381,128,4988.0
1180_1,-12.134663,-76.976448,129,5010.7
1180_1,-12.134463,-76.976521,130,5034.3
1180_1,-12.134172,-76.976572,131,5067.1
1180_1,-12.133193,-76.976603,132,5176.0
1180_1,-12.132832,-76.976581,133,5216.3
1180_1,-12.131560,-76.976627,134,5357.8
1180_1,-12.131495,-76.976638,135,5365.1
1180_1,-12.131338,-76.976701,136,5383.9
1180_1,-12.130023,-76.976738,137,5530.1
1180_1,-12.129979,-76.976765,138,5535.9
1180_1,-12.129817,-76.976779,139,5553.9
1180_1,-12.129757,-76.976789,140,5560.7
1180_1,-12.129728,-76.976805,141,5564.4
1180_1,-12.129709,-76.976841,142,5568.8
1180_1,-12.129645,-76.977199,143,5608.4
1180_1,-12.129646,-76.977249,144,5613.8
1180_1,-12.129655,-76.977303,145,5619.8
1180_1,-12.130089,-76.977470,146,5671.3
1180_1,-12.130854,-76.977781,147,5762.9
1180_1,-12.131060,-76.977861,148,5787.4
1180_1,-12.131124,-76.977880,149,5794.8
1180_1,-12.131149,-76.977900,150,5798.3
1180_1,-12.131161,-76.977930,151,5801.8
1180_1,-12.131158,-76.977958,152,5804.9
1180_1,-12.130956,-76.978465,153,5864.4
1180_1,-12.130929,-76.978536,154,5872.7
1180_1,-12.130906,-76.978596,155,5879.7
1180_1,-12.130747,-76.979011,156,5928.1
1180_1,-12.130479,-76.979721,157,6010.9
1180_1,-12.130389,-76.979960,158,6038.7
1180_1,-12.130274,-76.980285,159,6076.3
1180_1,-12.129736,-76.981762,160,6247.6
1180_1,-12.129699,-76.981862,161,6259.3
1180_1,-12.129273,-76.983008,162,6392.6
1180_1,-12.129258,-76.983053,163,6397.7
1180_1,-12.129076,-76.983545,164,6454.9
1180_1,-12.129057,-76.983597,165,6460.9
1180_1,-12.128936,-76.983924,166,6499.0
1180_1,-12.128914,-76.983986,167,6506.1
1180_1,-12.128893,-76.984042,168,6512.6
1180_1,-12.128493,-76.985127,169,6638.7
1180_1,-12.128284,-76.985706,170,6705.8
1180_1,-12.127860,-76.986854,171,6839.2
1180_1,-12.127776,-76.987261,172,6884.4
1180_1,-12.127770,-76.987349,173,6894.0
1180_1,-12.127767,-76.987475,174,6907.7
1180_1,-12.127769,-76.987659,175,6927.7
1180_1,-12.127782,-76.987878,176,6951.6
1180_1,-12.127836,-76.988579,177,7028.0
1180_1,-12.127846,-76.988716,178,7043.0
1180_1,-12.127941,-76.989974,179,7180.1
1180_1,-12.127944,-76.990016,180,7184.7
1180_1,-12.127958,-76.990202,181,7205.0
1180_1,-12.128074,-76.991565,182,7353.7
1180_1,-12.128084,-76.991665,183,7364.7
1180_1,-12.128097,-76.991784,184,7377.7
1180_1,-12.128102,-76.991840,185,7383.8
1180_1,-12.128108,-76.991913,186,7391.8
1180_1,-12.128123,-76.992080,187,7410.0
1180_1,-12.128148,-76.992366,188,7441.2
1180_1,-12.128154,-76.992438,189,7449.1
1180_1,-12.128179,-76.992664,190,7473.8
1180_1,-12.128186,-76.992829,191,7491.7
1180_1,-12.128192,-76.992947,192,7504.6
1180_1,-12.128193,-76.992963,193,7506.3
1180_1,-12.128238,-76.993690,194,7585.5
1180_1,-12.128316,-76.994555,195,7680.0
1180_1,-12.128356,-76.995049,196,7733.8
1180_1,-12.128430,-76.995977,197,7835.1
1180_1,-12.128431,-76.995988,198,7836.3
1180_1,-12.128438,-76.996065,199,7844.7
1180_1,-12.128445,-76.996152,200,7854.2
1180_1,-12.128445,-76.996162,201,7855.2
1180_1,-12.128522,-76.997142,202,7962.1
1180_1,-12.128594,-76.998069,203,8063.2
1180_1,-12.128682,-76.999409,204,8209.2
1180_1,-12.128721,-76.999940,205,8267.1
1180_1,-12.128763,-77.000419,206,8319.4
1180_1,-12.128760,-77.000449,207,8322.7
1180_1,-12.128754,-77.000479,208,8326.0
1180_1,-12.128744,-77.000503,209,8328.8
1180_1,-12.128728,-77.000530,210,8332.3
1180_1,-12.128698,-77.000556,211,8336.6
1180_1,-12.128638,-77.000578,212,8343.7
1180_1,-12.128581,-77.000608,213,8350.9
1180_1,-12.128491,-77.000677,214,8363.4
1180_1,-12.128417,-77.000764,215,8375.9
1180_1,-12.128365,-77.000865,216,8388.3
1180_1,-12.128335,-77.000976,217,8400.8
1180_1,-12.128329,-77.001091,218,8413.4
1180_1,-12.128337,-77.001156,219,8420.5
1180_1,-12.128353,-77.001219,220,8427.6
1180_1,-12.128401,-77.001328,221,8440.6
1180_1,-12.128472,-77.001422,222,8453.5
1180_1,-12.128562,-77.001498,223,8466.4
1180_1,-12.128687,-77.001558,224,8481.8
1180_1,-12.128717,-77.001584,225,8486.2
1180_1,-12.128739,-77.001614,226,8490.2
1180_1,-12.128754,-77.001649,227,8494.4
1180_1,-12.128759,-77.001680,228,8497.8
1180_1,-12.128741,-77.001835,229,8514.8
1180_1,-12.128737,-77.001858,230,8517.3
1180_1,-12.128408,-77.003827,231,8734.5
1180_1,-12.128368,-77.004151,232,8770.0
1180_1,-12.128217,-77.005180,233,8883.1
1180_1,-12.128200,-77.005291,234,8895.3
1180_1,-12.128190,-77.005360,235,8902.9
1180_1,-12.128138,-77.005692,236,8939.5
1180_1,-12.128125,-77.005781,237,8949.2
1180_1,-12.128031,-77.006318,238,9008.5
1180_1,-12.127997,-77.006544,239,9033.4
1180_1,-12.127807,-77.007810,240,9172.6
1180_1,-12.127779,-77.007990,241,9192.5
1180_1,-12.127708,-77.008430,242,9240.9
1180_1,-12.127645,-77.008817,243,9283.6
1180_1,-12.127635,-77.008877,244,9290.2
1180_1,-12.127561,-77.009385,245,9346.0
1180_1,-12.127552,-77.009449,246,9353.1
1180_1,-12.127532,-77.009579,247,9367.4
1180_1,-12.127519,-77.009665,248,9376.8
1180_1,-12.127230,-77.011524,249,9581.5
1180_1,-12.127172,-77.011903,250,9623.2
1180_1,-12.127064,-77.012602,251,9700.1
1180_1,-12.127042,-77.012746,252,9716.0
1180_1,-12.127032,-77.012811,253,9723.1
1180_1,-12.127011,-77.012950,254,9738.4
1180_1,-12.126998,-77.013038,255,9748.1
1180_1,-12.126920,-77.013565,256,9806.0
1180_1,-12.126907,-77.013654,257,9815.8
1180_1,-12.126892,-77.013795,258,9831.2
1180_1,-12.126759,-77.014621,259,9922.2
1180_1,-12.126511,-77.016190,260,10095.0
1180_1,-12.126351,-77.017171,261,10203.1
1180_1,-12.126329,-77.017302,262,10217.6
1180_1,-12.126241,-77.017913,263,10284.7
1180_1,-12.126235,-77.017953,264,10289.1
1180_1,-12.126214,-77.018091,265,10304.3
1180_1,-12.126207,-77.018144,266,10310.1
1180_1,-12.126197,-77.018211,267,10317.5
1180_1,-12.126188,-77.018273,268,10324.3
1180_1,-12.126148,-77.018549,269,10354.6
1180_1,-12.126088,-77.018954,270,10399.2
1180_1,-12.125869,-77.020260,271,10543.2
1180_1,-12.125745,-77.021061,272,10631.4
1180_1,-12.125590,-77.022015,273,10736.5
1180_1,-12.125475,-77.022879,274,10831.3
1180_1,-12.125455,-77.023010,275,10845.7
1180_1,-12.125447,-77.023066,276,10851.9
1180_1,-12.125430,-77.023177,277,10864.1
1180_1,-12.125373,-77.023601,278,10910.6
1180_1,-12.125338,-77.023830,279,10935.8
1180_1,-12.125323,-77.023923,280,10946.1
1180_1,-12.125316,-77.023971,281,10951.4
1180_1,-12.125281,-77.024191,282,10975.6
1180_1,-12.125253,-77.024367,283,10995.0
1180_1,-12.125247,-77.024407,284,10999.4
1180_1,-12.125238,-77.024457,285,11004.9
1180_1,-12.125229,-77.024513,286,11011.1
1180_1,-12.125071,-77.025432,287,11112.5
1180_1,-12.124986,-77.025937,288,11168.2
1180_1,-12.124834,-77.026832,289,11267.0
1180_1,-12.124823,-77.026896,290,11274.0
1180_1,-12.123961,-77.026869,291,11369.9
1180_1,-12.123438,-77.026849,292,11428.1
1180_1,-12.123339,-77.026845,293,11439.1
1180_1,-12.122874,-77.026826,294,11490.9
1180_1,-12.122244,-77.026799,295,11561.0
1180_1,-12.121423,-77.026784,296,11652.3
1180_1,-12.120876,-77.026769,297,11713.2
1180_1,-12.120399,-77.026756,298,11766.2
1180_1,-12.119911,-77.026741,299,11820.5
1180_1,-12.119629,-77.026731,300,11851.9
1180_1,-12.119189,-77.026716,301,11900.8
1180_1,-12.119062,-77.026713,302,11915.0
1180_1,-12.119054,-77.027304,303,11979.2
1180_1,-12.119055,-77.027343,304,11983.5
1180_1,-12.119055,-77.027362,305,11985.5
1180_1,-12.119053,-77.027446,306,11994.7
1180_1,-12.119051,-77.027579,307,12009.1
1180_1,-12.119051,-77.027589,308,12010.2
1180_1,-12.119047,-77.027899,309,12043.9
1180_1,-12.119043,-77.028193,310,12075.9
1180_1,-12.119037,-77.028728,311,12134.0
1180_1,-12.119036,-77.028914,312,12154.3
1180_1,-12.119025,-77.028920,313,12155.7
1180_1,-12.119006,-77.028933,314,12158.2
1180_1,-12.118996,-77.028943,315,12159.8
1180_1,-12.118984,-77.028956,316,12161.7
1180_1,-12.118974,-77.028973,317,12163.9
1180_1,-12.118967,-77.028988,318,12165.7
1180_1,-12.118960,-77.029006,319,12167.8
1180_1,-12.118955,-77.029026,320,12170.0
1180_1,-12.118955,-77.029055,321,12173.2
1180_1,-12.118959,-77.029078,322,12175.7
1180_1,-12.118967,-77.029103,323,12178.6
1180_1,-12.118978,-77.029125,324,12181.3
1180_1,-12.118988,-77.029140,325,12183.2
1180_1,-12.119005,-77.029160,326,12186.1
1180_1,-12.119032,-77.029182,327,12189.9
1180_1,-12.119030,-77.029434,328,12217.3
1180_1,-12.119024,-77.030323,329,12314.0
1180_1,-12.119023,-77.030463,330,12329.2
1180_1,-12.119016,-77.031393,331,12430.3
1180_1,-12.119012,-77.031992,332,12495.4
1180_1,-12.119008,-77.032478,333,12548.3
1180_1,-12.119001,-77.033519,334,12661.5
1180_1,-12.119000,-77.033565,335,12666.5
1180_1,-12.118999,-77.033792,336,12691.1
1180_1,-12.118992,-77.034702,337,12790.1
1180_1,-12.118992,-77.034760,338,12796.4
1180_1,-12.118985,-77.035736,339,12902.5
1180_1,-12.118984,-77.035827,340,12912.4
1180_1,-12.118984,-77.035926,341,12923.2
1180_1,-12.118982,-77.036203,342,12953.3
1180_1,-12.118977,-77.036809,343,13019.2
1180_1,-12.118977,-77.036895,344,13028.5
1180_1,-12.118976,-77.036978,345,13037.5
1180_1,-12.118975,-77.037057,346,13046.1
1180_1,-12.118974,-77.037154,347,13056.7
1180_1,-12.118966,-77.038000,348,13148.6
1180_1,-12.118964,-77.038110,349,13160.6
1180_1,-12.118963,-77.038192,350,13169.5
1180_1,-12.118956,-77.038968,351,13253.9
1180_1,-12.118955,-77.038996,352,13256.9
1180_1,-12.118955,-77.039062,353,13264.1
1180_1,-12.118949,-77.039637,354,13326.6
1180_1,-12.118948,-77.039680,355,13331.3
1180_1,-12.118947,-77.039783,356,13342.5
1180_1,-12.118919,-77.039791,357,13345.7
1180_1,-12.118891,-77.039801,358,13349.0
1180_1,-12.118864,-77.039814,359,13352.3
1180_1,-12.118838,-77.039830,360,13355.7
1180_1,-12.118814,-77.039848,361,13359.0
1180_1,-12.118788,-77.039872,362,13362.9
1180_1,-12.118764,-77.039900,363,13367.0
1180_1,-12.118744,-77.039930,364,13370.9
1180_1,-12.118727,-77.039962,365,13374.9
1180_1,-12.118714,-77.039996,366,13378.8
1180_1,-12.118705,-77.040031,367,13382.8
1180_1,-12.118700,-77.040067,368,13386.7
1180_1,-12.118699,-77.040078,369,13387.9
1180_1,-12.118699,-77.040108,370,13391.2
1180_1,-12.118701,-77.040139,371,13394.6
1180_1,-12.118707,-77.040169,372,13397.9
1180_1,-12.118715,-77.040198,373,13401.2
1180_1,-12.118726,-77.040227,374,13404.6
1180_1,-12.118739,-77.040254,375,13407.8
1180_1,-12.118755,-77.040280,376,13411.2
1180_1,-12.118774,-77.040304,377,13414.5
1180_1,-12.118794,-77.040326,378,13417.8
1180_1,-12.118828,-77.040355,379,13422.7
1180_1,-12.118865,-77.040378,380,13427.5
1180_1,-12.118905,-77.040396,381,13432.4
1180_1,-12.118947,-77.040409,382,13437.3
1180_1,-12.118946,-77.040521,383,13449.4
1180_1,-12.118938,-77.041119,384,13514.5
1180_1,-12.118931,-77.041669,385,13574.3
1180_1,-12.118920,-77.042505,386,13665.2
1180_1,-12.118895,-77.042511,387,13668.0
1180_1,-12.118870,-77.042519,388,13670.9
1180_1,-12.118846,-77.042529,389,13673.8
1180_1,-12.118823,-77.042542,390,13676.7
1180_1,-12.118801,-77.042557,391,13679.7
1180_1,-12.118780,-77.042573,392,13682.6
1180_1,-12.118761,-77.042592,393,13685.5
1180_1,-12.118744,-77.042612,394,13688.4
1180_1,-12.118729,-77.042634,395,13691.3
1180_1,-12.118716,-77.042657,396,13694.2
1180_1,-12.118710,-77.042669,397,13695.7
1180_1,-12.118699,-77.042697,398,13699.0
1180_1,-12.118690,-77.042726,399,13702.3
1180_1,-12.118685,-77.042757,400,13705.7
1180_1,-12.118682,-77.042787,401,13709.0
1180_1,-12.118683,-77.042818,402,13712.3
1180_1,-12.118687,-77.042848,403,13715.6
1180_1,-12.118694,-77.042878,404,13719.0
1180_1,-12.118704,-77.042906,405,13722.2
1180_1,-12.118717,-77.042934,406,13725.6
1180_1,-12.118733,-77.042960,407,13728.9
1180_1,-12.118746,-77.042979,408,13731.5
1180_1,-12.118708,-77.043013,409,13737.1
1180_1,-12.118148,-77.043533,410,13821.2
1180_1,-12.117629,-77.044061,411,13902.6
1180_1,-12.117488,-77.044205,412,13924.7
1180_1,-12.117455,-77.044236,413,13929.7
1180_1,-12.117026,-77.044660,414,13996.0
1180_1,-12.116785,-77.044896,415,14033.2
1180_1,-12.116738,-77.044942,416,14040.4
1180_1,-12.116681,-77.044997,417,14049.1
1180_1,-12.116649,-77.045027,418,14053.9
1180_1,-12.116516,-77.045155,419,14074.2
1180_1,-12.116054,-77.045596,420,14144.5
1180_1,-12.116019,-77.045629,421,14149.8
1180_1,-12.115944,-77.045703,422,14161.4
1180_1,-12.115387,-77.046252,423,14247.4
1180_1,-12.115347,-77.046293,424,14253.7
1180_1,-12.115293,-77.046345,425,14261.9
1180_1,-12.115224,-77.046414,426,14272.7
1180_1,-12.115053,-77.046583,427,14299.1
1180_1,-12.114900,-77.046735,428,14322.8
1180_1,-12.114638,-77.046992,429,14363.2
1180_1,-12.114588,-77.047044,430,14371.1
1180_1,-12.114535,-77.047097,431,14379.4
1180_1,-12.114303,-77.047330,432,14415.5
1180_1,-12.113927,-77.047708,433,14474.1
1180_1,-12.113871,-77.047764,434,14482.9
1180_1,-12.113803,-77.047828,435,14493.1
1180_1,-12.113626,-77.048002,436,14520.4
1180_1,-12.113308,-77.048314,437,14569.4
1180_1,-12.113230,-77.048393,438,14581.6
1180_1,-12.113211,-77.048379,439,14584.2
1180_1,-12.113191,-77.048368,440,14586.8
1180_1,-12.113169,-77.048359,441,14589.4
1180_1,-12.113147,-77.048354,442,14591.9
1180_1,-12.113124,-77.048352,443,14594.5
1180_1,-12.113100,-77.048354,444,14597.1
1180_1,-12.113077,-77.048359,445,14599.8
1180_1,-12.113055,-77.048368,446,14602.4
1180_1,-12.113035,-77.048380,447,14605.0
1180_1,-12.113016,-77.048395,448,14607.6
1180_1,-12.113000,-77.048412,449,14610.2
1180_1,-12.112987,-77.048432,450,14612.8
1180_1,-12.112977,-77.048451,451,14615.2
1180_1,-12.112970,-77.048471,452,14617.5
1180_1,-12.112966,-77.048492,453,14619.8
1180_1,-12.112964,-77.048514,454,14622.2
1180_1,-12.112966,-77.048535,455,14624.5
1180_1,-12.112969,-77.048555,456,14626.7
1180_1,-12.112975,-77.048575,457,14629.0
1180_1,-12.112984,-77.048593,458,14631.2
1180_1,-12.112995,-77.048611,459,14633.5
1180_1,-12.112952,-77.048653,460,14640.1
1180_1,-12.112745,-77.048856,461,14672.0
1180_1,-12.112579,-77.049018,462,14697.5
1180_1,-12.112439,-77.049155,463,14719.0
1180_1,-12.112367,-77.049225,464,14730.1
1180_1,-12.112271,-77.049319,465,14744.9
1180_1,-12.111652,-77.049923,466,14840.0
1180_1,-12.111606,-77.049970,467,14847.2
1180_1,-12.111405,-77.050173,468,14878.6
1180_1,-12.111234,-77.050346,469,14905.4
1180_1,-12.110941,-77.050642,470,14951.2
1180_1,-12.110372,-77.051216,471,15040.0
1180_1,-12.110321,-77.051267,472,15048.0
1180_1,-12.110230,-77.051359,473,15062.2
1180_1,-12.109796,-77.051815,474,15131.4
1180_1,-12.109714,-77.051897,475,15144.1
1180_1,-12.108694,-77.052883,476,15300.2
1180_1,-12.108417,-77.053158,477,15343.1
1180_1,-12.108177,-77.053391,478,15379.9
1180_1,-12.107862,-77.053699,479,15428.4
1180_1,-12.107816,-77.053739,480,15435.1
1180_1,-12.107775,-77.053774,481,15441.0
1180_1,-12.107697,-77.053848,482,15452.9
1180_1,-12.107656,-77.053886,483,15459.0
1180_1,-12.107158,-77.054347,484,15533.7
1180_1,-12.107102,-77.054399,485,15542.1
1180_1,-12.107066,-77.054433,486,15547.6
1180_1,-12.106428,-77.055023,487,15643.2
1180_1,-12.106331,-77.055113,488,15657.8
1180_1,-12.106304,-77.055138,489,15661.8
1180_1,-12.106264,-77.055175,490,15667.8
1180_1,-12.106206,-77.055229,491,15676.5
1180_1,-12.106137,-77.055293,492,15686.9
1180_1,-12.105666,-77.055729,493,15757.5
1180_1,-12.105644,-77.055750,494,15760.9
1180_1,-12.105357,-77.056015,495,15803.9
1180_1,-12.104880,-77.056457,496,15875.4
1180_1,-12.104590,-77.056724,497,15918.8
1180_1,-12.104400,-77.056897,498,15947.1
1180_1,-12.103772,-77.057472,499,16040.8
1180_1,-12.103057,-77.058126,500,16147.5
1180_1,-12.102991,-77.058187,501,16157.4
1180_1,-12.102930,-77.058242,502,16166.4
1180_1,-12.102781,-77.058376,503,16188.5
1180_1,-12.102712,-77.058438,504,16198.7
1180_1,-12.102309,-77.058821,505,16259.9
1180_1,-12.102260,-77.058867,506,16267.3
1180_1,-12.101993,-77.059102,507,16306.5
1180_1,-12.101769,-77.059319,508,16340.8
1180_1,-12.101636,-77.059489,509,16364.4
1180_1,-12.101586,-77.059553,510,16373.3
1180_1,-12.101470,-77.059719,511,16395.5
1180_1,-12.101344,-77.059932,512,16422.6
1180_1,-12.101293,-77.060019,513,16433.6
1180_1,-12.101150,-77.060290,514,16467.1
1180_1,-12.101038,-77.060557,515,16498.7
1180_1,-12.101018,-77.060609,516,16504.8
1180_1,-12.100967,-77.060741,517,16520.2
1180_1,-12.100932,-77.060832,518,16530.8
1180_1,-12.100895,-77.060934,519,16542.7
1180_1,-12.100647,-77.061623,520,16622.5
1180_1,-12.100605,-77.061736,521,16635.6
1180_1,-12.100591,-77.061776,522,16640.2
1180_1,-12.100429,-77.062212,523,16691.0
1180_1,-12.100376,-77.062356,524,16707.7
1180_1,-12.100328,-77.062483,525,16722.5
1180_1,-12.100311,-77.062532,526,16728.1
1180_1,-12.100082,-77.063183,527,16803.4
1180_1,-12.100048,-77.063290,528,16815.6
1180_1,-12.099806,-77.063999,529,16897.2
1180_1,-12.099457,-77.064996,530,17012.4
1180_1,-12.099112,-77.065979,531,17125.9
1180_1,-12.099051,-77.066151,532,17145.8
1180_1,-12.099025,-77.066228,533,17154.7
1180_1,-12.098996,-77.066312,534,17164.4
1180_1,-12.098303,-77.068327,535,17396.6
1180_1,-12.098296,-77.068348,536,17399.0
1180_1,-12.098028,-77.069129,537,17489.0
1180_1,-12.097941,-77.069382,538,17518.2
1180_1,-12.097594,-77.070381,539,17633.4
1180_1,-12.097358,-77.071048,540,17710.6
1180_1,-12.097251,-77.071360,541,17746.5
1180_1,-12.097207,-77.071488,542,17761.3
1180_1,-12.097159,-77.071618,543,17776.4
1180_1,-12.097154,-77.071762,544,17792.0
1180_1,-12.097145,-77.071791,545,17795.3
1180_1,-12.097123,-77.071859,546,17803.1
1180_1,-12.097032,-77.071784,547,17816.1
1180_1,-12.096790,-77.071570,548,17851.7
1180_1,-12.096691,-77.071482,549,17866.3
1180_1,-12.096627,-77.071427,550,17875.6
1180_1,-12.096564,-77.071370,551,17884.9
1180_1,-12.096303,-77.071149,552,17922.6
1180_1,-12.096090,-77.070969,553,17953.3
1180_1,-12.095828,-77.070749,554,17991.0
1180_1,-12.095785,-77.070713,555,17997.2
1180_1,-12.095715,-77.070654,556,18007.3
1180_1,-12.095412,-77.070405,557,18050.5
1180_1,-12.094926,-77.070015,558,18119.2
1180_1,-12.094494,-77.069655,559,18181.2
1180_1,-12.094127,-77.069350,560,18233.7
1180_1,-12.094032,-77.069268,561,18247.6
1180_1,-12.093979,-77.069230,562,18254.8
1180_1,-12.093499,-77.068840,563,18322.9
1180_1,-12.093236,-77.068634,564,18359.8
1180_1,-12.093148,-77.068566,565,18372.0
1180_1,-12.093022,-77.068455,566,18390.5
1180_1,-12.092282,-77.067841,567,18496.5
1180_1,-12.091469,-77.067158,568,18613.5
1180_1,-12.091403,-77.067102,569,18623.0
1180_1,-12.090618,-77.066462,570,18734.6
1180_1,-12.090570,-77.066423,571,18741.5
1180_1,-12.090072,-77.066020,572,18812.1
1180_1,-12.089994,-77.065961,573,18822.9
1180_1,-12.089839,-77.065838,574,18844.7
1180_1,-12.089753,-77.065761,575,18857.4
1180_1,-12.089726,-77.065737,576,18861.4
1180_1,-12.088779,-77.064960,577,18996.4
1180_1,-12.088335,-77.064595,578,19059.7
1180_1,-12.087843,-77.064196,579,19129.5
1180_1,-12.087719,-77.064092,580,19147.4
1180_1,-12.086633,-77.063170,581,19304.3
1180_1,-12.086433,-77.063000,582,19333.2
1180_1,-12.086405,-77.062977,583,19337.2
1180_1,-12.085518,-77.062256,584,19463.2
1180_1,-12.085493,-77.062235,585,19466.8
1180_1,-12.084716,-77.061603,586,19577.2
1180_1,-12.084633,-77.061536,587,19589.0
1180_1,-12.084479,-77.061411,588,19610.8
1180_1,-12.084064,-77.061074,589,19669.8
1180_1,-12.083506,-77.060620,590,19749.0
1180_1,-12.082701,-77.059941,591,19865.1
1180_1,-12.082661,-77.059908,592,19870.8
1180_1,-12.082614,-77.059870,593,19877.4
1180_1,-12.082377,-77.059676,594,19911.2
1180_1,-12.081984,-77.059367,595,19966.3
1180_1,-12.081631,-77.059089,596,20015.9
1180_1,-12.081506,-77.058986,597,20033.7
1180_1,-12.081353,-77.058858,598,20055.7
1180_1,-12.081071,-77.058622,599,20096.2
1180_1,-12.080986,-77.058550,600,20108.5
1180_1,-12.080916,-77.058491,601,20118.6
1180_1,-12.080740,-77.058345,602,20143.8
1180_1,-12.080689,-77.058302,603,20151.1
1180_1,-12.080627,-77.058250,604,20160.0
1180_1,-12.080562,-77.058200,605,20169.1
1180_1,-12.080419,-77.058087,606,20189.2
1180_1,-12.079836,-77.057614,607,20271.9
1180_1,-12.079513,-77.057344,608,20318.3
1180_1,-12.079302,-77.057169,609,20348.5
1180_1,-12.079052,-77.056961,610,20384.4
1180_1,-12.078821,-77.056770,611,20417.4
1180_1,-12.078708,-77.056677,612,20433.5
1180_1,-12.078657,-77.056635,613,20440.8
1180_1,-12.078610,-77.056597,614,20447.5
1180_1,-12.078535,-77.056535,615,20458.2
1180_1,-12.078072,-77.056154,616,20524.3
1180_1,-12.077829,-77.055958,617,20558.7
1180_1,-12.077533,-77.055716,618,20600.8
1180_1,-12.077095,-77.055357,619,20663.2
1180_1,-12.077053,-77.055323,620,20669.2
1180_1,-12.076658,-77.054983,621,20726.6
1180_1,-12.076531,-77.054874,622,20745.0
1180_1,-12.076119,-77.054520,623,20804.9
1180_1,-12.075766,-77.054229,624,20855.3
1180_1,-12.075688,-77.054164,625,20866.5
1180_1,-12.075624,-77.054111,626,20875.6
1180_1,-12.075298,-77.053842,627,20922.2
1180_1,-12.075227,-77.053785,628,20932.3
1180_1,-12.075136,-77.053712,629,20945.1
1180_1,-12.075079,-77.053666,630,20953.2
1180_1,-12.074744,-77.053394,631,21000.8
1180_1,-12.074223,-77.052973,632,21074.6
1180_1,-12.074147,-77.052912,633,21085.3
1180_1,-12.074079,-77.052857,634,21095.0
1180_1,-12.073178,-77.052106,635,21224.2
1180_1,-12.072866,-77.051842,636,21269.3
1180_1,-12.072240,-77.051336,637,21358.0
1180_1,-12.072175,-77.051283,638,21367.2
1180_1,-12.072131,-77.051246,639,21373.6
1180_1,-12.071771,-77.050941,640,21425.5
1180_1,-12.071602,-77.050797,641,21450.0
1180_1,-12.071273,-77.050535,642,21496.4
1180_1,-12.071201,-77.050475,643,21506.7
1180_1,-12.071148,-77.050431,644,21514.3
1180_1,-12.070926,-77.050245,645,21546.2
1180_1,-12.070830,-77.050164,646,21560.0
1180_1,-12.070629,-77.049995,647,21589.0
1180_1,-12.070239,-77.049660,648,21645.6
1180_1,-12.069652,-77.049172,649,21729.7
1180_1,-12.069366,-77.048939,650,21770.4
1180_1,-12.069325,-77.048907,651,21776.1
1180_1,-12.069258,-77.048853,652,21785.6
1180_1,-12.069195,-77.048806,653,21794.3
1180_1,-12.068721,-77.048423,654,21861.5
1180_1,-12.068317,-77.048109,655,21917.9
1180_1,-12.068252,-77.048057,656,21927.1
1180_1,-12.068189,-77.048006,657,21936.0
1180_1,-12.067324,-77.047294,658,22059.5
1180_1,-12.067272,-77.047251,659,22066.9
1180_1,-12.067219,-77.047207,660,22074.5
1180_1,-12.066906,-77.046942,661,22119.7
1180_1,-12.066346,-77.046471,662,22200.3
1180_1,-12.066285,-77.046421,663,22209.0
1180_1,-12.066227,-77.046371,664,22217.4
1180_1,-12.066072,-77.046240,665,22239.8
1180_1,-12.065954,-77.046135,666,22257.2
1180_1,-12.065517,-77.045773,667,22319.7
1180_1,-12.065485,-77.045747,668,22324.3
1180_1,-12.065354,-77.045636,669,22343.2
1180_1,-12.065257,-77.045560,670,22356.8
1180_1,-12.065189,-77.045505,671,22366.4
1180_1,-12.065014,-77.045362,672,22391.3
1180_1,-12.064959,-77.045320,673,22399.0
1180_1,-12.064708,-77.045107,674,22435.2
1180_1,-12.064413,-77.044861,675,22477.5
1180_1,-12.063906,-77.044434,676,22550.6
1180_1,-12.063217,-77.043854,677,22649.8
1180_1,-12.062830,-77.043536,678,22705.0
1180_1,-12.062787,-77.043501,679,22711.1
1180_1,-12.062217,-77.043032,680,22792.5
1180_1,-12.061254,-77.042241,681,22929.8
1180_1,-12.060803,-77.041875,682,22993.9
1180_1,-12.060773,-77.041849,683,22998.2
1180_1,-12.060732,-77.041780,684,23007.0
1180_1,-12.060762,-77.041695,685,23016.8
1180_1,-12.060778,-77.041606,686,23026.7
1180_1,-12.060779,-77.041516,687,23036.5
1180_1,-12.060767,-77.041427,688,23046.2
1180_1,-12.060742,-77.041350,689,23055.1
1180_1,-12.060720,-77.041298,690,23061.2
1180_1,-12.060712,-77.041281,691,23063.3
1180_1,-12.060678,-77.041226,692,23070.3
1180_1,-12.060628,-77.041165,693,23079.0
1180_1,-12.060570,-77.041112,694,23087.6
1180_1,-12.060506,-77.041068,695,23096.2
1180_1,-12.060436,-77.041034,696,23104.8
1180_1,-12.060362,-77.041010,697,23113.5
1180_1,-12.060283,-77.040997,698,23122.4
1180_1,-12.060202,-77.040996,699,23131.4
1180_1,-12.060123,-77.041008,700,23140.3
1180_1,-12.060046,-77.041031,701,23149.2
1180_1,-12.059976,-77.041064,702,23157.7
1180_1,-12.059911,-77.041107,703,23166.4
1180_1,-12.059853,-77.041158,704,23174.9
1180_1,-12.059803,-77.041218,705,23183.4
1180_1,-12.059763,-77.041280,706,23191.5
1180_1,-12.059732,-77.041347,707,23199.6
1180_1,-12.059710,-77.041417,708,23207.6
1180_1,-12.059604,-77.041469,709,23220.6
1180_1,-12.059533,-77.041488,710,23228.8
1180_1,-12.059463,-77.041501,711,23236.7
1180_1,-12.058910,-77.041552,712,23298.4
1180_1,-12.058338,-77.041598,713,23362.2
1180_1,-12.058300,-77.041601,714,23366.5
1180_1,-12.058213,-77.041608,715,23376.2
1180_1,-12.058176,-77.041610,716,23380.3
1180_1,-12.058125,-77.041612,717,23386.0
1180_1,-12.058076,-77.041616,718,23391.5
1180_1,-12.057973,-77.041624,719,23402.9
1180_1,-12.057881,-77.041634,720,23413.2
1180_1,-12.056363,-77.041761,721,23582.6
1180_1,-12.056326,-77.041765,722,23586.7
1180_1,-12.056218,-77.041775,723,23598.8
1180_1,-12.056129,-77.041784,724,23608.7
1180_1,-12.055973,-77.041798,725,23626.1
1180_1,-12.054668,-77.041914,726,23771.8
1180_1,-12.054624,-77.041918,727,23776.7
1180_1,-12.054482,-77.041932,728,23792.6
1180_1,-12.054390,-77.041941,729,23802.8
1180_1,-12.053291,-77.042042,730,23925.5
1180_1,-12.053159,-77.042054,731,23940.3
1180_1,-12.052905,-77.042077,732,23968.6
1180_1,-12.052878,-77.042079,733,23971.6
1180_1,-12.052410,-77.042122,734,24023.9
1180_1,-12.052229,-77.042139,735,24044.1
1180_1,-12.051820,-77.042177,736,24089.8
1180_1,-12.051257,-77.042228,737,24152.6
1180_1,-12.051020,-77.042250,738,24179.1
1180_1,-12.050965,-77.042255,739,24185.2
1180_1,-12.050857,-77.042265,740,24197.3
1180_1,-12.050754,-77.042274,741,24208.8
1180_1,-12.050453,-77.042301,742,24242.4
1180_1,-12.050446,-77.042302,743,24243.2
1180_1,-12.050264,-77.042318,744,24263.5
1180_1,-12.050153,-77.042328,745,24275.9
1180_1,-12.049937,-77.042377,746,24300.5
1180_1,-12.049698,-77.042408,747,24327.2
1180_1,-12.049073,-77.042463,748,24397.0
1180_1,-12.048345,-77.042520,749,24478.2
1180_1,-12.047090,-77.042616,750,24618.1
1180_1,-12.045663,-77.042730,751,24777.3
1180_1,-12.045520,-77.042746,752,24793.3
1180_1,-12.045385,-77.042784,753,24808.9
1180_1,-12.045150,-77.042808,754,24835.1
1180_1,-12.044136,-77.042898,755,24948.3
1180_1,-12.044020,-77.042911,756,24961.3
1180_1,-12.043929,-77.042921,757,24971.4
1180_1,-12.043844,-77.042928,758,24980.9
1180_1,-12.042737,-77.043018,759,25104.4
1180_1,-12.042336,-77.043029,760,25149.0
1180_1,-12.041492,-77.043098,761,25243.2
1180_1,-12.040936,-77.043150,762,25305.2
1180_1,-12.040816,-77.043161,763,25318.6
1180_1,-12.040622,-77.043197,764,25340.6
1180_1,-12.040448,-77.043229,765,25360.2
1180_1,-12.040283,-77.043244,766,25378.6
1180_1,-12.039340,-77.043326,767,25483.9
1180_1,-12.038382,-77.043417,768,25590.9
1180_1,-12.038173,-77.043433,769,25614.2
1180_1,-12.038064,-77.043441,770,25626.3
1180_1,-12.037887,-77.043443,771,25646.0
1180_1,-12.037729,-77.043441,772,25663.6
1180_1,-12.037575,-77.043433,773,25680.7
1180_1,-12.037504,-77.043428,774,25688.6
1180_1,-12.037441,-77.043425,775,25695.6
1180_1,-12.037301,-77.043433,776,25711.2
1180_1,-12.036925,-77.043468,777,25753.2
1180_1,-12.036113,-77.043541,778,25843.9
1180_1,-12.036062,-77.043547,779,25849.6
1180_1,-12.036008,-77.043531,780,25855.8
1180_1,-12.035957,-77.043508,781,25862.0
1180_1,-12.035909,-77.043479,782,25868.2
1180_1,-12.035864,-77.043443,783,25874.6
1180_1,-12.035824,-77.043402,784,25880.9
1180_1,-12.035790,-77.043356,785,25887.1
1180_1,-12.035758,-77.043301,786,25894.1
1180_1,-12.035735,-77.043242,787,25901.0
1180_1,-12.035719,-77.043180,788,25908.0
1180_1,-12.035713,-77.043116,789,25915.0
1180_1,-12.035715,-77.043052,790,25921.9
1180_1,-12.035725,-77.042989,791,25928.9
1180_1,-12.035744,-77.042928,792,25935.8
1180_1,-12.036051,-77.042385,793,26004.0
1180_1,-12.036078,-77.042345,794,26009.3
1180_1,-12.036112,-77.042309,795,26014.8
1180_1,-12.036150,-77.042279,796,26020.1
1180_1,-12.036191,-77.042256,797,26025.3
1180_1,-12.036236,-77.042239,798,26030.6
1180_1,-12.036283,-77.042229,799,26036.0
1180_1,-12.036331,-77.042227,800,26041.3
1180_1,-12.036381,-77.042232,801,26046.9
1180_1,-12.036428,-77.042245,802,26052.3
1180_1,-12.036474,-77.042266,803,26057.9
1180_1,-12.036515,-77.042293,804,26063.3
1180_1,-12.036552,-77.042327,805,26068.9
1180_1,-12.036583,-77.042367,806,26074.4
1180_1,-12.036608,-77.042411,807,26080.0
1180_1,-12.036625,-77.042458,808,26085.4
1180_1,-12.036635,-77.042508,809,26091.0
1180_1,-12.036632,-77.042601,810,26101.1
1180_1,-12.036585,-77.042838,811,26127.4
1180_1,-12.036539,-77.042994,812,26145.1
1180_1,-12.036501,-77.043119,813,26159.3
1180_1,-12.036431,-77.043349,814,26185.5
1180_1,-12.036346,-77.043628,815,26217.3
1180_1,-12.036336,-77.043666,816,26221.6
1180_1,-12.036326,-77.043703,817,26225.8
1180_1,-12.036248,-77.043997,818,26258.9
1180_1,-12.036209,-77.044145,819,26275.6
1180_1,-12.036178,-77.044259,820,26288.4
1180_1,-12.036104,-77.044537,821,26319.8
1180_1,-12.036099,-77.044692,822,26336.6
1180_1,-12.036097,-77.044771,823,26345.2
1180_1,-12.036080,-77.044941,824,26363.8
1180_1,-12.036057,-77.045053,825,26376.2
1180_1,-12.036029,-77.045188,826,26391.3
1180_1,-12.035974,-77.045578,827,26434.1
1180_1,-12.035931,-77.045843,828,26463.3
1180_1,-12.035855,-77.046268,829,26510.3
1180_1,-12.035747,-77.046831,830,26572.7
1180_1,-12.035732,-77.046905,831,26580.9
1180_1,-12.035629,-77.047299,832,26625.3
1180_1,-12.035504,-77.047674,833,26668.4
1180_1,-12.035410,-77.048035,834,26709.0
1180_1,-12.035363,-77.048214,835,26729.1
1180_1,-12.035294,-77.048468,836,26757.8
1180_1,-12.035235,-77.048686,837,26782.4
1180_1,-12.034882,-77.049658,838,26895.2
1180_1,-12.034449,-77.050743,839,27022.6
1180_1,-12.034207,-77.051349,840,27093.8
1180_1,-12.034074,-77.051684,841,27133.1
1180_1,-12.033932,-77.052039,842,27174.8
1180_1,-12.033492,-77.053097,843,27299.8
1180_1,-12.033450,-77.053182,844,27310.2
1180_1,-12.033410,-77.053261,845,27319.9
1180_1,-12.033371,-77.053336,846,27329.1
1180_1,-12.033174,-77.053716,847,27375.9
1180_1,-12.032767,-77.054391,848,27462.1
1180_1,-12.032620,-77.054618,849,27491.7
1180_1,-12.032469,-77.054816,850,27519.0
1180_1,-12.032261,-77.055103,851,27557.9
1180_1,-12.031901,-77.055517,852,27618.1
1180_1,-12.031822,-77.055601,853,27630.8
1180_1,-12.031430,-77.055999,854,27692.2
1180_1,-12.031302,-77.056117,855,27711.4
1180_1,-12.031039,-77.056337,856,27749.2
1180_1,-12.030463,-77.056752,857,27827.5
1180_1,-12.030263,-77.056902,858,27855.1
1180_1,-12.029518,-77.057417,859,27955.1
1180_1,-12.029108,-77.057634,860,28006.4
1180_1,-12.028817,-77.057756,861,28041.4
1180_1,-12.028237,-77.057980,862,28110.4
1180_1,-12.027863,-77.058098,863,28153.9
1180_1,-12.027427,-77.058208,864,28203.8
1180_1,-12.027062,-77.058267,865,28244.9
1180_1,-12.026544,-77.058332,866,28302.9
1180_1,-12.025908,-77.058411,867,28374.2
1180_1,-12.023185,-77.058864,868,28680.9
1180_1,-12.022069,-77.059027,869,28806.3
1180_1,-12.021734,-77.059083,870,28844.0
1180_1,-12.020630,-77.059238,871,28967.9
1180_1,-12.020297,-77.059306,872,29005.7
1180_1,-12.017709,-77.059702,873,29296.7
1180_1,-12.016036,-77.059955,874,29484.7
1180_1,-12.015287,-77.060070,875,29569.0
1180_1,-12.014511,-77.060196,876,29656.3
1180_1,-12.013342,-77.060386,877,29787.9
1180_1,-12.012801,-77.060447,878,29848.5
1180_1,-12.012270,-77.060500,879,29907.8
1180_1,-12.012073,-77.060523,880,29929.8
1180_1,-12.011837,-77.060486,881,29956.4
1180_1,-12.011657,-77.060482,882,29976.4
1180_1,-12.011514,-77.060483,883,29992.3
1180_1,-12.011419,-77.060497,884,30003.0
1180_1,-12.011339,-77.060509,885,30012.0
1180_1,-12.010988,-77.060560,886,30051.4
1180_1,-12.010602,-77.060618,887,30094.8
1180_1,-12.010479,-77.060639,888,30108.6
1180_1,-12.009951,-77.060730,889,30168.2
1180_1,-12.009588,-77.060799,890,30209.2
1180_1,-12.009201,-77.060907,891,30253.8
1180_1,-12.009049,-77.060935,892,30271.0
1180_1,-12.008894,-77.060957,893,30288.4
1180_1,-12.008854,-77.060962,894,30292.9
1180_1,-12.008825,-77.060931,895,30297.6
1180_1,-12.008793,-77.060904,896,30302.2
1180_1,-12.008751,-77.060874,897,30307.9
1180_1,-12.008705,-77.060851,898,30313.6
1180_1,-12.008657,-77.060833,899,30319.3
1180_1,-12.008607,-77.060821,900,30325.0
1180_1,-12.008556,-77.060816,901,30330.7
1180_1,-12.008505,-77.060817,902,30336.3
1180_1,-12.008455,-77.060825,903,30342.0
1180_1,-12.008405,-77.060839,904,30347.7
1180_1,-12.008358,-77.060859,905,30353.4
1180_1,-12.008313,-77.060884,906,30359.1
1180_1,-12.008272,-77.060916,907,30364.8
1180_1,-12.008235,-77.060952,908,30370.5
1180_1,-12.008203,-77.060992,909,30376.1
1180_1,-12.008177,-77.061034,910,30381.5
1180_1,-12.008163,-77.061062,911,30384.9
1180_1,-12.008088,-77.061115,912,30395.1
1180_1,-12.008032,-77.061153,913,30402.6
1180_1,-12.007991,-77.061179,914,30407.9
1180_1,-12.007931,-77.061216,915,30415.7
1180_1,-12.007888,-77.061238,916,30421.1
1180_1,-12.007833,-77.061259,917,30427.6
1180_1,-12.007779,-77.061277,918,30433.9
1180_1,-12.007729,-77.061292,919,30439.7
1180_1,-12.007688,-77.061300,920,30444.3
1180_1,-12.007318,-77.061353,921,30485.9
1180_1,-12.006904,-77.061417,922,30532.4
1180_1,-12.006544,-77.061471,923,30572.9
1180_1,-12.005567,-77.061611,924,30682.6
1180_1,-12.005450,-77.061624,925,30695.7
1180_1,-12.004955,-77.061678,926,30751.0
1180_1,-12.004888,-77.061680,927,30758.5
1180_1,-12.004712,-77.061675,928,30778.1
1180_1,-12.004582,-77.061661,929,30792.6
1180_1,-12.004550,-77.061638,930,30797.0
1180_1,-12.004515,-77.061619,931,30801.4
1180_1,-12.004479,-77.061603,932,30805.7
1180_1,-12.004441,-77.061592,933,30810.1
1180_1,-12.004400,-77.061585,934,30814.7
1180_1,-12.004358,-77.061583,935,30819.4
1180_1,-12.004316,-77.061586,936,30824.1
1180_1,-12.004274,-77.061595,937,30828.9
1180_1,-12.004234,-77.061608,938,30833.5
1180_1,-12.004196,-77.061626,939,30838.2
1180_1,-12.004160,-77.061648,940,30842.9
1180_1,-12.004134,-77.061668,941,30846.5
1180_1,-12.004110,-77.061691,942,30850.1
1180_1,-12.004088,-77.061715,943,30853.7
1180_1,-12.003910,-77.061737,944,30873.6
1180_1,-12.003508,-77.061784,945,30918.6
1180_1,-12.003321,-77.061807,946,30939.6
1180_1,-12.003151,-77.061834,947,30958.7
1180_1,-12.002559,-77.061925,948,31025.3
1180_1,-12.001910,-77.062043,949,31098.6
1180_1,-12.001596,-77.062099,950,31134.0
1180_1,-12.000654,-77.062275,951,31240.5
1180_1,-12.000387,-77.062406,952,31273.4
1180_1,-11.998886,-77.062656,953,31442.5
1180_1,-11.998312,-77.062752,954,31507.2
1180_1,-11.997671,-77.062857,955,31579.4
1180_1,-11.995109,-77.063239,956,31867.3
1180_1,-11.993995,-77.063414,957,31992.6
1180_1,-11.993520,-77.063495,958,32046.2
1180_1,-11.992997,-77.063594,959,32105.3
1180_1,-11.992397,-77.063637,960,32172.2
1180_1,-11.991749,-77.063693,961,32244.5
1180_1,-11.991409,-77.063695,962,32282.3
1180_1,-11.991263,-77.063689,963,32298.6
1180_1,-11.991204,-77.063684,964,32305.1
1180_1,-11.990939,-77.063639,965,32335.0
1180_1,-11.990643,-77.063595,966,32368.3
1180_1,-11.990556,-77.063582,967,32378.0
1180_1,-11.990523,-77.063577,968,32381.8
1180_1,-11.990398,-77.063553,969,32395.9
1180_1,-11.990366,-77.063546,970,32399.5
1180_1,-11.990330,-77.063536,971,32403.7
1180_1,-11.990285,-77.063523,972,32408.9
1180_1,-11.990250,-77.063509,973,32413.1
1180_1,-11.990216,-77.063494,974,32417.2
1180_1,-11.990194,-77.063481,975,32420.0
1180_1,-11.990137,-77.063437,976,32427.9
1180_1,-11.990082,-77.063381,977,32436.6
1180_1,-11.990032,-77.063306,978,32446.4
1180_1,-11.989979,-77.063203,979,32459.1
1180_1,-11.989973,-77.063162,980,32463.6
1180_1,-11.989924,-77.062837,981,32499.4
1180_1,-11.989883,-77.062580,982,32527.7
1180_1,-11.989873,-77.062513,983,32535.1
1180_1,-11.989866,-77.062467,984,32540.1
1180_1,-11.989784,-77.061924,985,32599.9
1180_1,-11.989752,-77.061712,986,32623.2
1180_1,-11.989734,-77.061588,987,32636.9
1180_1,-11.989641,-77.060973,988,32704.6
1180_1,-11.989578,-77.060551,989,32751.0
1180_1,-11.989563,-77.060451,990,32762.0
1180_1,-11.989483,-77.059919,991,32820.5
1180_1,-11.989475,-77.059865,992,32826.5
1180_1,-11.989463,-77.059786,993,32835.2
1180_1,-11.989441,-77.059651,994,32850.1
1180_1,-11.989429,-77.059570,995,32859.0
1180_1,-11.989311,-77.058773,996,32946.6
1180_1,-11.989223,-77.058175,997,33012.4
1180_1,-11.989207,-77.058067,998,33024.3
1180_1,-11.989159,-77.057756,999,33058.6
1180_1,-11.989098,-77.057355,1000,33102.7
1180_1,-11.989093,-77.057320,1001,33106.5
1180_1,-11.989074,-77.057209,1002,33118.8
1180_1,-11.989058,-77.057108,1003,33129.9
1180_1,-11.989054,-77.057081,1004,33132.9
1180_1,-11.989052,-77.057063,1005,33134.9
1180_1,-11.989046,-77.057030,1006,33138.5
1180_1,-11.989041,-77.057015,1007,33140.2
1180_1,-11.989037,-77.057002,1008,33141.7
1180_1,-11.989029,-77.056988,1009,33143.5
1180_1,-11.989017,-77.056969,1010,33145.9
1180_1,-11.989007,-77.056958,1011,33147.6
1180_1,-11.988997,-77.056947,1012,33149.2
1180_1,-11.988979,-77.056934,1013,33151.7
1180_1,-11.988959,-77.056921,1014,33154.3
1180_1,-11.988899,-77.056892,1015,33161.7
1180_1,-11.988868,-77.056876,1016,33165.5
1180_1,-11.988841,-77.056865,1017,33168.8
1180_1,-11.988812,-77.056857,1018,33172.1
1180_1,-11.988777,-77.056849,1019,33176.1
1180_1,-11.988713,-77.056839,1020,33183.3
1180_1,-11.988509,-77.056868,1021,33206.2
1180_1,-11.988302,-77.056912,1022,33229.7
1180_1,-11.987912,-77.057008,1023,33274.3
1180_1,-11.987751,-77.057046,1024,33292.7
1180_1,-11.986972,-77.057244,1025,33381.9
1180_1,-11.986601,-77.057339,1026,33424.5
1180_1,-11.986144,-77.057456,1027,33476.9
1180_1,-11.985710,-77.057566,1028,33526.6
1180_1,-11.985200,-77.057687,1029,33584.8
1180_1,-11.985135,-77.057702,1030,33592.2
1180_1,-11.984712,-77.057801,1031,33640.5
1180_1,-11.984247,-77.057906,1032,33693.4
1180_1,-11.983240,-77.058141,1033,33808.3
1180_1,-11.983171,-77.058157,1034,33816.1
1180_1,-11.983088,-77.058176,1035,33825.6
1180_1,-11.982968,-77.058208,1036,33839.4
1180_1,-11.982911,-77.058222,1037,33845.9
1180_1,-11.982860,-77.058235,1038,33851.7
1180_1,-11.980394,-77.058860,1039,34134.3
1180_1,-11.980310,-77.058882,1040,34143.9
1180_1,-11.980149,-77.058925,1041,34162.4
1180_1,-11.980035,-77.058952,1042,34175.4
1180_1,-11.979822,-77.059029,1043,34200.5
1180_1,-11.979715,-77.059064,1044,34213.0
1180_1,-11.979573,-77.059119,1045,34229.9
1180_1,-11.979472,-77.059151,1046,34241.7
1180_1,-11.979340,-77.059202,1047,34257.4
1180_1,-11.979174,-77.059268,1048,34277.2
1180_1,-11.978869,-77.059356,1049,34312.4
1180_1,-11.978384,-77.059470,1050,34367.7
1180_1,-11.978237,-77.059494,1051,34384.3
1180_1,-11.977896,-77.059530,1052,34422.4
1180_1,-11.977689,-77.059542,1053,34445.5
1180_1,-11.977517,-77.059539,1054,34464.6
1180_1,-11.977317,-77.059527,1055,34486.9
1180_1,-11.977245,-77.059519,1056,34494.9
1180_1,-11.977205,-77.059515,1057,34499.4
1180_1,-11.977048,-77.059501,1058,34516.9
1180_1,-11.976973,-77.059489,1059,34525.4
1180_1,-11.976908,-77.059475,1060,34532.7
1180_1,-11.976793,-77.059451,1061,34545.8
1180_1,-11.976704,-77.059421,1062,34556.2
1180_1,-11.976465,-77.059351,1063,34583.9
1180_1,-11.976385,-77.059323,1064,34593.3
1180_1,-11.976355,-77.059313,1065,34596.8
1180_1,-11.976117,-77.059212,1066,34625.4
1180_1,-11.975929,-77.059114,1067,34648.9
1180_1,-11.975594,-77.058899,1068,34692.9
1180_1,-11.975051,-77.058573,1069,34762.9
1180_1,-11.974724,-77.058376,1070,34805.1
1180_1,-11.974179,-77.058072,1071,34874.1
1180_1,-11.973995,-77.057969,1072,34897.5
1180_1,-11.973663,-77.057821,1073,34937.7
1180_1,-11.973323,-77.057695,1074,34978.0
1180_1,-11.973025,-77.057605,1075,35012.5
1180_1,-11.972696,-77.057527,1076,35050.1
1180_1,-11.972396,-77.057475,1077,35083.9
1180_1,-11.972097,-77.057440,1078,35117.4
1180_1,-11.971833,-77.057424,1079,35146.8
1180_1,-11.971800,-77.057422,1080,35150.4
1180_1,-11.971750,-77.057420,1081,35156.0
1180_1,-11.971681,-77.057419,1082,35163.7
1180_1,-11.971620,-77.057419,1083,35170.5
1180_1,-11.971475,-77.057420,1084,35186.6
1180_1,-11.971397,-77.057422,1085,35195.3
1180_1,-11.970992,-77.057431,1086,35240.3
1180_1,-11.970417,-77.057460,1087,35304.3
1180_1,-11.969792,-77.057479,1088,35373.8
1180_1,-11.969379,-77.057491,1089,35419.8
1180_1,-11.969159,-77.057496,1090,35444.3
1180_1,-11.968908,-77.057460,1091,35472.4
1180_1,-11.968686,-77.057393,1092,35498.2
1180_1,-11.968470,-77.057299,1093,35524.3
1180_1,-11.967456,-77.056679,1094,35655.7
1180_1,-11.966304,-77.055990,1095,35804.1
1180_1,-11.966282,-77.055977,1096,35806.9
1180_1,-11.966191,-77.055923,1097,35818.6
1180_1,-11.966053,-77.055841,1098,35836.4
1180_1,-11.965955,-77.055800,1099,35848.1
1180_1,-11.965770,-77.055725,1100,35870.3
1180_1,-11.965423,-77.055612,1101,35910.8
1180_1,-11.965122,-77.055514,1102,35945.9
1180_1,-11.962490,-77.054614,1103,36254.5
1180_1,-11.962427,-77.054594,1104,36261.8
1180_1,-11.961644,-77.054343,1105,36353.1
1180_1,-11.960682,-77.054017,1106,36465.8
1180_1,-11.959947,-77.053768,1107,36551.9
1180_1,-11.959894,-77.053749,1108,36558.1
1180_1,-11.957179,-77.052831,1109,36876.1
1180_1,-11.955837,-77.052378,1110,37033.2
1180_1,-11.953118,-77.051450,1111,37352.0
1180_1,-11.953075,-77.051436,1112,37357.0
1180_1,-11.952917,-77.051383,1113,37375.5
1180_1,-11.952839,-77.051357,1114,37384.6
1180_1,-11.952778,-77.051337,1115,37391.7
1180_1,-11.952178,-77.051137,1116,37461.9
1180_1,-11.951987,-77.051071,1117,37484.3
1180_1,-11.951824,-77.051002,1118,37504.0
1180_1,-11.951696,-77.050935,1119,37519.9
1180_1,-11.951539,-77.050836,1120,37540.5
1180_1,-11.951407,-77.050724,1121,37559.5
1180_1,-11.951273,-77.050583,1122,37580.9
1180_1,-11.950632,-77.049837,1123,37688.9
1180_1,-11.950345,-77.049545,1124,37734.0
1180_1,-11.950190,-77.049434,1125,37755.0
1180_1,-11.950035,-77.049347,1126,37774.7
1180_1,-11.949862,-77.049282,1127,37795.2
1180_1,-11.949657,-77.049253,1128,37818.2
1180_1,-11.949329,-77.049254,1129,37854.6
1180_1,-11.948952,-77.049331,1130,37897.4
1180_1,-11.948807,-77.049369,1131,37914.0
1180_1,-11.948784,-77.049374,1132,37916.6
1180_1,-11.948701,-77.049396,1133,37926.2
1180_1,-11.947839,-77.049624,1134,38025.2
1180_1,-11.947334,-77.049751,1135,38083.0
1180_1,-11.946827,-77.049871,1136,38140.9
1180_1,-11.946609,-77.049930,1137,38166.0
1180_1,-11.946082,-77.050070,1138,38226.5
1180_1,-11.945398,-77.050249,1139,38305.0
1180_1,-11.945363,-77.050258,1140,38309.0
1180_1,-11.945047,-77.050341,1141,38345.3
1180_1,-11.944625,-77.050431,1142,38393.2
1180_1,-11.944258,-77.050483,1143,38434.4
1180_1,-11.943922,-77.050502,1144,38471.9
1180_1,-11.943609,-77.050503,1145,38506.7
1180_1,-11.943332,-77.050482,1146,38537.6
1180_1,-11.942962,-77.050437,1147,38579.0
1180_1,-11.942477,-77.050355,1148,38633.6
1180_1,-11.942002,-77.050293,1149,38686.9
1180_1,-11.941119,-77.050285,1150,38785.1
1180_1,-11.941085,-77.050285,1151,38788.9
1180_1,-11.941034,-77.050284,1152,38794.5
1180_1,-11.940947,-77.050281,1153,38804.2
1180_1,-11.940854,-77.050279,1154,38814.6
1180_1,-11.940741,-77.050275,1155,38827.1
1180_1,-11.940592,-77.050269,1156,38843.7
1180_1,-11.940444,-77.050264,1157,38860.2
1180_1,-11.939786,-77.050202,1158,38933.7
1180_1,-11.939481,-77.050160,1159,38967.9
1180_1,-11.939235,-77.050101,1160,38996.0
1180_1,-11.939043,-77.050046,1161,39018.1
1180_1,-11.938853,-77.049984,1162,39040.3
1180_1,-11.938684,-77.049924,1163,39060.2
1180_1,-11.938554,-77.049873,1164,39075.7
1180_1,-11.938425,-77.049818,1165,39091.2
1180_1,-11.938307,-77.049763,1166,39105.7
1180_1,-11.938191,-77.049704,1167,39120.1
1180_1,-11.938055,-77.049634,1168,39137.0
1180_1,-11.937908,-77.049549,1169,39155.8
1180_1,-11.937763,-77.049460,1170,39174.6
1180_1,-11.937619,-77.049366,1171,39193.6
1180_1,-11.937478,-77.049267,1172,39212.6
1180_1,-11.936881,-77.048849,1173,39293.1
1180_1,-11.936839,-77.048819,1174,39298.8
1180_1,-11.936404,-77.048521,1175,39357.0
1180_1,-11.936161,-77.048353,1176,39389.6
1180_1,-11.935488,-77.047888,1177,39479.9
1180_1,-11.934000,-77.046864,1178,39679.4
1180_1,-11.933893,-77.046776,1179,39694.7
1180_1,-11.933872,-77.046758,1180,39697.7
1180_1,-11.933787,-77.046687,1181,39709.9
1180_1,-11.933688,-77.046604,1182,39724.2
1180_1,-11.933635,-77.046563,1183,39731.6
1180_1,-11.933606,-77.046540,1184,39735.7
1180_1,-11.932736,-77.045808,1185,39861.0
1180_1,-11.932586,-77.045683,1186,39882.5
1180_1,-11.932471,-77.045579,1187,39899.5
1180_1,-11.932239,-77.045377,1188,39933.4
1180_1,-11.932067,-77.045231,1189,39958.3
1180_1,-11.931888,-77.045080,1190,39984.1
1180_1,-11.931363,-77.044665,1191,40057.9
1180_1,-11.931177,-77.044519,1192,40084.0
1180_1,-11.930967,-77.044394,1193,40111.0
1180_1,-11.930712,-77.044258,1194,40143.0
1180_1,-11.929964,-77.043911,1195,40234.3
1180_1,-11.929933,-77.043896,1196,40238.1
1180_1,-11.929839,-77.043852,1197,40249.6
1180_1,-11.929757,-77.043811,1198,40259.8
1180_1,-11.929675,-77.043770,1199,40269.9
1180_1,-11.928969,-77.043419,1200,40357.2
1180_1,-11.928843,-77.043356,1201,40372.8
1180_1,-11.928579,-77.043226,1202,40405.4
1180_1,-11.928339,-77.043119,1203,40434.5
1180_1,-11.928071,-77.043025,1204,40466.0
1180_1,-11.927653,-77.042892,1205,40514.7
1180_1,-11.927249,-77.042791,1206,40561.0
1180_1,-11.927079,-77.042753,1207,40580.3
1180_1,-11.926860,-77.042719,1208,40604.9
1180_1,-11.926475,-77.042669,1209,40648.1
1180_1,-11.926241,-77.042638,1210,40674.3
1180_1,-11.925877,-77.042593,1211,40715.1
1180_1,-11.925060,-77.042505,1212,40806.5
1180_1,-11.925028,-77.042502,1213,40810.0
1180_1,-11.924856,-77.042481,1214,40829.3
1180_1,-11.924764,-77.042464,1215,40839.7
1180_1,-11.924720,-77.042458,1216,40844.6
1180_1,-11.924623,-77.042446,1217,40855.5
1180_1,-11.923613,-77.042312,1218,40968.7
1180_1,-11.923574,-77.042307,1219,40973.1
1180_1,-11.923416,-77.042286,1220,40990.8
1180_1,-11.922739,-77.042195,1221,41066.8
1180_1,-11.922538,-77.042168,1222,41089.3
1180_1,-11.921756,-77.042038,1223,41177.4
1180_1,-11.921660,-77.042022,1224,41188.2
1180_1,-11.921149,-77.041934,1225,41245.8
1180_1,-11.920748,-77.041864,1226,41291.1
1180_1,-11.920650,-77.041847,1227,41302.1
1180_1,-11.919238,-77.041593,1228,41461.5
1180_1,-11.917832,-77.041338,1229,41620.3
1180_1,-11.917572,-77.041284,1230,41649.8
1180_1,-11.917417,-77.041244,1231,41667.6
1180_1,-11.917381,-77.041234,1232,41671.7
1180_1,-11.917297,-77.041213,1233,41681.4
1180_1,-11.917185,-77.041183,1234,41694.2
1180_1,-11.917125,-77.041163,1235,41701.3
1180_1,-11.916672,-77.041035,1236,41753.5
1180_1,-11.916403,-77.040939,1237,41785.2
1180_1,-11.916305,-77.040902,1238,41796.8
1180_1,-11.916199,-77.040860,1239,41809.5
1180_1,-11.916133,-77.040833,1240,41817.4
1180_1,-11.916097,-77.040820,1241,41821.6
1180_1,-11.916030,-77.040794,1242,41829.6
1180_1,-11.915744,-77.040673,1243,41864.0
1180_1,-11.915367,-77.040483,1244,41910.7
1180_1,-11.915112,-77.040337,1245,41943.2
1180_1,-11.914947,-77.040210,1246,41966.2
1180_1,-11.914791,-77.040083,1247,41988.4
1180_1,-11.914699,-77.039985,1248,42003.2
1180_1,-11.914522,-77.039885,1249,42025.6
1180_1,-11.914199,-77.039707,1250,42066.5
1180_1,-11.914164,-77.039688,1251,42070.9
1180_1,-11.913937,-77.039563,1252,42099.5
1180_1,-11.913875,-77.039529,1253,42107.4
1180_1,-11.912699,-77.038900,1254,42254.9
1180_1,-11.912354,-77.038712,1255,42298.4
1180_1,-11.912138,-77.038632,1256,42324.0
1180_1,-11.912067,-77.038603,1257,42332.5
1180_1,-11.911971,-77.038560,1258,42344.1
1180_1,-11.911901,-77.038533,1259,42352.4
1180_1,-11.911832,-77.038512,1260,42360.4
1180_1,-11.911762,-77.038494,1261,42368.5
1180_1,-11.911583,-77.038395,1262,42391.1
1180_1,-11.911479,-77.038337,1263,42404.3
1180_1,-11.910953,-77.038046,1264,42470.8
1180_1,-11.910826,-77.037976,1265,42486.8
1180_1,-11.910727,-77.037921,1266,42499.4
1180_1,-11.910336,-77.037692,1267,42549.5
1180_1,-11.910101,-77.037537,1268,42580.6
1180_1,-11.909962,-77.037425,1269,42600.3
1180_1,-11.909853,-77.037316,1270,42617.2
1180_1,-11.909751,-77.037205,1271,42633.8
1180_1,-11.909637,-77.037054,1272,42654.5
1180_1,-11.909540,-77.036906,1273,42673.9
1180_1,-11.909471,-77.036791,1274,42688.6
1180_1,-11.909410,-77.036657,1275,42704.7
1180_1,-11.909366,-77.036546,1276,42717.7
1180_1,-11.909322,-77.036428,1277,42731.4
1180_1,-11.909218,-77.036119,1278,42767.0
1180_1,-11.909098,-77.035770,1279,42807.2
1180_1,-11.909044,-77.035612,1280,42825.4
1180_1,-11.909029,-77.035567,1281,42830.6
1180_1,-11.908853,-77.035055,1282,42889.7
1180_1,-11.908599,-77.034460,1283,42960.3
1180_1,-11.908587,-77.034431,1284,42963.7
1180_1,-11.908537,-77.034317,1285,42977.3
1180_1,-11.908585,-77.034175,1286,42993.7
1180_1,-11.908543,-77.034081,1287,43004.9
1180_1,-11.908160,-77.033224,1288,43107.4
1180_1,-11.908073,-77.033042,1289,43129.4
1180_1,-11.907996,-77.032909,1290,43146.3
1180_1,-11.907944,-77.032824,1291,43157.2
1180_1,-11.907860,-77.032709,1292,43172.8
1180_1,-11.907726,-77.032556,1293,43195.1
1180_1,-11.907590,-77.032415,1294,43216.7
1180_1,-11.907406,-77.032246,1295,43244.2
1180_1,-11.907233,-77.032122,1296,43267.7
1180_1,-11.907094,-77.032033,1297,43285.9
1180_1,-11.906968,-77.031953,1298,43302.4
1180_1,-11.906484,-77.031700,1299,43362.9
1180_1,-11.905743,-77.031341,1300,43454.0
1180_1,-11.905450,-77.031199,1301,43490.1
1180_1,-11.905327,-77.031144,1302,43505.0
1180_1,-11.904576,-77.030805,1303,43596.3
1180_1,-11.904329,-77.030700,1304,43626.1
1180_1,-11.904137,-77.030626,1305,43648.9
1180_1,-11.903901,-77.030549,1306,43676.4
1180_1,-11.903802,-77.030522,1307,43687.8
1180_1,-11.903723,-77.030500,1308,43696.9
1180_1,-11.903483,-77.030458,1309,43724.0
1180_1,-11.903287,-77.030428,1310,43746.0
1180_1,-11.903107,-77.030408,1311,43766.2
1180_1,-11.903015,-77.030397,1312,43776.5
1180_1,-11.902917,-77.030386,1313,43787.4
1180_1,-11.902727,-77.030373,1314,43808.6
1180_1,-11.902045,-77.030361,1315,43884.5
1180_1,-11.902055,-77.030479,1316,43897.3
1180_1,-11.901918,-77.030479,1317,43912.6
1180_1,-11.901436,-77.030479,1318,43966.2
1180_1,-11.900995,-77.030478,1319,44015.2
1180_1,-11.900795,-77.030470,1320,44037.5
1180_1,-11.900581,-77.030460,1321,44061.3
1180_1,-11.900238,-77.030435,1322,44099.5
1180_1,-11.899999,-77.030410,1323,44126.2
1180_1,-11.899748,-77.030379,1324,44154.3
1180_1,-11.899463,-77.030338,1325,44186.4
1180_1,-11.899428,-77.030332,1326,44190.3
1180_1,-11.899109,-77.030267,1327,44226.5
1180_1,-11.898983,-77.030236,1328,44240.9
1180_1,-11.898916,-77.030220,1329,44248.5
1180_1,-11.898798,-77.030189,1330,44262.1
1180_1,-11.898703,-77.030165,1331,44273.0
1180_1,-11.898498,-77.030111,1332,44296.5
1180_1,-11.896637,-77.029604,1333,44510.7
1180_1,-11.895462,-77.029295,1334,44645.6
1180_1,-11.895443,-77.029290,1335,44647.7
1180_1,-11.895120,-77.029201,1336,44684.9
1180_1,-11.894400,-77.028996,1337,44768.1
1180_1,-11.894237,-77.028948,1338,44786.9
1180_1,-11.893944,-77.028853,1339,44821.1
1180_1,-11.893679,-77.028756,1340,44852.4
1180_1,-11.893487,-77.028681,1341,44875.3
1180_1,-11.893377,-77.028631,1342,44888.6
1180_1,-11.893130,-77.028520,1343,44918.6
1180_1,-11.892830,-77.028375,1344,44955.5
1180_1,-11.892336,-77.028101,1345,45018.0
1180_1,-11.892101,-77.027958,1346,45048.5
1180_1,-11.891872,-77.027810,1347,45078.6
1180_1,-11.891417,-77.027509,1348,45138.9
1180_1,-11.890628,-77.026972,1349,45244.3
1180_1,-11.890612,-77.026960,1350,45246.5
1180_1,-11.890514,-77.026893,1351,45259.6
1180_1,-11.890459,-77.026851,1352,45267.2
1180_1,-11.890405,-77.026805,1353,45275.0
1180_1,-11.890032,-77.026482,1354,45329.4
1180_1,-11.889633,-77.026117,1355,45388.9
1180_1,-11.889422,-77.025912,1356,45421.3
1180_1,-11.889224,-77.025699,1357,45453.3
1180_1,-11.889064,-77.025506,1358,45480.8
1180_1,-11.888873,-77.025276,1359,45513.6
1180_1,-11.888527,-77.024858,1360,45573.2
1180_1,-11.888170,-77.024432,1361,45634.2
1180_1,-11.888113,-77.024363,1362,45644.1
1180_1,-11.887808,-77.023990,1363,45696.9
1180_1,-11.887662,-77.023846,1364,45719.5
1180_1,-11.887496,-77.023694,1365,45744.3
1180_1,-11.887321,-77.023573,1366,45767.8
1180_1,-11.887290,-77.023554,1367,45771.8
1180_1,-11.887187,-77.023492,1368,45785.1
1180_1,-11.887069,-77.023434,1369,45799.7
1180_1,-11.886949,-77.023386,1370,45814.0
1180_1,-11.886818,-77.023341,1371,45829.4
1180_1,-11.886684,-77.023300,1372,45844.9
1180_1,-11.886547,-77.023267,1373,45860.6
1180_1,-11.886413,-77.023243,1374,45875.7
1180_1,-11.886276,-77.023228,1375,45891.0
1180_1,-11.886137,-77.023221,1376,45906.5
1180_1,-11.885966,-77.023221,1377,45925.5
1180_1,-11.885816,-77.023235,1378,45942.2
1180_1,-11.885668,-77.023253,1379,45958.8
1180_1,-11.885210,-77.023339,1380,46010.6
1180_1,-11.885193,-77.023342,1381,46012.5
1180_1,-11.885107,-77.023358,1382,46022.2
1180_1,-11.885021,-77.023375,1383,46032.0
1180_1,-11.884796,-77.023419,1384,46057.5
1180_1,-11.884084,-77.023556,1385,46138.0
1180_1,-11.883544,-77.023647,1386,46198.9
1180_1,-11.883397,-77.023666,1387,46215.3
1180_1,-11.883222,-77.023679,1388,46234.9
1180_1,-11.883089,-77.023674,1389,46249.7
1180_1,-11.882912,-77.023651,1390,46269.5
1180_1,-11.882772,-77.023624,1391,46285.3
1180_1,-11.882655,-77.023596,1392,46298.7
1180_1,-11.882515,-77.023552,1393,46315.0
1180_1,-11.882392,-77.023510,1394,46329.4
1180_1,-11.882290,-77.023465,1395,46341.8
1180_1,-11.882169,-77.023401,1396,46356.9
1180_1,-11.882086,-77.023348,1397,46367.8
1180_1,-11.882003,-77.023288,1398,46379.1
1180_1,-11.881885,-77.023197,1399,46395.5
1180_1,-11.881861,-77.023179,1400,46398.8
1180_1,-11.881794,-77.023124,1401,46408.4
1180_1,-11.881733,-77.023072,1402,46417.2
1180_1,-11.881636,-77.022977,1403,46432.2
1180_1,-11.881540,-77.022867,1404,46448.2
1180_1,-11.881420,-77.022703,1405,46470.5
1180_1,-11.881354,-77.022590,1406,46484.8
1180_1,-11.881293,-77.022481,1407,46498.5
1180_1,-11.881206,-77.022318,1408,46518.7
1180_1,-11.881123,-77.022133,1409,46540.8
1180_1,-11.880887,-77.021616,1410,46602.9
1180_1,-11.880873,-77.021586,1411,46606.5
1180_1,-11.880815,-77.021457,1412,46622.0
1180_1,-11.880763,-77.021330,1413,46636.9
1180_1,-11.880604,-77.020960,1414,46680.9
1180_1,-11.880564,-77.020869,1415,46691.8
1180_1,-11.880427,-77.020585,1416,46726.2
1180_1,-11.880305,-77.020348,1417,46755.4
1180_1,-11.880217,-77.020190,1418,46775.1
1180_1,-11.880193,-77.020153,1419,46780.0
1180_1,-11.880131,-77.020056,1420,46792.6
1180_1,-11.880040,-77.019922,1421,46810.3
1180_1,-11.879972,-77.019828,1422,46823.1
1180_1,-11.879943,-77.019788,1423,46828.5
1180_1,-11.879840,-77.019663,1424,46846.3
1180_1,-11.879739,-77.019544,1425,46863.4
1180_1,-11.879616,-77.019410,1426,46883.4
1180_1,-11.879579,-77.019373,1427,46889.1
1180_1,-11.879421,-77.019221,1428,46913.3
1180_1,-11.879056,-77.018881,1429,46968.2
1180_1,-11.878679,-77.018528,1430,47025.0
1180_1,-11.878263,-77.018139,1431,47087.7
1180_1,-11.878023,-77.017916,1432,47123.8
1180_1,-11.877789,-77.017715,1433,47157.8
1180_1,-11.877633,-77.017605,1434,47178.9
1180_1,-11.877493,-77.017523,1435,47196.8
1180_1,-11.877316,-77.017427,1436,47219.1
1180_1,-11.876754,-77.017166,1437,47287.8
1180_1,-11.876228,-77.016935,1438,47351.4
1180_1,-11.875672,-77.016687,1439,47418.9
1180_1,-11.875143,-77.016429,1440,47484.0
1180_1,-11.874635,-77.016162,1441,47547.6
1180_1,-11.873706,-77.015638,1442,47665.6
1180_1,-11.873602,-77.015580,1443,47678.7
1180_1,-11.873531,-77.015539,1444,47687.8
1180_1,-11.872963,-77.015200,1445,47760.9
1180_1,-11.870925,-77.014034,1446,48020.7
1180_1,-11.870435,-77.013748,1447,48083.4
1180_1,-11.869691,-77.013265,1448,48181.4
1180_1,-11.868962,-77.012774,1449,48278.5
1180_1,-11.868018,-77.012106,1450,48406.2
1180_1,-11.867221,-77.011574,1451,48512.0
1180_1,-11.867097,-77.011522,1452,48526.9
1180_1,-11.866963,-77.011480,1453,48542.5
1180_1,-11.866912,-77.011450,1454,48549.1
1180_1,-11.866862,-77.011421,1455,48555.5
1180_1,-11.866749,-77.011375,1456,48569.0
1180_1,-11.866618,-77.011337,1457,48584.1
1180_1,-11.866501,-77.011317,1458,48597.3
1180_1,-11.866320,-77.011289,1459,48617.7
1180_1,-11.866149,-77.011257,1460,48637.0
1180_1,-11.866032,-77.011225,1461,48650.5
1180_1,-11.865934,-77.011186,1462,48662.2
1180_1,-11.865856,-77.011145,1463,48671.9
1180_1,-11.865795,-77.011105,1464,48680.0
1180_1,-11.865682,-77.011003,1465,48696.8
1180_1,-11.865398,-77.010670,1466,48744.8
1180_1,-11.865335,-77.010593,1467,48755.7
1180_1,-11.865309,-77.010557,1468,48760.6
1180_1,-11.865162,-77.010341,1469,48789.2
1180_1,-11.865061,-77.010155,1470,48812.4
1180_1,-11.864820,-77.009555,1471,48883.0
1180_1,-11.864778,-77.009448,1472,48895.5
1180_1,-11.864762,-77.009419,1473,48899.1
1180_1,-11.864685,-77.009292,1474,48915.4
1180_1,-11.864603,-77.009165,1475,48931.9
1180_1,-11.864495,-77.009040,1476,48950.1
1180_1,-11.864018,-77.008539,1477,49026.2
1180_1,-11.863619,-77.008156,1478,49087.0
1180_1,-11.863396,-77.007953,1479,49120.2
1180_1,-11.863384,-77.007941,1480,49122.1
1180_1,-11.863099,-77.007706,1481,49162.8
1180_1,-11.863048,-77.007666,1482,49170.0
1180_1,-11.862588,-77.007312,1483,49234.0
1180_1,-11.862457,-77.007228,1484,49251.2
1180_1,-11.862247,-77.007093,1485,49278.8
1180_1,-11.862030,-77.006970,1486,49306.4
1180_1,-11.861841,-77.006875,1487,49329.8
1180_1,-11.861279,-77.006670,1488,49396.2
1180_1,-11.861109,-77.006608,1489,49416.2
1180_1,-11.860781,-77.006481,1490,49455.2
1180_1,-11.860659,-77.006431,1491,49469.8
1180_1,-11.860542,-77.006372,1492,49484.4
1180_1,-11.860496,-77.006346,1493,49490.2
1180_1,-11.860441,-77.006314,1494,49497.2
1180_1,-11.860345,-77.006246,1495,49510.2
1180_1,-11.860252,-77.006163,1496,49524.0
1180_1,-11.860137,-77.006061,1497,49540.9
1180_1,-11.859882,-77.005813,1498,49580.0
1180_1,-11.859616,-77.005555,1499,49620.8
1180_1,-11.859463,-77.005406,1500,49644.3
1180_1,-11.859217,-77.005161,1501,49682.5
1180_1,-11.858799,-77.004747,1502,49747.2
1180_1,-11.858751,-77.004703,1503,49754.4
1180_1,-11.858633,-77.004596,1504,49772.0
1180_1,-11.858485,-77.004481,1505,49792.6
1180_1,-11.858365,-77.004407,1506,49808.2
1180_1,-11.858233,-77.004337,1507,49824.8
1180_1,-11.858093,-77.004280,1508,49841.5
1180_1,-11.857939,-77.004236,1509,49859.3
1180_1,-11.857791,-77.004200,1510,49876.2
1180_1,-11.857547,-77.004151,1511,49903.9
1180_1,-11.857473,-77.004136,1512,49912.3
1180_1,-11.857055,-77.004051,1513,49959.6
1180_1,-11.856614,-77.003963,1514,50009.6
1180_1,-11.856068,-77.003861,1515,50071.3
1180_1,-11.855960,-77.003789,1516,50085.7
1180_1,-11.855863,-77.003746,1517,50097.4
1180_1,-11.855131,-77.003595,1518,50180.5
1180_1,-11.854762,-77.003518,1519,50222.3
1180_1,-11.854427,-77.003450,1520,50260.3
1180_1,-11.854022,-77.003361,1521,50306.4
1180_1,-11.853755,-77.003297,1522,50336.9
1180_1,-11.853507,-77.003227,1523,50365.5
1180_1,-11.853329,-77.003174,1524,50386.1
1180_1,-11.852935,-77.003026,1525,50432.8
1180_1,-11.852512,-77.002859,1526,50483.2
1180_1,-11.852401,-77.002814,1527,50496.5
1180_1,-11.851412,-77.002412,1528,50614.8
1180_1,-11.851252,-77.002355,1529,50633.7
1180_1,-11.851096,-77.002309,1530,50651.7
1180_1,-11.850950,-77.002281,1531,50668.2
1180_1,-11.850726,-77.002254,1532,50693.3
1180_1,-11.850470,-77.002255,1533,50721.8
1180_1,-11.850227,-77.002264,1534,50748.8
1180_1,-11.849946,-77.002267,1535,50780.1
1180_1,-11.849797,-77.002268,1536,50796.6
1180_1,-11.849644,-77.002262,1537,50813.7
1180_1,-11.849488,-77.002244,1538,50831.1
1180_1,-11.849299,-77.002211,1539,50852.4
1180_1,-11.849115,-77.002168,1540,50873.4
1180_1,-11.848771,-77.002075,1541,50913.0
1180_1,-11.848316,-77.001900,1542,50967.1
1180_1,-11.847666,-77.001618,1543,51045.6
1180_1,-11.847686,-77.001516,1544,51056.9
1180_1,-11.847976,-77.001617,1545,51091.0
1180_1,-11.848082,-77.001651,1546,51103.3
1180_1,-11.848658,-77.001837,1547,51170.5
1180_1,-11.848766,-77.001867,1548,51182.9
1180_1,-11.849171,-77.001978,1549,51229.6
1180_1,-11.849346,-77.002029,1550,51249.8
1180_1,-11.849650,-77.002119,1551,51285.0
1180_1,-11.849854,-77.002122,1552,51307.7
1435SX_0,-12.033073,-77.114822,0,0.0
1435SX_0,-12.033199,-77.115079,1,31.3
1435SX_0,-12.033324,-77.115342,2,63.1
1435SX_0,-12.033346,-77.115387,3,68.5
1435SX_0,-12.033389,-77.115474,4,79.1
1435SX_0,-12.033435,-77.115571,5,90.9
1435SX_0,-12.033531,-77.115760,6,114.0
1435SX_0,-12.033578,-77.115810,7,121.6
1435SX_0,-12.033599,-77.115827,8,124.5
1435SX_0,-12.033638,-77.115857,9,130.0
1435SX_0,-12.033692,-77.115875,10,136.3
1435SX_0,-12.033755,-77.115890,11,143.5
1435SX_0,-12.033839,-77.115895,12,152.8
1435SX_0,-12.033891,-77.115890,13,158.6
1435SX_0,-12.033942,-77.115874,14,164.6
1435SX_0,-12.034021,-77.115838,15,174.2
1435SX_0,-12.034110,-77.115811,16,184.5
1435SX_0,-12.034307,-77.115781,17,206.7
1435SX_0,-12.035115,-77.115388,18,306.2
1435SX_0,-12.035609,-77.115222,19,364.0
1435SX_0,-12.036318,-77.114912,20,449.7
1435SX_0,-12.036564,-77.114805,21,479.4
1435SX_0,-12.036674,-77.114764,22,492.5
1435SX_0,-12.036969,-77.114655,23,527.3
1435SX_0,-12.037068,-77.114650,24,538.4
1435SX_0,-12.037172,-77.114658,25,550.0
1435SX_0,-12.037307,-77.114700,26,565.6
1435SX_0,-12.037454,-77.114753,27,583.0
1435SX_0,-12.037551,-77.114812,28,595.5
1435SX_0,-12.037613,-77.114867,29,604.7
1435SX_0,-12.037664,-77.114927,30,613.3
1435SX_0,-12.037722,-77.115025,31,625.8
1435SX_0,-12.037755,-77.115098,32,634.5
1435SX_0,-12.037826,-77.115250,33,652.8
1435SX_0,-12.037896,-77.115410,34,671.9
1435SX_0,-12.037985,-77.115623,35,697.1
1435SX_0,-12.038083,-77.115892,36,728.3
1435SX_0,-12.038168,-77.116098,37,752.6
1435SX_0,-12.038239,-77.116216,38,767.7
1435SX_0,-12.038335,-77.116315,39,782.8
1435SX_0,-12.038505,-77.116401,40,803.9
1435SX_0,-12.038648,-77.116431,41,820.2
1435SX_0,-12.038800,-77.116410,42,837.2
1435SX_0,-12.038886,-77.116354,43,848.5
1435SX_0,-12.038956,-77.116285,44,859.4
1435SX_0,-12.039007,-77.116214,45,868.9
1435SX_0,-12.039067,-77.116062,46,886.8
1435SX_0,-12.039100,-77.115821,47,913.2
1435SX_0,-12.039180,-77.115254,48,975.5
1435SX_0,-12.039252,-77.114829,49,1022.4
1435SX_0,-12.039603,-77.113161,50,1208.0
1435SX_0,-12.039645,-77.112946,51,1231.8
1435SX_0,-12.039665,-77.112870,52,1240.4
1435SX_0,-12.039715,-77.112780,53,1251.6
1435SX_0,-12.039795,-77.112686,54,1265.2
1435SX_0,-12.039848,-77.112651,55,1272.2
1435SX_0,-12.039894,-77.112610,56,1279.0
1435SX_0,-12.039949,-77.112537,57,1289.0
1435SX_0,-12.039988,-77.112482,58,1296.4
1435SX_0,-12.040004,-77.112439,59,1301.4
1435SX_0,-12.040028,-77.112374,60,1309.0
1435SX_0,-12.040034,-77.112313,61,1315.6
1435SX_0,-12.040025,-77.112237,62,1324.0
1435SX_0,-12.040028,-77.112095,63,1339.4
1435SX_0,-12.040043,-77.112009,64,1348.9
1435SX_0,-12.040076,-77.111904,65,1360.9
1435SX_0,-12.040128,-77.111781,66,1375.5
1435SX_0,-12.040190,-77.111621,67,1394.2
1435SX_0,-12.040323,-77.110973,68,1466.2
1435SX_0,-12.040534,-77.109994,69,1575.2
1435SX_0,-12.040640,-77.109463,70,1634.1
1435SX_0,-12.040662,-77.109258,71,1656.6
1435SX_0,-12.040662,-77.109026,72,1681.8
1435SX_0,-12.040631,-77.108746,73,1712.4
1435SX_0,-12.040598,-77.108505,74,1738.9
1435SX_0,-12.040575,-77.108371,75,1753.7
1435SX_0,-12.040576,-77.108278,76,1763.8
1435SX_0,-12.040596,-77.108200,77,1772.6
1435SX_0,-12.040628,-77.108141,78,1779.9
1435SX_0,-12.040684,-77.108086,79,1788.6
1435SX_0,-12.040739,-77.108060,80,1795.3
1435SX_0,-12.040761,-77.108054,81,1797.8
1435SX_0,-12.040810,-77.108040,82,1803.5
1435SX_0,-12.040860,-77.108041,83,1809.0
1435SX_0,-12.040893,-77.108050,84,1812.8
1435SX_0,-12.040955,-77.108067,85,1820.0
1435SX_0,-12.041385,-77.108325,86,1875.4
1435SX_0,-12.041672,-77.108501,87,1912.6
1435SX_0,-12.041791,-77.108575,88,1928.1
1435SX_0,-12.041849,-77.108621,89,1936.3
1435SX_0,-12.041879,-77.108660,90,1941.7
1435SX_0,-12.041892,-77.108696,91,1945.8
1435SX_0,-12.041899,-77.108739,92,1950.6
1435SX_0,-12.041892,-77.108802,93,1957.5
1435SX_0,-12.041865,-77.108948,94,1973.6
1435SX_0,-12.041652,-77.110332,95,2126.0
1435SX_0,-12.041609,-77.110791,96,2176.1
1435SX_0,-12.040638,-77.114565,97,2600.5
1435SX_0,-12.040357,-77.115685,98,2726.3
1435SX_0,-12.040335,-77.115782,99,2737.1
1435SX_0,-12.040313,-77.115879,100,2747.9
1435SX_0,-12.040283,-77.116048,101,2766.6
1435SX_0,-12.041109,-77.116127,102,2858.9
1435SX_0,-12.041472,-77.116107,103,2899.3
1435SX_0,-12.041843,-77.116079,104,2940.6
1435SX_0,-12.041856,-77.115984,105,2951.1
1435SX_0,-12.041855,-77.115820,106,2968.9
1435SX_0,-12.041724,-77.115823,107,2983.5
1435SX_0,-12.041747,-77.115711,108,2995.9
1435SX_0,-12.041501,-77.115723,109,3023.3
1435SX_0,-12.041154,-77.115741,110,3061.9
1435SX_0,-12.040849,-77.115752,111,3095.9
1435SX_0,-12.040709,-77.115735,112,3111.6
1435SX_0,-12.040663,-77.115721,113,3116.9
1435SX_0,-12.040632,-77.115706,114,3120.7
1435SX_0,-12.040614,-77.115672,115,3124.9
1435SX_0,-12.040602,-77.115632,116,3129.5
1435SX_0,-12.040611,-77.115575,117,3135.7
1435SX_0,-12.040682,-77.115299,118,3166.8
1435SX_0,-12.040713,-77.115176,119,3180.6
1435SX_0,-12.040779,-77.114920,120,3209.4
1435SX_0,-12.040839,-77.114683,121,3236.0
1435SX_0,-12.040905,-77.114425,122,3265.0
1435SX_0,-12.040909,-77.114407,123,3267.0
1435SX_0,-12.040975,-77.114150,124,3295.9
1435SX_0,-12.041038,-77.113901,125,3323.9
1435SX_0,-12.041106,-77.113633,126,3354.0
1435SX_0,-12.041249,-77.113073,127,3416.9
1435SX_0,-12.041258,-77.113040,128,3420.6
1435SX_0,-12.041379,-77.112566,129,3473.9
1435SX_0,-12.041391,-77.112518,130,3479.3
1435SX_0,-12.041430,-77.112364,131,3496.6
1435SX_0,-12.041622,-77.111612,132,3581.1
1435SX_0,-12.041734,-77.111172,133,3630.6
1435SX_0,-12.041740,-77.111148,134,3633.3
1435SX_0,-12.041846,-77.110733,135,3679.9
1435SX_0,-12.042083,-77.109802,136,3784.5
1435SX_0,-12.042235,-77.109206,137,3851.5
1435SX_0,-12.042250,-77.109079,138,3865.4
1435SX_0,-12.042259,-77.108967,139,3877.6
1435SX_0,-12.042261,-77.108870,140,3888.2
1435SX_0,-12.042251,-77.108764,141,3899.8
1435SX_0,-12.042192,-77.108300,142,3950.7
1435SX_0,-12.042189,-77.108278,143,3953.1
1435SX_0,-12.042153,-77.108019,144,3981.5
1435SX_0,-12.042123,-77.107800,145,4005.6
1435SX_0,-12.042157,-77.107764,146,4011.0
1435SX_0,-12.042166,-77.107725,147,4015.4
1435SX_0,-12.042160,-77.107688,148,4019.4
1435SX_0,-12.042145,-77.107671,149,4021.9
1435SX_0,-12.042099,-77.107651,150,4027.5
1435SX_0,-12.042088,-77.107536,151,4040.1
1435SX_0,-12.041945,-77.106424,152,4162.0
1435SX_0,-12.041938,-77.106374,153,4167.5
1435SX_0,-12.041860,-77.105761,154,4234.7
1435SX_0,-12.041785,-77.105176,155,4298.9
1435SX_0,-12.041675,-77.104348,156,4389.8
1435SX_0,-12.041630,-77.104013,157,4426.6
1435SX_0,-12.041590,-77.103736,158,4457.0
1435SX_0,-12.041555,-77.103465,159,4486.7
1435SX_0,-12.041519,-77.103213,160,4514.4
1435SX_0,-12.041518,-77.103201,161,4515.7
1435SX_0,-12.041481,-77.102931,162,4545.4
1435SX_0,-12.041450,-77.102711,163,4569.6
1435SX_0,-12.041442,-77.102658,164,4575.4
1435SX_0,-12.041397,-77.102333,165,4611.1
1435SX_0,-12.041337,-77.102101,166,4637.2
1435SX_0,-12.041290,-77.101913,167,4658.3
1435SX_0,-12.041284,-77.101882,168,4661.7
1435SX_0,-12.041173,-77.101492,169,4705.9
1435SX_0,-12.041101,-77.101137,170,4745.3
1435SX_0,-12.041094,-77.101088,171,4750.7
1435SX_0,-12.041052,-77.100663,172,4797.2
1435SX_0,-12.041044,-77.100552,173,4809.3
1435SX_0,-12.041019,-77.100447,174,4821.0
1435SX_0,-12.041006,-77.100331,175,4833.7
1435SX_0,-12.040978,-77.100285,176,4839.6
1435SX_0,-12.040949,-77.100265,177,4843.5
1435SX_0,-12.040787,-77.100276,178,4861.5
1435SX_0,-12.040746,-77.100279,179,4866.1
1435SX_0,-12.040716,-77.100281,180,4869.5
1435SX_0,-12.040672,-77.100284,181,4874.4
1435SX_0,-12.040664,-77.100228,182,4880.5
1435SX_0,-12.040651,-77.100103,183,4894.2
1435SX_0,-12.040648,-77.100060,184,4898.9
1435SX_0,-12.040646,-77.100027,185,4902.5
1435SX_0,-12.040643,-77.099868,186,4919.8
1435SX_0,-12.040648,-77.099717,187,4936.2
1435SX_0,-12.040656,-77.099360,188,4975.0
1435SX_0,-12.040656,-77.099297,189,4981.9
1435SX_0,-12.040653,-77.099201,190,4992.3
1435SX_0,-12.040634,-77.099004,191,5013.9
1435SX_0,-12.040136,-77.099077,192,5069.8
1435SX_0,-12.040090,-77.099083,193,5074.9
1435SX_0,-12.039971,-77.099101,194,5088.3
1435SX_0,-12.039327,-77.099164,195,5160.3
1435SX_0,-12.039075,-77.099183,196,5188.4
1435SX_0,-12.038148,-77.099120,197,5291.7
1435SX_0,-12.037951,-77.099114,198,5313.6
1435SX_0,-12.037144,-77.099146,199,5403.4
1435SX_0,-12.036469,-77.099268,200,5479.6
1435SX_0,-12.036204,-77.099292,201,5509.2
1435SX_0,-12.036066,-77.099304,202,5524.6
1435SX_0,-12.035735,-77.099312,203,5561.4
1435SX_0,-12.035624,-77.099315,204,5573.7
1435SX_0,-12.035503,-77.099333,205,5587.3
1435SX_0,-12.035459,-77.099349,206,5592.5
1435SX_0,-12.034995,-77.099485,207,5646.2
1435SX_0,-12.034640,-77.099583,208,5687.1
1435SX_0,-12.034519,-77.099622,209,5701.2
1435SX_0,-12.034188,-77.099727,210,5739.7
1435SX_0,-12.033884,-77.099849,211,5776.1
1435SX_0,-12.033623,-77.099955,212,5807.3
1435SX_0,-12.033515,-77.100000,213,5820.2
1435SX_0,-12.033386,-77.100059,214,5836.0
1435SX_0,-12.033348,-77.100103,215,5842.3
1435SX_0,-12.033310,-77.100149,216,5848.9
1435SX_0,-12.033176,-77.100306,217,5871.6
1435SX_0,-12.032971,-77.100442,218,5898.7
1435SX_0,-12.031943,-77.100939,219,6025.2
1435SX_0,-12.030930,-77.101449,220,6150.7
1435SX_0,-12.027805,-77.103002,221,6537.1
1435SX_0,-12.027759,-77.103025,222,6542.8
1435SX_0,-12.027720,-77.103055,223,6548.2
1435SX_0,-12.027660,-77.103110,224,6557.2
1435SX_0,-12.027608,-77.103172,225,6566.0
1435SX_0,-12.027525,-77.103249,226,6578.5
1435SX_0,-12.027447,-77.103305,227,6589.1
1435SX_0,-12.027369,-77.103348,228,6599.0
1435SX_0,-12.026758,-77.103664,229,6675.1
1435SX_0,-12.025684,-77.104260,230,6811.0
1435SX_0,-12.025218,-77.104533,231,6870.7
1435SX_0,-12.025075,-77.104617,232,6889.0
1435SX_0,-12.024469,-77.104960,233,6966.1
1435SX_0,-12.024455,-77.104968,234,6967.8
1435SX_0,-12.024266,-77.105076,235,6991.9
1435SX_0,-12.024158,-77.105103,236,7004.3
1435SX_0,-12.024060,-77.105117,237,7015.3
1435SX_0,-12.023946,-77.105126,238,7028.0
1435SX_0,-12.023847,-77.105138,239,7039.1
1435SX_0,-12.023756,-77.105166,240,7049.6
1435SX_0,-12.023078,-77.105496,241,7133.1
1435SX_0,-12.022965,-77.105546,242,7146.8
1435SX_0,-12.022940,-77.105554,243,7149.7
1435SX_0,-12.022914,-77.105562,244,7152.8
1435SX_0,-12.022838,-77.105579,245,7161.4
1435SX_0,-12.022538,-77.105645,246,7195.5
1435SX_0,-12.022269,-77.105705,247,7226.2
1435SX_0,-12.022195,-77.105721,248,7234.6
1435SX_0,-12.021959,-77.105800,249,7262.2
1435SX_0,-12.021736,-77.105909,250,7289.7
1435SX_0,-12.021528,-77.106046,251,7317.2
1435SX_0,-12.021503,-77.106068,252,7320.8
1435SX_0,-12.021439,-77.106124,253,7330.2
1435SX_0,-12.021395,-77.106177,254,7337.8
1435SX_0,-12.021369,-77.106238,255,7345.0
1435SX_0,-12.021356,-77.106303,256,7352.2
1435SX_0,-12.021289,-77.106437,257,7368.6
1435SX_0,-12.021231,-77.106514,258,7379.2
1435SX_0,-12.021174,-77.106560,259,7387.2
1435SX_0,-12.021091,-77.106605,260,7397.7
1435SX_0,-12.020933,-77.106682,261,7417.1
1435SX_0,-12.020795,-77.106743,262,7433.9
1435SX_0,-12.020595,-77.106845,263,7458.7
1435SX_0,-12.020431,-77.106927,264,7479.0
1435SX_0,-12.020245,-77.107022,265,7502.1
1435SX_0,-12.020105,-77.107113,266,7520.6
1435SX_0,-12.020018,-77.107169,267,7532.0
1435SX_0,-12.019895,-77.107245,268,7548.0
1435SX_0,-12.019736,-77.107323,269,7567.6
1435SX_0,-12.019484,-77.107459,270,7599.3
1435SX_0,-12.019397,-77.107495,271,7609.7
1435SX_0,-12.019322,-77.107514,272,7618.3
1435SX_0,-12.019232,-77.107525,273,7628.4
1435SX_0,-12.019119,-77.107536,274,7641.0
1435SX_0,-12.019036,-77.107547,275,7650.3
1435SX_0,-12.018961,-77.107554,276,7658.7
1435SX_0,-12.018859,-77.107575,277,7670.3
1435SX_0,-12.018775,-77.107608,278,7680.3
1435SX_0,-12.018736,-77.107620,279,7684.8
1435SX_0,-12.018635,-77.107671,280,7697.3
1435SX_0,-12.017890,-77.108026,281,7788.7
1435SX_0,-12.017128,-77.108391,282,7882.3
1435SX_0,-12.017103,-77.108407,283,7885.6
1435SX_0,-12.017055,-77.108458,284,7893.3
1435SX_0,-12.017016,-77.108501,285,7899.6
1435SX_0,-12.016959,-77.108581,286,7910.4
1435SX_0,-12.016897,-77.108659,287,7921.3
1435SX_0,-12.016817,-77.108733,288,7933.3
1435SX_0,-12.016774,-77.108768,289,7939.4
1435SX_0,-12.016729,-77.108792,290,7945.1
1435SX_0,-12.016693,-77.108811,291,7949.6
1435SX_0,-12.016010,-77.109138,292,8033.5
1435SX_0,-12.015308,-77.109489,293,8120.3
1435SX_0,-12.014491,-77.109873,294,8220.3
1435SX_0,-12.014422,-77.109908,295,8228.9
1435SX_0,-12.014320,-77.109949,296,8241.1
1435SX_0,-12.013591,-77.110318,297,8331.5
1435SX_0,-12.013490,-77.110410,298,8346.6
1435SX_0,-12.013404,-77.110485,299,8359.1
1435SX_0,-12.013370,-77.110516,300,8364.2
1435SX_0,-12.013297,-77.110609,301,8377.2
1435SX_0,-12.013102,-77.110827,302,8409.3
1435SX_0,-12.013035,-77.110912,303,8421.2
1435SX_0,-12.012956,-77.110972,304,8432.1
1435SX_0,-12.012778,-77.111056,305,8453.9
1435SX_0,-12.012704,-77.111090,306,8462.9
1435SX_0,-12.012636,-77.111111,307,8470.8
1435SX_0,-12.012552,-77.111118,308,8480.2
1435SX_0,-12.012385,-77.111093,309,8499.0
1435SX_0,-12.012262,-77.111083,310,8512.7
1435SX_0,-12.012228,-77.111088,311,8516.5
1435SX_0,-12.012061,-77.111125,312,8535.5
1435SX_0,-12.011786,-77.111210,313,8567.5
1435SX_0,-12.011714,-77.111236,314,8576.0
1435SX_0,-12.011425,-77.111377,315,8611.6
1435SX_0,-12.011005,-77.111599,316,8664.1
1435SX_0,-12.010546,-77.111806,317,8719.9
1435SX_0,-12.010225,-77.111939,318,8758.4
1435SX_0,-12.010074,-77.112001,319,8776.5
1435SX_0,-12.009844,-77.112055,320,8802.8
1435SX_0,-12.009677,-77.112123,321,8822.8
1435SX_0,-12.009600,-77.112154,322,8832.0
1435SX_0,-12.009004,-77.112428,323,8904.6
1435SX_0,-12.008769,-77.112548,324,8933.8
1435SX_0,-12.008673,-77.112597,325,8945.8
1435SX_0,-12.008650,-77.112609,326,8948.6
1435SX_0,-12.008479,-77.112722,327,8971.3
1435SX_0,-12.008189,-77.112931,328,9010.7
1435SX_0,-12.007752,-77.113152,329,9064.9
1435SX_0,-12.007402,-77.113316,330,9107.8
1435SX_0,-12.006648,-77.113673,331,9200.2
1435SX_0,-12.006391,-77.113760,332,9230.3
1435SX_0,-12.006273,-77.113783,333,9243.6
1435SX_0,-12.006124,-77.113835,334,9261.1
1435SX_0,-12.006087,-77.113854,335,9265.7
1435SX_0,-12.005628,-77.114080,336,9322.4
1435SX_0,-12.005516,-77.114135,337,9336.2
1435SX_0,-12.005435,-77.114175,338,9346.2
1435SX_0,-12.005149,-77.114316,339,9381.5
1435SX_0,-12.004167,-77.114835,340,9504.4
1435SX_0,-12.003930,-77.114976,341,9534.9
1435SX_0,-12.003820,-77.115093,342,9552.6
1435SX_0,-12.003730,-77.115184,343,9566.6
1435SX_0,-12.003655,-77.115250,344,9577.6
1435SX_0,-12.003401,-77.115380,345,9609.2
1435SX_0,-12.003157,-77.115501,346,9639.4
1435SX_0,-12.003004,-77.115536,347,9656.8
1435SX_0,-12.002896,-77.115542,348,9668.8
1435SX_0,-12.002731,-77.115525,349,9687.3
1435SX_0,-12.002661,-77.115533,350,9695.1
1435SX_0,-12.002311,-77.115703,351,9738.2
1435SX_0,-12.002207,-77.115780,352,9752.5
1435SX_0,-12.002112,-77.115841,353,9765.0
1435SX_0,-12.001903,-77.115955,354,9791.3
1435SX_0,-12.001724,-77.116051,355,9813.8
1435SX_0,-12.001575,-77.116093,356,9831.0
1435SX_0,-12.001426,-77.116132,357,9848.1
1435SX_0,-12.001274,-77.116156,358,9865.2
1435SX_0,-12.001219,-77.116161,359,9871.3
1435SX_0,-12.001120,-77.116166,360,9882.3
1435SX_0,-12.000967,-77.116160,361,9899.3
1435SX_0,-12.000814,-77.116140,362,9916.5
1435SX_0,-12.000667,-77.116095,363,9933.6
1435SX_0,-12.000451,-77.116014,364,9959.1
1435SX_0,-12.000225,-77.115888,365,9987.8
1435SX_0,-11.999857,-77.115530,366,10044.3
1435SX_0,-11.999821,-77.115495,367,10049.8
1435SX_0,-11.999538,-77.115220,368,10093.2
1435SX_0,-11.999212,-77.114903,369,10143.2
1435SX_0,-11.998987,-77.114685,370,10177.7
1435SX_0,-11.998769,-77.114317,371,10224.5
1435SX_0,-11.998563,-77.114083,372,10258.7
1435SX_0,-11.997663,-77.113217,373,10396.2
1435SX_0,-11.997541,-77.113099,374,10414.8
1435SX_0,-11.997196,-77.112774,375,10467.0
1435SX_0,-11.997133,-77.112715,376,10476.5
1435SX_0,-11.996925,-77.112515,377,10508.2
1435SX_0,-11.996862,-77.112454,378,10517.9
1435SX_0,-11.996737,-77.112335,379,10536.9
1435SX_0,-11.995510,-77.111221,380,10719.4
1435SX_0,-11.994478,-77.110261,381,10874.5
1435SX_0,-11.994410,-77.110201,382,10884.5
1435SX_0,-11.994356,-77.110151,383,10892.6
1435SX_0,-11.994270,-77.110074,384,10905.3
1435SX_0,-11.994183,-77.109996,385,10918.2
1435SX_0,-11.992891,-77.108818,386,11110.7
1435SX_0,-11.992737,-77.108678,387,11133.6
1435SX_0,-11.992661,-77.108608,388,11145.0
1435SX_0,-11.992247,-77.108226,389,11207.0
1435SX_0,-11.991758,-77.107774,390,11280.3
1435SX_0,-11.991103,-77.107196,391,11376.5
1435SX_0,-11.990977,-77.107085,392,11395.0
1435SX_0,-11.990912,-77.107021,393,11405.0
1435SX_0,-11.990755,-77.106869,394,11429.1
1435SX_0,-11.990698,-77.106812,395,11437.9
1435SX_0,-11.990491,-77.106609,396,11469.8
1435SX_0,-11.990414,-77.106541,397,11481.1
1435SX_0,-11.990155,-77.106287,398,11521.1
1435SX_0,-11.989888,-77.106019,399,11562.7
1435SX_0,-11.989732,-77.105867,400,11586.6
1435SX_0,-11.989573,-77.105687,401,11613.0
1435SX_0,-11.989447,-77.105540,402,11634.3
1435SX_0,-11.989394,-77.105479,403,11643.1
1435SX_0,-11.989370,-77.105445,404,11647.7
1435SX_0,-11.989161,-77.105025,405,11699.0
1435SX_0,-11.989072,-77.104869,406,11718.6
1435SX_0,-11.987948,-77.103580,407,11906.4
1435SX_0,-11.987244,-77.102799,408,12021.9
1435SX_0,-11.987043,-77.102568,409,12055.6
1435SX_0,-11.986351,-77.101809,410,12168.4
1435SX_0,-11.986313,-77.101766,411,12174.7
1435SX_0,-11.985484,-77.100831,412,12312.0
1435SX_0,-11.985436,-77.100778,413,12319.8
1435SX_0,-11.985260,-77.100579,414,12349.0
1435SX_0,-11.984803,-77.100074,415,12423.9
1435SX_0,-11.984186,-77.099391,416,12525.0
1435SX_0,-11.984071,-77.099256,417,12544.4
1435SX_0,-11.983967,-77.099140,418,12561.6
1435SX_0,-11.983853,-77.099014,419,12580.2
1435SX_0,-11.983787,-77.098939,420,12591.2
1435SX_0,-11.983736,-77.098883,421,12599.5
1435SX_0,-11.983525,-77.098648,422,12634.2
1435SX_0,-11.983270,-77.098365,423,12676.1
1435SX_0,-11.982749,-77.097775,424,12762.5
1435SX_0,-11.981796,-77.096729,425,12918.0
1435SX_0,-11.981656,-77.096575,426,12940.9
1435SX_0,-11.981528,-77.096423,427,12962.7
1435SX_0,-11.981185,-77.096045,428,13018.8
1435SX_0,-11.980195,-77.094956,429,13180.5
1435SX_0,-11.980119,-77.094876,430,13192.6
1435SX_0,-11.979859,-77.094577,431,13236.1
1435SX_0,-11.979815,-77.094518,432,13244.2
1435SX_0,-11.979504,-77.094161,433,13296.2
1435SX_0,-11.979268,-77.093920,434,13333.3
1435SX_0,-11.978155,-77.092669,435,13517.2
1435SX_0,-11.978098,-77.092604,436,13526.7
1435SX_0,-11.978061,-77.092560,437,13533.0
1435SX_0,-11.977985,-77.092469,438,13546.0
1435SX_0,-11.977060,-77.091404,439,13701.0
1435SX_0,-11.976792,-77.091092,440,13746.1
1435SX_0,-11.976741,-77.091033,441,13754.7
1435SX_0,-11.975736,-77.089856,442,13924.6
1435SX_0,-11.975670,-77.089782,443,13935.5
1435SX_0,-11.975029,-77.089002,444,14046.3
1435SX_0,-11.974841,-77.088790,445,14077.5
1435SX_0,-11.974683,-77.088735,446,14096.0
1435SX_0,-11.974656,-77.088702,447,14100.7
1435SX_0,-11.974497,-77.088490,448,14129.8
1435SX_0,-11.974426,-77.088367,449,14145.3
1435SX_0,-11.974415,-77.088348,450,14147.7
1435SX_0,-11.974387,-77.088292,451,14154.5
1435SX_0,-11.974307,-77.088113,452,14175.9
1435SX_0,-11.974222,-77.087884,453,14202.6
1435SX_0,-11.974217,-77.087797,454,14212.1
1435SX_0,-11.974452,-77.087409,455,14261.7
1435SX_0,-11.974511,-77.087323,456,14273.1
1435SX_0,-11.975189,-77.086562,457,14385.1
1435SX_0,-11.975505,-77.086218,458,14436.4
1435SX_0,-11.975793,-77.085851,459,14487.6
1435SX_0,-11.975809,-77.085830,460,14490.5
1435SX_0,-11.976015,-77.085490,461,14534.0
1435SX_0,-11.976067,-77.085381,462,14547.2
1435SX_0,-11.976164,-77.085177,463,14571.9
1435SX_0,-11.976202,-77.085069,464,14584.3
1435SX_0,-11.976248,-77.084937,465,14599.6
1435SX_0,-11.976275,-77.084860,466,14608.5
1435SX_0,-11.976379,-77.084462,467,14653.3
1435SX_0,-11.976466,-77.084064,468,14697.7
1435SX_0,-11.976507,-77.083876,469,14718.6
1435SX_0,-11.976555,-77.083681,470,14740.5
1435SX_0,-11.976619,-77.083404,471,14771.4
1435SX_0,-11.976621,-77.083396,472,14772.3
1435SX_0,-11.976646,-77.083295,473,14783.7
1435SX_0,-11.976658,-77.083230,474,14790.9
1435SX_0,-11.976674,-77.083145,475,14800.3
1435SX_0,-11.976694,-77.083049,476,14811.0
1435SX_0,-11.976875,-77.082311,477,14893.7
1435SX_0,-11.977131,-77.081208,478,15017.0
1435SX_0,-11.977409,-77.080042,479,15147.6
1435SX_0,-11.977513,-77.079577,480,15199.5
1435SX_0,-11.977595,-77.079210,481,15240.4
1435SX_0,-11.977820,-77.078202,482,15352.9
1435SX_0,-11.977839,-77.078119,483,15362.1
1435SX_0,-11.977891,-77.077876,484,15389.2
1435SX_0,-11.977895,-77.077857,485,15391.3
1435SX_0,-11.977907,-77.077803,486,15397.3
1435SX_0,-11.977930,-77.077707,487,15408.1
1435SX_0,-11.978130,-77.076801,488,15509.1
1435SX_0,-11.978167,-77.076633,489,15527.8
1435SX_0,-11.978578,-77.074801,490,15732.3
1435SX_0,-11.978644,-77.074456,491,15770.5
1435SX_0,-11.978703,-77.073992,492,15821.4
1435SX_0,-11.978713,-77.073775,493,15845.1
1435SX_0,-11.978708,-77.073493,494,15875.7
1435SX_0,-11.978688,-77.073244,495,15902.9
1435SX_0,-11.978657,-77.073021,496,15927.4
1435SX_0,-11.978579,-77.072541,497,15980.3
1435SX_0,-11.978560,-77.072414,498,15994.3
1435SX_0,-11.978542,-77.072240,499,16013.3
1435SX_0,-11.978533,-77.072184,500,16019.5
1435SX_0,-11.978529,-77.072156,501,16022.6
1435SX_0,-11.978312,-77.070721,502,16180.5
1435SX_0,-11.978136,-77.069560,503,16308.3
1435SX_0,-11.977982,-77.068590,504,16415.2
1435SX_0,-11.977950,-77.068388,505,16437.5
1435SX_0,-11.977902,-77.068048,506,16474.8
1435SX_0,-11.977809,-77.067446,507,16541.1
1435SX_0,-11.977775,-77.067231,508,16564.8
1435SX_0,-11.977770,-77.067156,509,16573.0
1435SX_0,-11.977767,-77.067097,510,16579.4
1435SX_0,-11.977777,-77.067015,511,16588.4
1435SX_0,-11.977803,-77.066913,512,16599.9
1435SX_0,-11.977856,-77.066816,513,16612.0
1435SX_0,-11.977936,-77.066735,514,16624.5
1435SX_0,-11.978022,-77.066677,515,16636.0
1435SX_0,-11.978100,-77.066608,516,16647.4
1435SX_0,-11.978168,-77.066529,517,16658.9
1435SX_0,-11.978237,-77.066422,518,16672.8
1435SX_0,-11.978260,-77.066369,519,16679.1
1435SX_0,-11.978289,-77.066305,520,16686.8
1435SX_0,-11.978322,-77.066181,521,16700.8
1435SX_0,-11.978336,-77.066052,522,16714.9
1435SX_0,-11.978329,-77.065922,523,16729.0
1435SX_0,-11.978302,-77.065795,524,16743.2
1435SX_0,-11.978256,-77.065673,525,16757.4
1435SX_0,-11.978174,-77.065536,526,16774.9
1435SX_0,-11.978116,-77.065464,527,16785.0
1435SX_0,-11.977957,-77.065335,528,16807.6
1435SX_0,-11.977835,-77.065272,529,16822.8
1435SX_0,-11.977703,-77.065232,530,16838.1
1435SX_0,-11.977592,-77.065143,531,16853.8
1435SX_0,-11.977508,-77.065051,532,16867.5
1435SX_0,-11.977458,-77.064935,533,16881.3
1435SX_0,-11.977415,-77.064797,534,16897.0
1435SX_0,-11.977345,-77.064430,535,16937.7
1435SX_0,-11.977332,-77.064347,536,16946.8
1435SX_0,-11.977222,-77.063651,537,17023.5
1435SX_0,-11.977137,-77.063068,538,17087.6
1435SX_0,-11.977123,-77.062983,539,17097.0
1435SX_0,-11.977075,-77.062687,540,17129.6
1435SX_0,-11.976879,-77.061439,541,17267.1
1435SX_0,-11.976829,-77.061096,542,17304.9
1435SX_0,-11.976790,-77.060744,543,17343.4
1435SX_0,-11.976774,-77.060620,544,17357.0
1435SX_1,-11.976658,-77.060551,0,0.0
1435SX_1,-11.976780,-77.061454,1,99.2
1435SX_1,-11.976849,-77.061966,2,155.4
1435SX_1,-11.976946,-77.062634,3,228.8
1435SX_1,-11.976958,-77.062707,4,236.9
1435SX_1,-11.977007,-77.062998,5,269.0
1435SX_1,-11.977049,-77.063247,6,296.5
1435SX_1,-11.977088,-77.063512,7,325.6
1435SX_1,-11.977239,-77.064441,8,428.1
1435SX_1,-11.977305,-77.064816,9,469.5
1435SX_1,-11.977311,-77.064950,10,484.1
1435SX_1,-11.977296,-77.065089,11,499.3
1435SX_1,-11.977255,-77.065177,12,509.9
1435SX_1,-11.977241,-77.065206,13,513.4
1435SX_1,-11.977136,-77.065326,14,531.0
1435SX_1,-11.977013,-77.065416,15,547.8
1435SX_1,-11.976910,-77.065529,16,564.6
1435SX_1,-11.976829,-77.065659,17,581.3
1435SX_1,-11.976789,-77.065768,18,594.0
1435SX_1,-11.976764,-77.065838,19,602.1
1435SX_1,-11.976743,-77.065989,20,618.7
1435SX_1,-11.976750,-77.066142,21,635.4
1435SX_1,-11.976784,-77.066291,22,652.0
1435SX_1,-11.976846,-77.066431,23,668.7
1435SX_1,-11.976945,-77.066572,24,687.6
1435SX_1,-11.977040,-77.066664,25,702.1
1435SX_1,-11.977100,-77.066706,26,710.2
1435SX_1,-11.977149,-77.066740,27,716.8
1435SX_1,-11.977178,-77.066753,28,720.3
1435SX_1,-11.977268,-77.066795,29,731.3
1435SX_1,-11.977395,-77.066860,30,747.1
1435SX_1,-11.977503,-77.066946,31,762.4
1435SX_1,-11.977526,-77.066976,32,766.5
1435SX_1,-11.977569,-77.067031,33,774.2
1435SX_1,-11.977627,-77.067143,34,787.9
1435SX_1,-11.977657,-77.067254,35,800.5
1435SX_1,-11.977798,-77.068104,36,894.2
1435SX_1,-11.977804,-77.068149,37,899.2
1435SX_1,-11.977856,-77.068470,38,934.6
1435SX_1,-11.977945,-77.069027,39,996.0
1435SX_1,-11.978148,-77.070371,40,1143.9
1435SX_1,-11.978348,-77.071695,41,1289.6
1435SX_1,-11.978412,-77.072193,42,1344.3
1435SX_1,-11.978419,-77.072242,43,1349.6
1435SX_1,-11.978446,-77.072414,44,1368.6
1435SX_1,-11.978463,-77.072509,45,1379.1
1435SX_1,-11.978471,-77.072559,46,1384.6
1435SX_1,-11.978535,-77.073022,47,1435.5
1435SX_1,-11.978564,-77.073251,48,1460.6
1435SX_1,-11.978589,-77.073495,49,1487.3
1435SX_1,-11.978599,-77.073772,50,1517.4
1435SX_1,-11.978592,-77.073988,51,1540.9
1435SX_1,-11.978536,-77.074439,52,1590.4
1435SX_1,-11.978469,-77.074778,53,1628.0
1435SX_1,-11.978072,-77.076563,54,1827.1
1435SX_1,-11.978060,-77.076614,55,1832.8
1435SX_1,-11.978024,-77.076777,56,1851.0
1435SX_1,-11.977820,-77.077678,57,1951.6
1435SX_1,-11.977785,-77.077835,58,1969.1
1435SX_1,-11.977779,-77.077857,59,1971.6
1435SX_1,-11.977740,-77.078025,60,1990.4
1435SX_1,-11.977728,-77.078076,61,1996.1
1435SX_1,-11.977714,-77.078139,62,2003.1
1435SX_1,-11.977677,-77.078300,63,2021.1
1435SX_1,-11.977604,-77.078615,64,2056.3
1435SX_1,-11.977048,-77.081015,65,2324.6
1435SX_1,-11.976966,-77.081369,66,2364.2
1435SX_1,-11.976744,-77.082324,67,2470.9
1435SX_1,-11.976656,-77.082730,68,2516.2
1435SX_1,-11.976607,-77.082959,69,2541.7
1435SX_1,-11.976594,-77.083009,70,2547.3
1435SX_1,-11.976574,-77.083102,71,2557.6
1435SX_1,-11.976556,-77.083185,72,2566.9
1435SX_1,-11.976541,-77.083251,73,2574.3
1435SX_1,-11.976514,-77.083366,74,2587.1
1435SX_1,-11.976408,-77.083828,75,2638.7
1435SX_1,-11.976230,-77.084603,76,2725.3
1435SX_1,-11.976140,-77.084903,77,2759.5
1435SX_1,-11.976033,-77.085192,78,2793.1
1435SX_1,-11.975938,-77.085382,79,2816.3
1435SX_1,-11.975796,-77.085663,80,2850.7
1435SX_1,-11.975571,-77.085970,81,2892.4
1435SX_1,-11.975381,-77.086191,82,2924.4
1435SX_1,-11.975194,-77.086399,83,2955.2
1435SX_1,-11.975138,-77.086459,84,2964.2
1435SX_1,-11.974486,-77.087129,85,3067.0
1435SX_1,-11.974351,-77.087250,86,3086.9
1435SX_1,-11.974325,-77.087268,87,3090.4
1435SX_1,-11.974211,-77.087320,88,3104.3
1435SX_1,-11.974124,-77.087347,89,3114.4
1435SX_1,-11.973906,-77.087387,90,3139.1
1435SX_1,-11.973882,-77.087380,91,3141.8
1435SX_1,-11.973801,-77.087367,92,3150.9
1435SX_1,-11.973718,-77.087367,93,3160.2
1435SX_1,-11.973596,-77.087392,94,3174.0
1435SX_1,-11.973483,-77.087448,95,3188.0
1435SX_1,-11.973388,-77.087530,96,3201.8
1435SX_1,-11.973315,-77.087634,97,3215.7
1435SX_1,-11.973268,-77.087752,98,3229.6
1435SX_1,-11.973255,-77.087862,99,3241.6
1435SX_1,-11.973276,-77.088008,100,3257.7
1435SX_1,-11.973338,-77.088141,101,3273.7
1435SX_1,-11.973435,-77.088249,102,3289.7
1435SX_1,-11.973559,-77.088324,103,3305.7
1435SX_1,-11.973636,-77.088348,104,3314.6
1435SX_1,-11.973716,-77.088359,105,3323.6
1435SX_1,-11.973786,-77.088357,106,3331.4
1435SX_1,-11.973806,-77.088354,107,3333.6
1435SX_1,-11.973949,-77.088467,108,3353.7
1435SX_1,-11.974044,-77.088572,109,3369.3
1435SX_1,-11.974118,-77.088656,110,3381.6
1435SX_1,-11.974580,-77.089155,111,3456.3
1435SX_1,-11.974673,-77.089450,112,3490.0
1435SX_1,-11.974870,-77.089694,113,3524.5
1435SX_1,-11.975306,-77.090253,114,3602.2
1435SX_1,-11.975323,-77.090275,115,3605.3
1435SX_1,-11.975377,-77.090340,116,3614.5
1435SX_1,-11.976280,-77.091365,117,3764.6
1435SX_1,-11.976347,-77.091455,118,3776.9
1435SX_1,-11.976623,-77.091790,119,3824.5
1435SX_1,-11.977007,-77.092258,120,3891.0
1435SX_1,-11.977533,-77.092851,121,3978.0
1435SX_1,-11.977680,-77.093028,122,4003.3
1435SX_1,-11.977731,-77.093083,123,4011.5
1435SX_1,-11.978690,-77.094157,124,4169.7
1435SX_1,-11.979422,-77.094969,125,4289.8
1435SX_1,-11.979749,-77.095336,126,4343.8
1435SX_1,-11.980116,-77.095748,127,4404.4
1435SX_1,-11.980708,-77.096406,128,4501.7
1435SX_1,-11.981398,-77.097137,129,4612.2
1435SX_1,-11.981510,-77.097254,130,4630.0
1435SX_1,-11.981604,-77.097362,131,4645.7
1435SX_1,-11.982039,-77.097861,132,4718.4
1435SX_1,-11.982649,-77.098544,133,4819.0
1435SX_1,-11.982870,-77.098782,134,4854.7
1435SX_1,-11.983581,-77.099589,135,4972.8
1435SX_1,-11.983685,-77.099707,136,4990.1
1435SX_1,-11.983753,-77.099786,137,5001.6
1435SX_1,-11.985045,-77.101231,138,5214.5
1435SX_1,-11.985511,-77.101740,139,5290.3
1435SX_1,-11.985929,-77.102206,140,5359.1
1435SX_1,-11.986399,-77.102722,141,5435.8
1435SX_1,-11.986979,-77.103360,142,5530.5
1435SX_1,-11.987306,-77.103737,143,5585.3
1435SX_1,-11.987986,-77.104500,144,5697.6
1435SX_1,-11.988289,-77.104843,145,5747.9
1435SX_1,-11.988891,-77.105526,146,5847.9
1435SX_1,-11.988979,-77.105630,147,5862.8
1435SX_1,-11.989077,-77.105741,148,5879.1
1435SX_1,-11.989199,-77.105884,149,5899.7
1435SX_1,-11.989363,-77.106069,150,5926.9
1435SX_1,-11.989385,-77.106093,151,5930.5
1435SX_1,-11.989590,-77.106319,152,5964.0
1435SX_1,-11.989815,-77.106566,153,6000.7
1435SX_1,-11.990321,-77.106992,154,6073.6
1435SX_1,-11.990429,-77.107102,155,6090.5
1435SX_1,-11.990527,-77.107200,156,6105.8
1435SX_1,-11.990659,-77.107332,157,6126.3
1435SX_1,-11.990700,-77.107370,158,6132.5
1435SX_1,-11.990764,-77.107427,159,6141.9
1435SX_1,-11.991929,-77.108474,160,6314.4
1435SX_1,-11.992454,-77.108959,161,6393.1
1435SX_1,-11.992604,-77.109097,162,6415.5
1435SX_1,-11.992852,-77.109327,163,6452.7
1435SX_1,-11.993092,-77.109553,164,6489.0
1435SX_1,-11.993706,-77.110109,165,6580.2
1435SX_1,-11.993908,-77.110292,166,6610.2
1435SX_1,-11.993960,-77.110339,167,6618.0
1435SX_1,-11.994042,-77.110414,168,6630.2
1435SX_1,-11.994123,-77.110488,169,6642.3
1435SX_1,-11.994970,-77.111257,170,6768.2
1435SX_1,-11.995444,-77.111696,171,6839.4
1435SX_1,-11.996102,-77.112324,172,6939.4
1435SX_1,-11.996291,-77.112483,173,6966.7
1435SX_1,-11.996475,-77.112654,174,6994.3
1435SX_1,-11.996537,-77.112711,175,7003.6
1435SX_1,-11.996833,-77.112870,176,7040.8
1435SX_1,-11.996902,-77.112935,177,7051.2
1435SX_1,-11.997015,-77.113048,178,7068.8
1435SX_1,-11.997349,-77.113387,179,7121.1
1435SX_1,-11.998016,-77.114038,180,7223.6
1435SX_1,-11.998425,-77.114431,181,7286.1
1435SX_1,-11.998641,-77.114639,182,7319.1
1435SX_1,-11.998909,-77.114902,183,7360.4
1435SX_1,-11.999672,-77.115636,184,7476.9
1435SX_1,-12.000065,-77.116013,185,7536.8
1435SX_1,-12.000163,-77.116107,186,7551.7
1435SX_1,-12.000231,-77.116171,187,7562.0
1435SX_1,-12.000594,-77.116514,188,7617.0
1435SX_1,-12.000791,-77.116712,189,7647.7
1435SX_1,-12.000819,-77.116742,190,7652.2
1435SX_1,-12.000880,-77.116806,191,7661.9
1435SX_1,-12.001009,-77.116923,192,7681.1
1435SX_1,-12.001149,-77.116767,193,7704.1
1435SX_1,-12.001204,-77.116712,194,7712.7
1435SX_1,-12.001321,-77.116595,195,7730.9
1435SX_1,-12.001519,-77.116417,196,7760.2
1435SX_1,-12.001709,-77.116265,197,7787.0
1435SX_1,-12.001875,-77.116167,198,7808.3
1435SX_1,-12.002160,-77.115955,199,7847.5
1435SX_1,-12.002261,-77.115860,200,7862.8
1435SX_1,-12.002358,-77.115781,201,7876.6
1435SX_1,-12.002581,-77.115667,202,7904.3
1435SX_1,-12.002736,-77.115613,203,7922.5
1435SX_1,-12.002834,-77.115607,204,7933.4
1435SX_1,-12.002985,-77.115630,205,7950.4
1435SX_1,-12.003081,-77.115628,206,7961.1
1435SX_1,-12.003447,-77.115463,207,8005.6
1435SX_1,-12.003699,-77.115322,208,8037.5
1435SX_1,-12.003877,-77.115172,209,8063.1
1435SX_1,-12.003953,-77.115111,210,8073.9
1435SX_1,-12.004991,-77.114561,211,8203.9
1435SX_1,-12.005500,-77.114307,212,8266.9
1435SX_1,-12.005582,-77.114266,213,8277.0
1435SX_1,-12.006231,-77.113951,214,8356.9
1435SX_1,-12.006705,-77.113769,215,8413.2
1435SX_1,-12.007449,-77.113405,216,8504.9
1435SX_1,-12.008224,-77.113025,217,8600.5
1435SX_1,-12.008463,-77.112874,218,8631.7
1435SX_1,-12.008695,-77.112722,219,8662.4
1435SX_1,-12.008826,-77.112659,220,8678.5
1435SX_1,-12.009038,-77.112557,221,8704.5
1435SX_1,-12.009723,-77.112228,222,8788.7
1435SX_1,-12.009833,-77.112175,223,8802.2
1435SX_1,-12.010064,-77.112097,224,8829.3
1435SX_1,-12.010262,-77.112017,225,8852.9
1435SX_1,-12.010581,-77.111887,226,8891.1
1435SX_1,-12.011038,-77.111671,227,8947.1
1435SX_1,-12.012053,-77.111233,228,9069.6
1435SX_1,-12.012210,-77.111190,229,9087.7
1435SX_1,-12.012326,-77.111181,230,9100.6
1435SX_1,-12.012387,-77.111182,231,9107.4
1435SX_1,-12.012465,-77.111186,232,9116.1
1435SX_1,-12.012585,-77.111196,233,9129.5
1435SX_1,-12.012633,-77.111193,234,9134.8
1435SX_1,-12.012801,-77.111157,235,9153.9
1435SX_1,-12.012923,-77.111107,236,9168.5
1435SX_1,-12.013056,-77.111014,237,9186.4
1435SX_1,-12.013705,-77.110574,238,9273.0
1435SX_1,-12.014128,-77.110288,239,9329.4
1435SX_1,-12.014416,-77.110083,240,9368.4
1435SX_1,-12.014486,-77.110039,241,9377.6
1435SX_1,-12.014557,-77.110005,242,9386.3
1435SX_1,-12.015393,-77.109575,243,9490.4
1435SX_1,-12.015735,-77.109413,244,9532.3
1435SX_1,-12.016053,-77.109245,245,9572.1
1435SX_1,-12.016727,-77.108889,246,9656.4
1435SX_1,-12.016805,-77.108848,247,9666.2
1435SX_1,-12.016850,-77.108807,248,9672.9
1435SX_1,-12.016885,-77.108767,249,9678.7
1435SX_1,-12.016920,-77.108735,250,9683.9
1435SX_1,-12.016961,-77.108697,251,9690.1
1435SX_1,-12.017002,-77.108661,252,9696.1
1435SX_1,-12.017061,-77.108622,253,9703.9
1435SX_1,-12.017111,-77.108585,254,9710.8
1435SX_1,-12.017196,-77.108537,255,9721.6
1435SX_1,-12.017855,-77.108202,256,9803.4
1435SX_1,-12.018645,-77.107809,257,9901.1
1435SX_1,-12.018686,-77.107788,258,9906.2
1435SX_1,-12.018791,-77.107737,259,9919.1
1435SX_1,-12.018913,-77.107678,260,9934.1
1435SX_1,-12.018969,-77.107653,261,9940.9
1435SX_1,-12.019037,-77.107626,262,9949.0
1435SX_1,-12.019104,-77.107609,263,9956.7
1435SX_1,-12.019193,-77.107592,264,9966.8
1435SX_1,-12.019274,-77.107587,265,9975.8
1435SX_1,-12.019328,-77.107589,266,9981.8
1435SX_1,-12.019374,-77.107581,267,9987.0
1435SX_1,-12.019419,-77.107563,268,9992.4
1435SX_1,-12.019560,-77.107493,269,10009.8
1435SX_1,-12.019761,-77.107391,270,10034.7
1435SX_1,-12.019956,-77.107298,271,10058.7
1435SX_1,-12.020040,-77.107243,272,10069.8
1435SX_1,-12.020093,-77.107200,273,10077.3
1435SX_1,-12.020125,-77.107169,274,10082.2
1435SX_1,-12.020219,-77.107111,275,10094.4
1435SX_1,-12.020814,-77.106803,276,10168.6
1435SX_1,-12.020917,-77.106753,277,10181.2
1435SX_1,-12.021057,-77.106696,278,10198.0
1435SX_1,-12.021175,-77.106657,279,10211.8
1435SX_1,-12.021382,-77.106601,280,10235.6
1435SX_1,-12.021584,-77.106558,281,10258.5
1435SX_1,-12.021704,-77.106547,282,10271.9
1435SX_1,-12.021822,-77.106520,283,10285.4
1435SX_1,-12.021938,-77.106483,284,10298.9
1435SX_1,-12.022091,-77.106419,285,10317.3
1435SX_1,-12.022236,-77.106336,286,10335.7
1435SX_1,-12.022436,-77.106169,287,10364.5
1435SX_1,-12.022508,-77.106109,288,10374.8
1435SX_1,-12.022590,-77.106028,289,10387.5
1435SX_1,-12.022745,-77.105893,290,10410.1
1435SX_1,-12.022895,-77.105776,291,10431.1
1435SX_1,-12.023004,-77.105689,292,10446.5
1435SX_1,-12.023064,-77.105639,293,10455.1
1435SX_1,-12.023120,-77.105602,294,10462.5
1435SX_1,-12.023402,-77.105455,295,10497.7
1435SX_1,-12.023450,-77.105429,296,10503.7
1435SX_1,-12.023523,-77.105393,297,10512.7
1435SX_1,-12.023776,-77.105266,298,10544.1
1435SX_1,-12.023815,-77.105249,299,10548.8
1435SX_1,-12.023864,-77.105235,300,10554.4
1435SX_1,-12.023942,-77.105226,301,10563.2
1435SX_1,-12.024303,-77.105194,302,10603.5
1435SX_1,-12.024353,-77.105185,303,10609.1
1435SX_1,-12.024403,-77.105173,304,10614.8
1435SX_1,-12.024457,-77.105156,305,10621.1
1435SX_1,-12.024667,-77.105033,306,10648.0
1435SX_1,-12.025015,-77.104830,307,10692.6
1435SX_1,-12.025582,-77.104517,308,10764.2
1435SX_1,-12.025620,-77.104496,309,10769.0
1435SX_1,-12.025746,-77.104423,310,10785.1
1435SX_1,-12.026260,-77.104130,311,10850.6
1435SX_1,-12.026606,-77.103899,312,10896.5
1435SX_1,-12.026840,-77.103756,313,10926.8
1435SX_1,-12.026999,-77.103660,314,10947.4
1435SX_1,-12.027152,-77.103574,315,10966.8
1435SX_1,-12.027180,-77.103563,316,10970.1
1435SX_1,-12.027308,-77.103515,317,10985.3
1435SX_1,-12.027411,-77.103472,318,10997.6
1435SX_1,-12.027467,-77.103444,319,11004.6
1435SX_1,-12.027519,-77.103417,320,11011.1
1435SX_1,-12.027584,-77.103357,321,11020.8
1435SX_1,-12.027609,-77.103335,322,11024.5
1435SX_1,-12.027712,-77.103297,323,11036.6
1435SX_1,-12.027926,-77.103192,324,11063.0
1435SX_1,-12.028077,-77.103114,325,11081.8
1435SX_1,-12.028139,-77.103085,326,11089.4
1435SX_1,-12.028429,-77.102948,327,11124.9
1435SX_1,-12.029247,-77.102537,328,11226.3
1435SX_1,-12.029367,-77.102476,329,11241.2
1435SX_1,-12.029643,-77.102338,330,11275.4
1435SX_1,-12.030089,-77.102114,331,11330.6
1435SX_1,-12.030401,-77.101966,332,11368.9
1435SX_1,-12.030678,-77.101832,333,11402.9
1435SX_1,-12.030808,-77.101706,334,11422.8
1435SX_1,-12.031056,-77.101576,335,11453.8
1435SX_1,-12.031188,-77.101507,336,11470.3
1435SX_1,-12.031271,-77.101412,337,11484.2
1435SX_1,-12.032457,-77.100819,338,11631.0
1435SX_1,-12.032717,-77.100691,339,11663.1
1435SX_1,-12.033058,-77.100523,340,11705.1
1435SX_1,-12.033142,-77.100481,341,11715.5
1435SX_1,-12.033189,-77.100428,342,11723.3
1435SX_1,-12.033377,-77.100217,343,11754.4
1435SX_1,-12.033598,-77.100104,344,11781.8
1435SX_1,-12.033826,-77.100007,345,11809.3
1435SX_1,-12.034047,-77.099908,346,11836.1
1435SX_1,-12.034260,-77.099825,347,11861.5
1435SX_1,-12.034464,-77.099757,348,11885.3
1435SX_1,-12.034701,-77.099683,349,11912.9
1435SX_1,-12.035414,-77.099474,350,11995.4
1435SX_1,-12.035465,-77.099459,351,12001.3
1435SX_1,-12.035576,-77.099456,352,12013.6
1435SX_1,-12.035654,-77.099466,353,12022.4
1435SX_1,-12.035744,-77.099486,354,12032.6
1435SX_1,-12.035820,-77.099490,355,12041.1
1435SX_1,-12.035946,-77.099474,356,12055.2
1435SX_1,-12.036035,-77.099466,357,12065.1
1435SX_1,-12.036323,-77.099452,358,12097.2
1435SX_1,-12.036495,-77.099449,359,12116.3
1435SX_1,-12.036838,-77.099540,360,12155.7
1435SX_1,-12.037229,-77.099555,361,12199.2
1435SX_1,-12.037370,-77.099555,362,12214.9
1435SX_1,-12.037611,-77.099549,363,12241.7
1435SX_1,-12.037729,-77.099541,364,12254.8
1435SX_1,-12.037929,-77.099527,365,12277.1
1435SX_1,-12.038349,-77.099483,366,12324.1
1435SX_1,-12.038556,-77.099456,367,12347.3
1435SX_1,-12.039003,-77.099437,368,12397.0
1435SX_1,-12.039086,-77.099430,369,12406.3
1435SX_1,-12.039232,-77.099414,370,12422.6
1435SX_1,-12.039359,-77.099402,371,12436.8
1435SX_1,-12.039998,-77.099344,372,12508.1
1435SX_1,-12.040039,-77.099342,373,12512.7
1435SX_1,-12.040081,-77.099356,374,12517.6
1435SX_1,-12.040115,-77.099373,375,12521.8
1435SX_1,-12.040154,-77.099401,376,12527.1
1435SX_1,-12.040190,-77.099437,377,12532.7
1435SX_1,-12.040222,-77.099483,378,12538.9
1435SX_1,-12.040256,-77.099535,379,12545.7
1435SX_1,-12.040283,-77.099604,380,12553.7
1435SX_1,-12.040428,-77.100026,381,12602.4
1435SX_1,-12.040453,-77.100099,382,12610.8
1435SX_1,-12.040528,-77.100318,383,12636.0
1435SX_1,-12.040609,-77.100481,384,12655.9
1435SX_1,-12.040974,-77.101730,385,12797.7
1435SX_1,-12.041087,-77.102114,386,12841.3
1435SX_1,-12.041128,-77.102264,387,12858.2
1435SX_1,-12.041154,-77.102369,388,12870.0
1435SX_1,-12.041182,-77.102505,389,12885.1
1435SX_1,-12.041211,-77.102686,390,12905.1
1435SX_1,-12.041400,-77.104044,391,13054.2
1435SX_1,-12.041622,-77.105636,392,13229.1
1435SX_1,-12.041602,-77.105912,393,13259.2
1435SX_1,-12.041728,-77.107060,394,13384.8
1435SX_1,-12.041730,-77.107117,395,13391.0
1435SX_1,-12.041720,-77.107166,396,13396.5
1435SX_1,-12.041707,-77.107198,397,13400.2
1435SX_1,-12.041675,-77.107234,398,13405.5
1435SX_1,-12.041642,-77.107255,399,13409.9
1435SX_1,-12.040922,-77.107749,400,13506.3
1435SX_1,-12.040623,-77.107956,401,13546.4
1435SX_1,-12.040576,-77.108002,402,13553.7
1435SX_1,-12.040526,-77.108065,403,13562.5
1435SX_1,-12.040491,-77.108135,404,13571.0
1435SX_1,-12.040474,-77.108217,405,13580.1
1435SX_1,-12.040483,-77.108345,406,13594.1
1435SX_1,-12.040523,-77.108554,407,13617.3
1435SX_1,-12.040554,-77.108813,408,13645.6
1435SX_1,-12.040573,-77.108979,409,13663.8
1435SX_1,-12.040584,-77.109140,410,13681.4
1435SX_1,-12.040583,-77.109268,411,13695.3
1435SX_1,-12.040579,-77.109356,412,13704.9
1435SX_1,-12.040558,-77.109460,413,13716.4
1435SX_1,-12.040487,-77.109809,414,13755.2
1435SX_1,-12.040333,-77.110565,415,13839.2
1435SX_1,-12.040158,-77.111394,416,13931.4
1435SX_1,-12.040122,-77.111565,417,13950.4
1435SX_1,-12.040074,-77.111707,418,13966.7
1435SX_1,-12.040027,-77.111816,419,13979.7
1435SX_1,-12.039974,-77.111906,420,13991.1
1435SX_1,-12.039927,-77.111956,421,13998.7
1435SX_1,-12.039872,-77.111990,422,14005.8
1435SX_1,-12.039806,-77.112018,423,14013.8
1435SX_1,-12.039730,-77.112051,424,14022.9
1435SX_1,-12.039673,-77.112072,425,14029.7
1435SX_1,-12.039615,-77.112108,426,14037.2
1435SX_1,-12.039559,-77.112168,427,14046.2
1435SX_1,-12.039517,-77.112220,428,14053.6
1435SX_1,-12.039468,-77.112296,429,14063.5
1435SX_1,-12.039365,-77.112462,430,14084.9
1435SX_1,-12.039297,-77.112550,431,14097.0
1435SX_1,-12.039186,-77.112645,432,14113.1
1435SX_1,-12.039077,-77.112712,433,14127.3
1435SX_1,-12.038944,-77.112775,434,14143.6
1435SX_1,-12.038767,-77.112810,435,14163.6
1435SX_1,-12.038310,-77.112904,436,14215.5
1435SX_1,-12.038143,-77.112937,437,14234.4
1435SX_1,-12.038052,-77.112952,438,14244.6
1435SX_1,-12.037968,-77.112954,439,14254.0
1435SX_1,-12.037881,-77.112941,440,14263.7
1435SX_1,-12.037789,-77.112916,441,14274.3
1435SX_1,-12.037731,-77.112879,442,14281.9
1435SX_1,-12.037629,-77.112815,443,14295.2
1435SX_1,-12.037577,-77.112764,444,14303.3
1435SX_1,-12.037501,-77.112670,445,14316.5
1435SX_1,-12.037375,-77.112409,446,14348.2
1435SX_1,-12.037337,-77.112330,447,14357.7
1435SX_1,-12.037222,-77.112093,448,14386.5
1435SX_1,-12.037029,-77.111695,449,14434.8
1435SX_1,-12.036947,-77.111560,450,14452.1
1435SX_1,-12.036903,-77.111511,451,14459.3
1435SX_1,-12.036793,-77.111431,452,14474.4
1435SX_1,-12.036687,-77.111374,453,14487.7
1435SX_1,-12.036629,-77.111349,454,14494.7
1435SX_1,-12.036581,-77.111329,455,14500.4
1435SX_1,-12.036469,-77.111320,456,14512.9
1435SX_1,-12.036350,-77.111337,457,14526.3
1435SX_1,-12.036150,-77.111410,458,14549.9
1435SX_1,-12.035989,-77.111505,459,14570.6
1435SX_1,-12.035893,-77.111595,460,14585.1
1435SX_1,-12.035730,-77.111684,461,14605.6
1435SX_1,-12.035433,-77.111845,462,14643.0
1435SX_1,-12.035345,-77.111928,463,14656.3
1435SX_1,-12.035289,-77.111982,464,14664.8
1435SX_1,-12.035189,-77.112050,465,14678.2
1435SX_1,-12.035045,-77.112143,466,14697.1
1435SX_1,-12.034762,-77.112327,467,14734.4
1435SX_1,-12.034408,-77.112538,468,14780.0
1435SX_1,-12.034004,-77.112741,469,14830.1
1435SX_1,-12.033502,-77.112993,470,14892.2
1435SX_1,-12.033452,-77.113140,471,14909.2
1435SX_1,-12.033435,-77.113191,472,14915.0
1185_0,-12.235389,-76.911807,0,0.0
1185_0,-12.236033,-76.912064,1,76.9
1185_0,-12.236760,-76.912340,2,163.1
1185_0,-12.237002,-76.912429,3,191.7
1185_0,-12.237137,-76.912476,4,207.5
1185_0,-12.237268,-76.912517,5,222.8
1185_0,-12.237400,-76.912552,6,237.9
1185_0,-12.237541,-76.912582,7,253.9
1185_0,-12.237683,-76.912606,8,269.9
1185_0,-12.237790,-76.912620,9,281.9
1185_0,-12.237897,-76.912631,10,293.9
1185_0,-12.238056,-76.912640,11,311.6
1185_0,-12.238215,-76.912639,12,329.3
1185_0,-12.238383,-76.912633,13,348.0
1185_0,-12.238439,-76.912632,14,354.2
1185_0,-12.238576,-76.912622,15,369.5
1185_0,-12.238798,-76.912595,16,394.3
1185_0,-12.238806,-76.912664,17,401.9
1185_0,-12.238791,-76.912752,18,411.6
1185_0,-12.238634,-76.913173,19,460.6
1185_0,-12.238548,-76.913390,20,486.0
1185_0,-12.238259,-76.914149,21,574.5
1185_0,-12.238191,-76.914328,22,595.4
1185_0,-12.238095,-76.914601,23,626.9
1185_0,-12.238053,-76.914689,24,637.6
1185_0,-12.238002,-76.914774,25,648.4
1185_0,-12.237739,-76.914916,26,681.5
1185_0,-12.237701,-76.914938,27,686.3
1185_0,-12.237684,-76.914948,28,688.5
1185_0,-12.237625,-76.914980,29,695.9
1185_0,-12.237599,-76.914994,30,699.2
1185_0,-12.237576,-76.915007,31,702.1
1185_0,-12.237382,-76.915118,32,726.8
1185_0,-12.237085,-76.915294,33,765.0
1185_0,-12.237062,-76.915311,34,768.2
1185_0,-12.237016,-76.915338,35,774.1
1185_0,-12.236907,-76.915403,36,788.1
1185_0,-12.235909,-76.915993,37,916.2
1185_0,-12.235894,-76.916002,38,918.2
1185_0,-12.235510,-76.916234,39,967.8
1185_0,-12.235432,-76.916282,40,977.9
1185_0,-12.235195,-76.916425,41,1008.5
1185_0,-12.235169,-76.916441,42,1011.9
1185_0,-12.234832,-76.916645,43,1055.4
1185_0,-12.234624,-76.916771,44,1082.3
1185_0,-12.234496,-76.916850,45,1098.9
1185_0,-12.234169,-76.917047,46,1141.1
1185_0,-12.233815,-76.917262,47,1186.9
1185_0,-12.233486,-76.917472,48,1230.0
1185_0,-12.233402,-76.917525,49,1241.0
1185_0,-12.233204,-76.917645,50,1266.5
1185_0,-12.233112,-76.917702,51,1278.5
1185_0,-12.233015,-76.917838,52,1296.8
1185_0,-12.232983,-76.917856,53,1300.9
1185_0,-12.232955,-76.917878,54,1304.8
1185_0,-12.232931,-76.917906,55,1308.8
1185_0,-12.232912,-76.917937,56,1312.8
1185_0,-12.232786,-76.917910,57,1327.1
1185_0,-12.232514,-76.918068,58,1361.9
1185_0,-12.232169,-76.918270,59,1406.1
1185_0,-12.231855,-76.918455,60,1446.4
1185_0,-12.231517,-76.918653,61,1489.7
1185_0,-12.231165,-76.918863,62,1535.0
1185_0,-12.230195,-76.919447,63,1660.1
1185_0,-12.229874,-76.919635,64,1701.3
1185_0,-12.229544,-76.919828,65,1743.5
1185_0,-12.229306,-76.919968,66,1774.1
1185_0,-12.229203,-76.920029,67,1787.3
1185_0,-12.229148,-76.920061,68,1794.3
1185_0,-12.228859,-76.920231,69,1831.4
1185_0,-12.228507,-76.920437,70,1876.5
1185_0,-12.228186,-76.920625,71,1917.6
1185_0,-12.228131,-76.920657,72,1924.7
1185_0,-12.227888,-76.920800,73,1955.8
1185_0,-12.227872,-76.920809,74,1957.9
1185_0,-12.227519,-76.921016,75,2003.1
1185_0,-12.227148,-76.921234,76,2050.7
1185_0,-12.226836,-76.921417,77,2090.7
1185_0,-12.226500,-76.921621,78,2134.1
1185_0,-12.226459,-76.921646,79,2139.4
1185_0,-12.225635,-76.922147,80,2246.0
1185_0,-12.225586,-76.922177,81,2252.3
1185_0,-12.225501,-76.922230,82,2263.4
1185_0,-12.225278,-76.922366,83,2292.3
1185_0,-12.225158,-76.922431,84,2307.4
1185_0,-12.224870,-76.922605,85,2344.6
1185_0,-12.224546,-76.922802,86,2386.5
1185_0,-12.224220,-76.923002,87,2428.7
1185_0,-12.223902,-76.923186,88,2469.4
1185_0,-12.223557,-76.923389,89,2513.6
1185_0,-12.223242,-76.923576,90,2554.1
1185_0,-12.222887,-76.923789,91,2599.9
1185_0,-12.222525,-76.923999,92,2646.1
1185_0,-12.221278,-76.924740,93,2806.5
1185_0,-12.221239,-76.924764,94,2811.5
1185_0,-12.220099,-76.925454,95,2958.8
1185_0,-12.219747,-76.925663,96,3004.1
1185_0,-12.219417,-76.925859,97,3046.5
1185_0,-12.219069,-76.926066,98,3091.3
1185_0,-12.218747,-76.926257,99,3132.7
1185_0,-12.218412,-76.926456,100,3175.7
1185_0,-12.218096,-76.926653,101,3216.9
1185_0,-12.217993,-76.926717,102,3230.3
1185_0,-12.217798,-76.926828,103,3255.1
1185_0,-12.217619,-76.926930,104,3277.9
1185_0,-12.217695,-76.927063,105,3294.6
1185_0,-12.217731,-76.927125,106,3302.4
1185_0,-12.217815,-76.927265,107,3320.3
1185_0,-12.217899,-76.927402,108,3337.9
1185_0,-12.217945,-76.927481,109,3347.9
1185_0,-12.218152,-76.927832,110,3392.4
1185_0,-12.218385,-76.928227,111,3442.6
1185_0,-12.218616,-76.928620,112,3492.4
1185_0,-12.218641,-76.928662,113,3497.7
1185_0,-12.219059,-76.929384,114,3588.9
1185_0,-12.219076,-76.929414,115,3592.7
1185_0,-12.219272,-76.929745,116,3634.8
1185_0,-12.219297,-76.929786,117,3640.0
1185_0,-12.219351,-76.929880,118,3651.9
1185_0,-12.219395,-76.929955,119,3661.4
1185_0,-12.219497,-76.930132,120,3683.7
1185_0,-12.219804,-76.930660,121,3750.5
1185_0,-12.220040,-76.931067,122,3801.9
1185_0,-12.220193,-76.931326,123,3834.8
1185_0,-12.220262,-76.931449,124,3850.2
1185_0,-12.220288,-76.931494,125,3855.9
1185_0,-12.220687,-76.932180,126,3942.6
1185_0,-12.220715,-76.932228,127,3948.7
1185_0,-12.220232,-76.932523,128,4011.3
1185_0,-12.219454,-76.932989,129,4111.5
1185_0,-12.218697,-76.933444,130,4209.1
1185_0,-12.218290,-76.933688,131,4261.6
1185_0,-12.218218,-76.933731,132,4270.9
1185_0,-12.217460,-76.934186,133,4368.6
1185_0,-12.217063,-76.934424,134,4419.7
1185_0,-12.216662,-76.934665,135,4471.4
1185_0,-12.215898,-76.935122,136,4569.9
1185_0,-12.215838,-76.935159,137,4577.6
1185_0,-12.215441,-76.935397,138,4628.8
1185_0,-12.214657,-76.935868,139,4729.9
1185_0,-12.213892,-76.936328,140,4828.6
1185_0,-12.213522,-76.936550,141,4876.3
1185_0,-12.213468,-76.936582,142,4883.2
1185_0,-12.213244,-76.936720,143,4912.3
1185_0,-12.213189,-76.936754,144,4919.4
1185_0,-12.213100,-76.936810,145,4931.0
1185_0,-12.213089,-76.936817,146,4932.5
1185_0,-12.212732,-76.937039,147,4978.9
1185_0,-12.212377,-76.937261,148,5025.2
1185_0,-12.211987,-76.937504,149,5076.0
1185_0,-12.211212,-76.937966,150,5175.7
1185_0,-12.210806,-76.938207,151,5227.9
1185_0,-12.210743,-76.938248,152,5236.2
1185_0,-12.210355,-76.938478,153,5286.1
1185_0,-12.209579,-76.938940,154,5385.9
1185_0,-12.208799,-76.939404,155,5486.2
1185_0,-12.208354,-76.939668,156,5543.4
1185_0,-12.208327,-76.939645,157,5547.3
1185_0,-12.208297,-76.939628,158,5551.1
1185_0,-12.208264,-76.939618,159,5555.0
1185_0,-12.208229,-76.939614,160,5558.9
1185_0,-12.208195,-76.939618,161,5562.7
1185_0,-12.208162,-76.939629,162,5566.5
1185_0,-12.208131,-76.939646,163,5570.5
1185_0,-12.208105,-76.939669,164,5574.3
1185_0,-12.208084,-76.939697,165,5578.1
1185_0,-12.208069,-76.939729,166,5582.0
1185_0,-12.208060,-76.939763,167,5585.8
1185_0,-12.208058,-76.939799,168,5589.7
1185_0,-12.208063,-76.939834,169,5593.6
1185_0,-12.207647,-76.940102,170,5648.2
1185_0,-12.206874,-76.940571,171,5748.2
1185_0,-12.206097,-76.941044,172,5848.7
1185_0,-12.205704,-76.941279,173,5899.3
1185_0,-12.205647,-76.941315,174,5906.8
1185_0,-12.204874,-76.941787,175,6006.9
1185_0,-12.204478,-76.942015,176,6057.4
1185_0,-12.204085,-76.942249,177,6107.9
1185_0,-12.203300,-76.942717,178,6209.0
1185_0,-12.203244,-76.942751,179,6216.2
1185_0,-12.202465,-76.943216,180,6316.5
1185_0,-12.202079,-76.943453,181,6366.6
1185_0,-12.200839,-76.944174,182,6525.1
1185_0,-12.200563,-76.944341,183,6560.8
1185_0,-12.200463,-76.944401,184,6573.7
1185_0,-12.199737,-76.944840,185,6667.5
1185_0,-12.199142,-76.945200,186,6744.3
1185_0,-12.198049,-76.945860,187,6885.5
1185_0,-12.197973,-76.945906,188,6895.3
1185_0,-12.197201,-76.946372,189,6994.9
1185_0,-12.196817,-76.946605,190,7044.6
1185_0,-12.196418,-76.946845,191,7096.1
1185_0,-12.195655,-76.947307,192,7194.6
1185_0,-12.195572,-76.947357,193,7205.4
1185_0,-12.195199,-76.947582,194,7253.5
1185_0,-12.194593,-76.947929,195,7330.7
1185_0,-12.194416,-76.948036,196,7353.6
1185_0,-12.193643,-76.948501,197,7453.3
1185_0,-12.193210,-76.948762,198,7509.2
1185_0,-12.193179,-76.948707,199,7516.1
1185_0,-12.192790,-76.948014,200,7602.9
1185_0,-12.192766,-76.947971,201,7608.3
1185_0,-12.192580,-76.947642,202,7649.6
1185_0,-12.192536,-76.947565,203,7659.3
1185_0,-12.192509,-76.947518,204,7665.2
1185_0,-12.192327,-76.947204,205,7704.9
1185_0,-12.192311,-76.947177,206,7708.3
1185_0,-12.191891,-76.946462,207,7799.0
1185_0,-12.191851,-76.946393,208,7807.7
1185_0,-12.191818,-76.946337,209,7814.8
1185_0,-12.191778,-76.946270,210,7823.4
1185_0,-12.191343,-76.945536,211,7916.7
1185_0,-12.191153,-76.945211,212,7957.8
1185_0,-12.191116,-76.945147,213,7965.9
1185_0,-12.191079,-76.945080,214,7974.3
1185_0,-12.190912,-76.944780,215,8011.8
1185_0,-12.190886,-76.944732,216,8017.8
1185_0,-12.190469,-76.944013,217,8108.6
1185_0,-12.190433,-76.943951,218,8116.5
1185_0,-12.190395,-76.943888,219,8124.5
1185_0,-12.190366,-76.943855,220,8129.3
1185_0,-12.190326,-76.943819,221,8135.3
1185_0,-12.190270,-76.943791,222,8142.2
1185_0,-12.190214,-76.943778,223,8148.6
1185_0,-12.190168,-76.943776,224,8153.7
1185_0,-12.190099,-76.943792,225,8161.6
1185_0,-12.190023,-76.943827,226,8170.8
1185_0,-12.187655,-76.945254,227,8476.4
1185_0,-12.187594,-76.945291,228,8484.3
1185_0,-12.187538,-76.945326,229,8491.6
1185_0,-12.187468,-76.945367,230,8500.6
1185_0,-12.186892,-76.945708,231,8574.6
1185_0,-12.185908,-76.946311,232,8702.1
1185_0,-12.185754,-76.946400,233,8721.8
1185_0,-12.185554,-76.946474,234,8745.4
1185_0,-12.185498,-76.946487,235,8751.8
1185_0,-12.185386,-76.946504,236,8764.4
1185_0,-12.185280,-76.946521,237,8776.3
1185_0,-12.185171,-76.946436,238,8791.6
1185_0,-12.185074,-76.946358,239,8805.3
1185_0,-12.184968,-76.946233,240,8823.3
1185_0,-12.184915,-76.946155,241,8833.6
1185_0,-12.184818,-76.946013,242,8852.4
1185_0,-12.184702,-76.945818,243,8877.2
1185_0,-12.184465,-76.945375,244,8932.1
1185_0,-12.184352,-76.945180,245,8956.8
1185_0,-12.184247,-76.944998,246,8979.7
1185_0,-12.183358,-76.943419,247,9177.8
1185_0,-12.183285,-76.943289,248,9194.1
1185_0,-12.183209,-76.943149,249,9211.5
1185_0,-12.182818,-76.942438,250,9300.2
1185_0,-12.182785,-76.942358,251,9309.6
1185_0,-12.182764,-76.942270,252,9319.5
1185_0,-12.182769,-76.942238,253,9323.0
1185_0,-12.182769,-76.942206,254,9326.5
1185_0,-12.182762,-76.942174,255,9330.0
1185_0,-12.182750,-76.942144,256,9333.5
1185_0,-12.182731,-76.942117,257,9337.2
1185_0,-12.182708,-76.942094,258,9340.7
1185_0,-12.182681,-76.942077,259,9344.3
1185_0,-12.182651,-76.942065,260,9347.8
1185_0,-12.182619,-76.942060,261,9351.4
1185_0,-12.182575,-76.942064,262,9356.4
1185_0,-12.182534,-76.942079,263,9361.2
1185_0,-12.182499,-76.942105,264,9366.0
1185_0,-12.182472,-76.942140,265,9370.9
1185_0,-12.182455,-76.942181,266,9375.7
1185_0,-12.182452,-76.942203,267,9378.1
1185_0,-12.182449,-76.942225,268,9380.5
1185_0,-12.182351,-76.942284,269,9393.2
1185_0,-12.181961,-76.942526,270,9443.9
1185_0,-12.181529,-76.942785,271,9499.6
1185_0,-12.181489,-76.942805,272,9504.5
1185_0,-12.180731,-76.943247,273,9601.5
1185_0,-12.180551,-76.943363,274,9625.2
1185_0,-12.180453,-76.943418,275,9637.6
1185_0,-12.180436,-76.943413,276,9639.6
1185_0,-12.180402,-76.943413,277,9643.4
1185_0,-12.180368,-76.943421,278,9647.2
1185_0,-12.180337,-76.943436,279,9651.1
1185_0,-12.180310,-76.943459,280,9655.0
1185_0,-12.180289,-76.943486,281,9658.7
1185_0,-12.180278,-76.943506,282,9661.2
1185_0,-12.180271,-76.943527,283,9663.6
1185_0,-12.180188,-76.943577,284,9674.3
1185_0,-12.179445,-76.944048,285,9771.5
1185_0,-12.179009,-76.944303,286,9827.4
1185_0,-12.178385,-76.944688,287,9908.4
1185_0,-12.178124,-76.944836,288,9941.6
1185_0,-12.177827,-76.944997,289,9978.9
1185_0,-12.176912,-76.945488,290,10093.8
1185_0,-12.176592,-76.945644,291,10133.3
1185_0,-12.176547,-76.945666,292,10138.8
1185_0,-12.176391,-76.945753,293,10158.6
1185_0,-12.176311,-76.945798,294,10168.7
1185_0,-12.176167,-76.945879,295,10187.0
1185_0,-12.175754,-76.946137,296,10240.8
1185_0,-12.175374,-76.946385,297,10290.9
1185_0,-12.175068,-76.946579,298,10330.9
1185_0,-12.174872,-76.946715,299,10357.3
1185_0,-12.174700,-76.946824,300,10379.8
1185_0,-12.174101,-76.947233,301,10459.9
1185_0,-12.173371,-76.947759,302,10559.1
1185_0,-12.173328,-76.947791,303,10565.1
1185_0,-12.173007,-76.948016,304,10608.3
1185_0,-12.172736,-76.948197,305,10644.3
1185_0,-12.172572,-76.948306,306,10666.1
1185_0,-12.172441,-76.948387,307,10683.1
1185_0,-12.172413,-76.948404,308,10686.7
1185_0,-12.172389,-76.948417,309,10689.7
1185_0,-12.171805,-76.948722,310,10762.6
1185_0,-12.171553,-76.948865,311,10794.7
1185_0,-12.171183,-76.949074,312,10841.7
1185_0,-12.170849,-76.949274,313,10884.7
1185_0,-12.170565,-76.949447,314,10921.5
1185_0,-12.170093,-76.949705,315,10981.0
1185_0,-12.169631,-76.949947,316,11038.7
1185_0,-12.168723,-76.950467,317,11154.4
1185_0,-12.168580,-76.950547,318,11172.5
1185_0,-12.168418,-76.950646,319,11193.5
1185_0,-12.168251,-76.950748,320,11215.1
1185_0,-12.167837,-76.951011,321,11269.3
1185_0,-12.167439,-76.951290,322,11323.0
1185_0,-12.167397,-76.951320,323,11328.7
1185_0,-12.166964,-76.951646,324,11388.4
1185_0,-12.166805,-76.951767,325,11410.5
1185_0,-12.166560,-76.951954,326,11444.5
1185_0,-12.165718,-76.952596,327,11561.2
1185_0,-12.165268,-76.952939,328,11623.6
1185_0,-12.164959,-76.953175,329,11666.5
1185_0,-12.164479,-76.953541,330,11733.1
1185_0,-12.164179,-76.953770,331,11774.7
1185_0,-12.164035,-76.953879,332,11794.6
1185_0,-12.163648,-76.954174,333,11848.3
1185_0,-12.163023,-76.954656,334,11935.3
1185_0,-12.162830,-76.954805,335,11962.2
1185_0,-12.162661,-76.954937,336,11985.8
1185_0,-12.161652,-76.955725,337,12127.0
1185_0,-12.161279,-76.956015,338,12179.1
1185_0,-12.161169,-76.956101,339,12194.5
1185_0,-12.160869,-76.956341,340,12236.8
1185_0,-12.160739,-76.956447,341,12255.3
1185_0,-12.160637,-76.956535,342,12270.2
1185_0,-12.160571,-76.956588,343,12279.5
1185_0,-12.160466,-76.956684,344,12295.2
1185_0,-12.160270,-76.956879,345,12325.6
1185_0,-12.160010,-76.957167,346,12368.2
1185_0,-12.159825,-76.957415,347,12402.1
1185_0,-12.159701,-76.957616,348,12427.9
1185_0,-12.159551,-76.957886,349,12461.7
1185_0,-12.159539,-76.957919,350,12465.5
1185_0,-12.159424,-76.958206,351,12499.2
1185_0,-12.159364,-76.958343,352,12515.5
1185_0,-12.159350,-76.958379,353,12519.7
1185_0,-12.159222,-76.958699,354,12557.3
1185_0,-12.159192,-76.958775,355,12566.2
1185_0,-12.159149,-76.958881,356,12578.7
1185_0,-12.159124,-76.958944,357,12586.1
1185_0,-12.159011,-76.959225,358,12619.1
1185_0,-12.159001,-76.959247,359,12621.8
1185_0,-12.158917,-76.959458,360,12646.5
1185_0,-12.158834,-76.959663,361,12670.7
1185_0,-12.158492,-76.960495,362,12768.8
1185_0,-12.158456,-76.960582,363,12779.0
1185_0,-12.158337,-76.960877,364,12813.7
1185_0,-12.158318,-76.960924,365,12819.2
1185_0,-12.158056,-76.961575,366,12895.8
1185_0,-12.158008,-76.961693,367,12909.7
1185_0,-12.157907,-76.961939,368,12938.7
1185_0,-12.157844,-76.962093,369,12956.8
1185_0,-12.157637,-76.962596,370,13016.1
1185_0,-12.157556,-76.962785,371,13038.6
1185_0,-12.157222,-76.963607,372,13135.3
1185_0,-12.156860,-76.964471,373,13237.5
1185_0,-12.156695,-76.964871,374,13284.7
1185_0,-12.156571,-76.965168,375,13319.8
1185_0,-12.155674,-76.967429,376,13585.1
1185_0,-12.155546,-76.967736,377,13621.3
1185_0,-12.155376,-76.968167,378,13671.9
1185_0,-12.154935,-76.969226,379,13797.0
1185_0,-12.154620,-76.969980,380,13886.1
1185_0,-12.154623,-76.970045,381,13893.2
1185_0,-12.154185,-76.971158,382,14023.6
1185_0,-12.153770,-76.972205,383,14146.4
1185_0,-12.153353,-76.973262,384,14270.3
1185_0,-12.153284,-76.973337,385,14281.5
1185_0,-12.152881,-76.974291,386,14394.5
1185_0,-12.152713,-76.974734,387,14446.1
1185_0,-12.152590,-76.975040,388,14482.1
1185_0,-12.152119,-76.976209,389,14619.5
1185_0,-12.152049,-76.976383,390,14640.0
1185_0,-12.151974,-76.976565,391,14661.5
1185_0,-12.151844,-76.976882,392,14698.8
1185_0,-12.151304,-76.978193,393,14853.5
1185_0,-12.151246,-76.978318,394,14868.5
1185_0,-12.151224,-76.978369,395,14874.6
1185_0,-12.151148,-76.978529,396,14893.9
1185_0,-12.151119,-76.978593,397,14901.6
1185_0,-12.151049,-76.978748,398,14920.2
1185_0,-12.151004,-76.978849,399,14932.2
1185_0,-12.150949,-76.978978,400,14947.5
1185_0,-12.150850,-76.979206,401,14974.6
1185_0,-12.150831,-76.979255,402,14980.4
1185_0,-12.150604,-76.979752,403,15040.0
1185_0,-12.150551,-76.979878,404,15054.9
1185_0,-12.150526,-76.979936,405,15061.8
1185_0,-12.150383,-76.980268,406,15101.2
1185_0,-12.150354,-76.980334,407,15109.1
1185_0,-12.150315,-76.980423,408,15119.7
1185_0,-12.150277,-76.980512,409,15130.3
1185_0,-12.150163,-76.980758,410,15159.9
1185_0,-12.150121,-76.980852,411,15171.1
1185_0,-12.150074,-76.980946,412,15182.6
1185_0,-12.150028,-76.981020,413,15192.1
1185_0,-12.149988,-76.981072,414,15199.3
1185_0,-12.149944,-76.981121,415,15206.5
1185_0,-12.149879,-76.981182,416,15216.3
1185_0,-12.149808,-76.981235,417,15226.1
1185_0,-12.149749,-76.981270,418,15233.7
1185_0,-12.149658,-76.981317,419,15245.0
1185_0,-12.149235,-76.981503,420,15296.2
1185_0,-12.149110,-76.981561,421,15311.5
1185_0,-12.149044,-76.981597,422,15319.8
1185_0,-12.148982,-76.981639,423,15328.1
1185_0,-12.148942,-76.981671,424,15333.7
1185_0,-12.148905,-76.981705,425,15339.2
1185_0,-12.148850,-76.981765,426,15348.2
1185_0,-12.148802,-76.981830,427,15357.0
1185_0,-12.148754,-76.981916,428,15367.8
1185_0,-12.148717,-76.981999,429,15377.7
1185_0,-12.148685,-76.982090,430,15388.2
1185_0,-12.148617,-76.982288,431,15411.0
1185_0,-12.148600,-76.982329,432,15415.9
1185_0,-12.148577,-76.982367,433,15420.7
1185_0,-12.148555,-76.982395,434,15424.7
1185_0,-12.148531,-76.982420,435,15428.5
1185_0,-12.148506,-76.982440,436,15432.0
1185_0,-12.148478,-76.982455,437,15435.5
1185_0,-12.148449,-76.982467,438,15439.0
1185_0,-12.148418,-76.982474,439,15442.5
1185_0,-12.148387,-76.982478,440,15446.0
1185_0,-12.148347,-76.982480,441,15450.4
1185_0,-12.148307,-76.982478,442,15454.9
1185_0,-12.148251,-76.982467,443,15461.2
1185_0,-12.148116,-76.982436,444,15476.6
1185_0,-12.147966,-76.982404,445,15493.7
1185_0,-12.147801,-76.982371,446,15512.4
1185_0,-12.147566,-76.982339,447,15538.7
1185_0,-12.147329,-76.982317,448,15565.2
1185_0,-12.147054,-76.982237,449,15597.0
1185_0,-12.146063,-76.981992,450,15710.3
1185_0,-12.145195,-76.981818,451,15808.7
1185_0,-12.143566,-76.981520,452,15992.7
1185_0,-12.141067,-76.981089,453,16274.5
1185_0,-12.140781,-76.981038,454,16306.8
1185_0,-12.140323,-76.980957,455,16358.5
1185_0,-12.139552,-76.980826,456,16445.4
1185_0,-12.139043,-76.980740,457,16502.7
1185_0,-12.138014,-76.980552,458,16619.0
1185_0,-12.137436,-76.980436,459,16684.5
1185_0,-12.137148,-76.980367,460,16717.3
1185_0,-12.136862,-76.980292,461,16750.2
1185_0,-12.136492,-76.980185,462,16792.9
1185_0,-12.136132,-76.980068,463,16834.9
1185_0,-12.135400,-76.979806,464,16921.2
1185_0,-12.134865,-76.979588,465,16985.2
1185_0,-12.132657,-76.978729,466,17247.9
1185_0,-12.131356,-76.978225,467,17402.6
1185_0,-12.131159,-76.978150,468,17426.0
1185_0,-12.129800,-76.977629,469,17587.3
1185_0,-12.128707,-76.977196,470,17717.7
1185_0,-12.128470,-76.977121,471,17745.2
1185_0,-12.128282,-76.977071,472,17766.8
1185_0,-12.127988,-76.976991,473,17800.7
1185_0,-12.127694,-76.976933,474,17834.0
1185_0,-12.127338,-76.976898,475,17873.7
1185_0,-12.127035,-76.976883,476,17907.5
1185_0,-12.126734,-76.976879,477,17940.9
1185_0,-12.126474,-76.976883,478,17969.9
1185_0,-12.125993,-76.976897,479,18023.4
1185_0,-12.123105,-76.976986,480,18344.6
1185_0,-12.121598,-76.977035,481,18512.3
1185_0,-12.119809,-76.977083,482,18711.3
1185_0,-12.118203,-76.977144,483,18890.0
1185_0,-12.117829,-76.977163,484,18931.6
1185_0,-12.117778,-76.977165,485,18937.3
1185_0,-12.117200,-76.977218,486,19001.8
1185_0,-12.116587,-76.977292,487,19070.5
1185_0,-12.114770,-76.977549,488,19274.4
1185_0,-12.114100,-76.977644,489,19349.6
1185_0,-12.113383,-76.977745,490,19430.1
1185_0,-12.112592,-76.977851,491,19518.8
1185_0,-12.110507,-76.978146,492,19752.9
1185_0,-12.110497,-76.978148,493,19754.0
1185_0,-12.109868,-76.978238,494,19824.6
1185_0,-12.107684,-76.978524,495,20069.5
1185_0,-12.106571,-76.978657,496,20194.1
1185_0,-12.105656,-76.978776,497,20296.6
1185_0,-12.104676,-76.978920,498,20406.7
1185_0,-12.104464,-76.978952,499,20430.6
1185_0,-12.102882,-76.979188,500,20608.3
1185_0,-12.102586,-76.979232,501,20641.6
1185_0,-12.100793,-76.979468,502,20842.6
1185_0,-12.099903,-76.979585,503,20942.4
1185_0,-12.099556,-76.979630,504,20981.3
1185_0,-12.099529,-76.979633,505,20984.3
1185_0,-12.099322,-76.979656,506,21007.4
1185_0,-12.097235,-76.979941,507,21241.6
1185_0,-12.095556,-76.980169,508,21429.9
1185_0,-12.093907,-76.980403,509,21615.0
1185_0,-12.091888,-76.980702,510,21841.9
1185_0,-12.090643,-76.980861,511,21981.4
1185_0,-12.090425,-76.980867,512,22005.6
1185_0,-12.090207,-76.980877,513,22029.9
1185_0,-12.089900,-76.980896,514,22064.1
1185_0,-12.089674,-76.980919,515,22089.3
1185_0,-12.089459,-76.980945,516,22113.4
1185_0,-12.089270,-76.980969,517,22134.6
1185_0,-12.088865,-76.981023,518,22180.0
1185_0,-12.088262,-76.981107,519,22247.7
1185_0,-12.088076,-76.981163,520,22269.2
1185_0,-12.087953,-76.981210,521,22283.8
1185_0,-12.087858,-76.981252,522,22295.4
1185_0,-12.087760,-76.981300,523,22307.4
1185_0,-12.087028,-76.981717,524,22400.6
1185_0,-12.086700,-76.981887,525,22441.5
1185_0,-12.086553,-76.981957,526,22459.5
1185_0,-12.086403,-76.982021,527,22477.6
1185_0,-12.086277,-76.982069,528,22492.5
1185_0,-12.086149,-76.982114,529,22507.6
1185_0,-12.086049,-76.982142,530,22519.1
1185_0,-12.085949,-76.982164,531,22530.5
1185_0,-12.085870,-76.982177,532,22539.4
1185_0,-12.085790,-76.982187,533,22548.4
1185_0,-12.085714,-76.982190,534,22556.8
1185_0,-12.085667,-76.982192,535,22562.0
1185_0,-12.085565,-76.982191,536,22573.4
1185_0,-12.085459,-76.982183,537,22585.2
1185_0,-12.085384,-76.982170,538,22593.7
1185_0,-12.085268,-76.982143,539,22606.9
1185_0,-12.085250,-76.982136,540,22609.0
1185_0,-12.085079,-76.982074,541,22629.2
1185_0,-12.084977,-76.982032,542,22641.4
1185_0,-12.084882,-76.981984,543,22653.2
1185_0,-12.084791,-76.981928,544,22665.0
1185_0,-12.084705,-76.981865,545,22676.8
1185_0,-12.084611,-76.981788,546,22690.2
1185_0,-12.084518,-76.981700,547,22704.3
1185_0,-12.084303,-76.981491,548,22737.3
1185_0,-12.082856,-76.979949,549,22969.6
1185_0,-12.082801,-76.979890,550,22978.5
1185_0,-12.082372,-76.979430,551,23047.6
1185_0,-12.081114,-76.978079,552,23250.5
1185_0,-12.080971,-76.977930,553,23273.2
1185_0,-12.080824,-76.977784,554,23295.9
1185_0,-12.080704,-76.977669,555,23314.2
1185_0,-12.080583,-76.977557,556,23332.4
1185_0,-12.080374,-76.977371,557,23363.2
1185_0,-12.080160,-76.977193,558,23393.9
1185_0,-12.079954,-76.977031,559,23422.8
1185_0,-12.079743,-76.976875,560,23451.7
1185_0,-12.079581,-76.976762,561,23473.5
1185_0,-12.079417,-76.976652,562,23495.3
1185_0,-12.079219,-76.976523,563,23521.4
1185_0,-12.078938,-76.976357,564,23557.5
1185_0,-12.078652,-76.976198,565,23593.7
1185_0,-12.078431,-76.976082,566,23621.3
1185_0,-12.078176,-76.975957,567,23652.8
1185_0,-12.077918,-76.975839,568,23684.2
1185_0,-12.076986,-76.975441,569,23796.5
1185_0,-12.076297,-76.975142,570,23879.7
1185_0,-12.075511,-76.974815,571,23974.1
1185_0,-12.075303,-76.974731,572,23999.0
1185_0,-12.075016,-76.974613,573,24033.4
1185_0,-12.074906,-76.974567,574,24046.6
1185_0,-12.074797,-76.974521,575,24059.7
1185_0,-12.073002,-76.973753,576,24276.0
1185_0,-12.072884,-76.973704,577,24290.2
1185_0,-12.070719,-76.972803,578,24550.1
1185_0,-12.070297,-76.972626,579,24600.8
1185_0,-12.069748,-76.972395,580,24666.8
1185_0,-12.068798,-76.971994,581,24781.1
1185_0,-12.068132,-76.971718,582,24861.0
1185_0,-12.068035,-76.971683,583,24872.5
1185_0,-12.067840,-76.971609,584,24895.6
1185_0,-12.067641,-76.971534,585,24919.2
1185_0,-12.067551,-76.971510,586,24929.5
1185_0,-12.067276,-76.971440,587,24961.0
1185_0,-12.067043,-76.971385,588,24987.6
1185_0,-12.066634,-76.971305,589,25033.9
1185_0,-12.066179,-76.971248,590,25084.9
1185_0,-12.065941,-76.971233,591,25111.4
1185_0,-12.065791,-76.971223,592,25128.1
1185_0,-12.065285,-76.971205,593,25184.4
1185_0,-12.065056,-76.971196,594,25209.9
1185_0,-12.064776,-76.971198,595,25241.0
1185_0,-12.064629,-76.971205,596,25257.4
1185_0,-12.064074,-76.971239,597,25319.2
1185_0,-12.063687,-76.971296,598,25362.7
1185_0,-12.063570,-76.971309,599,25375.8
1185_0,-12.063316,-76.971356,600,25404.5
1185_0,-12.062995,-76.971419,601,25440.8
1185_0,-12.062415,-76.971572,602,25507.4
1185_0,-12.062331,-76.971602,603,25517.3
1185_0,-12.062154,-76.971663,604,25538.1
1185_0,-12.061655,-76.971838,605,25596.8
1185_0,-12.058627,-76.973157,606,25962.7
1185_0,-12.058615,-76.973162,607,25964.2
1185_0,-12.058106,-76.973382,608,26025.6
1185_0,-12.058093,-76.973388,609,26027.2
1185_0,-12.057822,-76.973507,610,26060.0
1185_0,-12.055499,-76.974524,611,26341.0
1185_0,-12.053856,-76.975238,612,26539.5
1185_0,-12.052950,-76.975652,613,26649.8
1185_0,-12.052587,-76.975834,614,26694.8
1185_0,-12.052245,-76.976023,615,26738.0
1185_0,-12.051906,-76.976238,616,26782.4
1185_0,-12.051638,-76.976432,617,26818.9
1185_0,-12.051209,-76.976757,618,26878.3
1185_0,-12.050679,-76.977223,619,26956.0
1185_0,-12.050506,-76.977407,620,26983.7
1185_0,-12.047769,-76.980489,621,27436.5
1185_0,-12.046570,-76.981859,622,27636.4
1185_0,-12.046148,-76.982341,623,27706.7
1185_0,-12.046140,-76.982351,624,27708.1
1185_0,-12.045873,-76.982656,625,27752.7
1185_0,-12.044603,-76.984099,626,27963.8
1185_0,-12.044224,-76.984525,627,28026.4
1185_0,-12.043281,-76.985574,628,28181.3
1185_0,-12.042619,-76.986241,629,28284.7
1185_0,-12.042525,-76.986319,630,28298.1
1185_0,-12.042237,-76.986561,631,28339.6
1185_0,-12.042018,-76.986731,632,28370.2
1185_0,-12.041635,-76.986996,633,28421.6
1185_0,-12.041550,-76.987048,634,28432.6
1185_0,-12.041394,-76.987141,635,28452.7
1185_0,-12.040936,-76.987412,636,28511.5
1185_0,-12.040897,-76.987431,637,28516.3
1185_0,-12.040448,-76.987655,638,28571.9
1185_0,-12.039814,-76.987921,639,28648.1
1185_0,-12.039693,-76.987969,640,28662.5
1185_0,-12.039449,-76.988057,641,28691.3
1185_0,-12.039194,-76.988133,642,28720.8
1185_0,-12.037095,-76.988686,643,28961.8
1185_0,-12.036656,-76.988802,644,29012.3
1185_0,-12.036096,-76.988967,645,29077.1
1185_0,-12.035711,-76.989079,646,29121.6
1185_0,-12.035137,-76.989297,647,29189.7
1185_0,-12.034910,-76.989406,648,29217.5
1185_0,-12.034537,-76.989598,649,29264.0
1185_0,-12.034239,-76.989768,650,29301.9
1185_0,-12.034012,-76.989922,651,29332.2
1185_0,-12.033620,-76.990173,652,29383.6
1185_0,-12.033232,-76.990447,653,29436.1
1185_0,-12.033004,-76.990618,654,29467.5
1185_0,-12.032837,-76.990748,655,29490.9
1185_0,-12.032293,-76.991218,656,29570.0
1185_0,-12.032019,-76.991499,657,29613.2
1185_0,-12.031844,-76.991679,658,29640.8
1185_0,-12.031425,-76.992138,659,29709.1
1185_0,-12.031172,-76.992435,660,29751.9
1185_0,-12.030945,-76.992731,661,29792.8
1185_0,-12.030715,-76.993044,662,29835.4
1185_0,-12.030612,-76.993187,663,29854.7
1185_0,-12.030509,-76.993351,664,29875.9
1185_0,-12.030438,-76.993467,665,29890.8
1185_0,-12.030284,-76.993719,666,29923.1
1185_0,-12.030259,-76.993762,667,29928.5
1185_0,-12.030146,-76.993951,668,29952.6
1185_0,-12.029512,-76.995080,669,30094.2
1185_0,-12.029384,-76.995319,670,30123.9
1185_0,-12.029275,-76.995556,671,30152.3
1185_0,-12.029172,-76.995839,672,30185.2
1185_0,-12.029084,-76.996129,673,30218.2
1185_0,-12.029053,-76.996280,674,30235.0
1185_0,-12.028979,-76.996680,675,30279.2
1185_0,-12.028971,-76.996818,676,30294.3
1185_0,-12.028962,-76.997171,677,30332.7
1185_0,-12.028981,-76.997479,678,30366.2
1185_0,-12.029036,-76.997820,679,30403.8
1185_0,-12.029130,-76.998158,680,30442.0
1185_0,-12.029237,-76.998475,681,30478.5
1185_0,-12.029413,-76.998973,682,30536.1
1185_0,-12.029435,-76.999031,683,30542.9
1185_0,-12.029580,-76.999416,684,30587.7
1185_0,-12.030042,-77.000555,685,30721.8
1185_0,-12.030430,-77.001602,686,30843.6
1185_0,-12.031164,-77.003568,687,31072.5
1185_0,-12.031503,-77.004455,688,31176.0
1185_0,-12.031704,-77.004973,689,31236.6
1185_0,-12.032028,-77.005611,690,31314.8
1185_0,-12.032136,-77.005824,691,31340.9
1185_0,-12.032481,-77.006474,692,31421.3
1185_0,-12.032666,-77.006733,693,31456.2
1185_0,-12.032688,-77.006767,694,31460.6
1185_0,-12.032743,-77.006871,695,31473.5
1185_0,-12.033364,-77.007961,696,31610.7
1185_0,-12.033832,-77.008686,697,31705.2
1185_0,-12.033959,-77.008857,698,31728.5
1185_0,-12.034154,-77.009131,699,31765.4
1185_0,-12.034379,-77.009447,700,31807.9
1185_0,-12.034485,-77.009598,701,31828.1
1185_0,-12.034602,-77.009761,702,31850.1
1185_0,-12.035208,-77.010529,703,31957.4
1185_0,-12.035498,-77.010853,704,32005.1
1185_0,-12.036447,-77.011958,705,32165.1
1185_0,-12.036594,-77.012130,706,32189.9
1185_0,-12.037819,-77.013546,707,32395.5
1185_0,-12.038058,-77.013832,708,32436.4
1185_0,-12.039085,-77.015060,709,32612.1
1185_0,-12.039329,-77.015387,710,32656.9
1185_0,-12.039618,-77.015794,711,32711.5
1185_0,-12.039896,-77.016215,712,32766.8
1185_0,-12.040230,-77.016737,713,32834.6
1185_0,-12.040329,-77.016891,714,32854.7
1185_0,-12.040559,-77.017314,715,32907.3
1185_0,-12.040939,-77.018029,716,32995.8
1185_0,-12.041184,-77.018490,717,33052.9
1185_0,-12.041627,-77.019438,718,33167.1
1185_0,-12.041864,-77.019942,719,33227.9
1185_0,-12.042029,-77.020294,720,33270.4
1185_0,-12.042476,-77.021291,721,33389.6
1185_0,-12.042545,-77.021444,722,33408.0
1185_0,-12.042592,-77.021531,723,33418.8
1185_0,-12.042771,-77.021996,724,33473.1
1185_0,-12.042924,-77.022465,725,33526.9
1185_0,-12.043023,-77.022887,726,33574.1
1185_0,-12.043053,-77.023036,727,33590.6
1185_0,-12.043107,-77.023300,728,33620.0
1185_0,-12.043149,-77.023545,729,33647.0
1185_0,-12.043183,-77.023824,730,33677.6
1185_0,-12.043201,-77.024106,731,33708.3
1185_0,-12.043202,-77.024522,732,33753.5
1185_0,-12.043156,-77.026564,733,33975.7
1185_0,-12.043140,-77.027304,734,34056.2
1185_0,-12.043112,-77.028071,735,34139.6
1185_0,-12.043087,-77.028612,736,34198.5
1185_0,-12.043059,-77.028906,737,34230.7
1185_0,-12.043013,-77.029172,738,34260.0
1185_0,-12.042922,-77.029475,739,34294.5
1185_0,-12.042721,-77.029991,740,34354.9
1185_0,-12.042583,-77.030342,741,34396.0
1185_0,-12.042406,-77.030724,742,34442.0
1185_0,-12.042122,-77.031346,743,34516.7
1185_0,-12.041999,-77.031621,744,34549.5
1185_0,-12.041760,-77.032103,745,34608.3
1185_0,-12.041605,-77.032398,746,34644.7
1185_0,-12.041439,-77.032676,747,34680.1
1185_0,-12.041129,-77.033207,748,34747.4
1185_0,-12.040997,-77.033431,749,34775.8
1185_0,-12.040924,-77.033579,750,34793.9
1185_0,-12.040383,-77.035009,751,34960.6
1185_0,-12.040274,-77.035242,752,34988.7
1185_0,-12.040150,-77.035491,753,35019.1
1185_0,-12.040051,-77.035654,754,35039.9
1185_0,-12.039961,-77.035794,755,35058.2
1185_0,-12.039818,-77.035994,756,35085.1
1185_0,-12.039649,-77.036205,757,35114.8
1185_0,-12.039215,-77.036683,758,35185.7
1185_0,-12.038728,-77.037231,759,35266.2
1185_0,-12.038472,-77.037593,760,35314.8
1185_0,-12.038331,-77.037822,761,35344.2
1185_0,-12.038220,-77.038025,762,35369.5
1185_0,-12.038104,-77.038280,763,35400.1
1185_0,-12.038019,-77.038491,764,35424.9
1185_0,-12.037951,-77.038688,765,35447.6
1185_0,-12.037884,-77.038888,766,35470.6
1185_0,-12.037541,-77.040045,767,35602.1
1185_0,-12.037357,-77.040669,768,35673.0
1185_0,-12.037317,-77.040798,769,35687.7
1185_0,-12.037268,-77.040978,770,35708.0
1185_0,-12.037136,-77.041437,771,35760.1
1185_0,-12.036475,-77.043628,772,36009.4
1185_0,-12.036458,-77.043686,773,36016.0
1185_0,-12.036269,-77.044323,774,36088.4
1185_0,-12.036149,-77.044723,775,36133.9
1185_0,-12.036080,-77.044941,776,36158.8
1185_0,-12.036057,-77.045053,777,36171.2
1185_0,-12.036029,-77.045188,778,36186.3
1185_0,-12.035974,-77.045578,779,36229.1
1185_0,-12.035931,-77.045843,780,36258.3
1185_0,-12.035855,-77.046268,781,36305.3
1185_0,-12.035747,-77.046831,782,36367.7
1185_0,-12.035732,-77.046905,783,36375.9
1185_0,-12.035629,-77.047299,784,36420.3
1185_0,-12.035504,-77.047674,785,36463.3
1185_0,-12.035410,-77.048035,786,36504.0
1185_0,-12.035363,-77.048214,787,36524.1
1185_0,-12.035294,-77.048468,788,36552.8
1185_0,-12.035235,-77.048686,789,36577.4
1185_0,-12.034882,-77.049658,790,36690.2
1185_0,-12.034449,-77.050743,791,36817.6
1185_0,-12.034207,-77.051349,792,36888.8
1185_0,-12.034074,-77.051684,793,36928.1
1185_0,-12.033932,-77.052039,794,36969.8
1185_0,-12.033492,-77.053097,795,37094.8
1185_0,-12.033450,-77.053182,796,37105.2
1185_0,-12.033410,-77.053261,797,37114.9
1185_0,-12.033371,-77.053336,798,37124.1
1185_0,-12.033174,-77.053716,799,37170.9
1185_0,-12.032767,-77.054391,800,37257.1
1185_0,-12.032620,-77.054618,801,37286.7
1185_0,-12.032469,-77.054816,802,37314.0
1185_0,-12.032261,-77.055103,803,37352.9
1185_0,-12.031901,-77.055517,804,37413.1
1185_0,-12.031822,-77.055601,805,37425.8
1185_0,-12.031430,-77.055999,806,37487.2
1185_0,-12.031302,-77.056117,807,37506.4
1185_0,-12.031039,-77.056337,808,37544.2
1185_0,-12.030463,-77.056752,809,37622.5
1185_0,-12.030263,-77.056902,810,37650.1
1185_0,-12.029518,-77.057417,811,37750.1
1185_0,-12.029108,-77.057634,812,37801.4
1185_0,-12.028817,-77.057756,813,37836.4
1185_0,-12.028237,-77.057980,814,37905.4
1185_0,-12.027863,-77.058098,815,37948.9
1185_0,-12.027427,-77.058208,816,37998.8
1185_0,-12.027062,-77.058267,817,38039.9
1185_0,-12.026544,-77.058332,818,38097.9
1185_0,-12.025908,-77.058411,819,38169.2
1185_0,-12.023185,-77.058864,820,38475.9
1185_0,-12.022069,-77.059027,821,38601.3
1185_0,-12.021734,-77.059083,822,38639.0
1185_0,-12.020630,-77.059238,823,38762.9
1185_0,-12.020297,-77.059306,824,38800.7
1185_0,-12.017709,-77.059702,825,39091.7
1185_0,-12.016036,-77.059955,826,39279.7
1185_0,-12.015287,-77.060070,827,39364.0
1185_0,-12.014511,-77.060196,828,39451.3
1185_0,-12.013342,-77.060386,829,39582.9
1185_0,-12.012801,-77.060447,830,39643.5
1185_0,-12.012270,-77.060500,831,39702.8
1185_0,-12.012073,-77.060523,832,39724.8
1185_0,-12.011451,-77.060587,833,39794.3
1185_0,-12.010997,-77.060664,834,39845.5
1185_0,-12.009844,-77.060859,835,39975.5
1185_0,-12.009464,-77.060942,836,40018.7
1185_0,-12.009178,-77.061021,837,40051.6
1185_0,-12.008401,-77.061268,838,40142.1
1185_0,-12.008203,-77.061322,839,40164.9
1185_0,-12.007993,-77.061355,840,40188.5
1185_0,-12.007749,-77.061392,841,40215.9
1185_0,-12.007471,-77.061434,842,40247.2
1185_0,-12.005751,-77.061705,843,40440.7
1185_0,-12.005411,-77.061749,844,40478.8
1185_0,-12.004947,-77.061802,845,40530.7
1185_0,-12.003604,-77.061910,846,40680.5
1185_0,-12.003346,-77.061939,847,40709.4
1185_0,-12.002939,-77.061993,848,40755.0
1185_0,-12.000648,-77.062352,849,41012.7
1185_0,-12.000387,-77.062406,850,41042.3
1185_0,-11.998886,-77.062656,851,41211.5
1185_0,-11.998312,-77.062752,852,41276.1
1185_0,-11.997671,-77.062857,853,41348.3
1185_0,-11.995109,-77.063239,854,41636.2
1185_0,-11.993995,-77.063414,855,41761.5
1185_0,-11.993520,-77.063495,856,41815.1
1185_0,-11.992997,-77.063594,857,41874.2
1185_0,-11.992353,-77.063757,858,41948.0
1185_0,-11.991964,-77.063850,859,41992.4
1185_0,-11.991592,-77.063918,860,42034.4
1185_0,-11.991329,-77.063963,861,42064.1
1185_0,-11.990837,-77.064031,862,42119.3
1185_0,-11.989258,-77.064222,863,42296.1
1185_0,-11.988307,-77.064326,864,42402.4
1185_0,-11.987833,-77.064382,865,42455.5
1185_0,-11.987461,-77.064434,866,42497.3
1185_0,-11.986013,-77.064658,867,42660.1
1185_0,-11.984283,-77.064924,868,42854.6
1185_0,-11.983951,-77.064979,869,42892.0
1185_0,-11.981758,-77.065321,870,43138.7
1185_0,-11.972977,-77.066689,871,44126.4
1185_0,-11.970507,-77.067078,872,44404.3
1185_0,-11.970307,-77.067109,873,44426.8
1185_0,-11.969640,-77.067213,874,44501.8
1185_0,-11.968020,-77.067465,875,44684.0
1185_0,-11.966127,-77.067765,876,44897.0
1185_0,-11.965880,-77.067807,877,44924.8
1185_0,-11.965157,-77.067930,878,45006.3
1185_0,-11.964051,-77.068128,879,45131.2
1185_0,-11.963137,-77.068266,880,45233.9
1185_0,-11.962728,-77.068318,881,45279.8
1185_0,-11.962344,-77.068371,882,45322.8
1185_0,-11.962234,-77.068388,883,45335.2
1185_0,-11.962047,-77.068418,884,45356.3
1185_0,-11.961197,-77.068536,885,45451.6
1185_0,-11.960913,-77.068579,886,45483.6
1185_0,-11.959754,-77.068745,887,45613.7
1185_0,-11.959458,-77.068793,888,45647.0
1185_0,-11.958625,-77.068930,889,45740.8
1185_0,-11.958140,-77.068998,890,45795.3
1185_0,-11.957118,-77.069160,891,45910.3
1185_0,-11.956728,-77.069222,892,45954.2
1185_0,-11.956586,-77.069248,893,45970.2
1185_0,-11.956467,-77.069267,894,45983.6
1185_0,-11.955536,-77.069412,895,46088.3
1185_0,-11.955447,-77.069426,896,46098.3
1185_0,-11.955222,-77.069461,897,46123.6
1185_0,-11.954889,-77.069513,898,46161.1
1185_0,-11.954833,-77.069522,899,46167.4
1185_0,-11.954477,-77.069578,900,46207.5
1185_0,-11.954162,-77.069627,901,46242.9
1185_0,-11.953128,-77.069786,902,46359.2
1185_0,-11.951774,-77.070016,903,46511.8
1185_0,-11.950979,-77.070130,904,46601.0
1185_0,-11.950157,-77.070259,905,46693.5
1185_0,-11.949272,-77.070377,906,46792.8
1185_0,-11.948202,-77.070564,907,46913.5
1185_0,-11.947860,-77.070608,908,46951.8
1185_0,-11.946538,-77.070788,909,47100.1
1185_0,-11.946387,-77.070808,910,47117.0
1185_0,-11.946067,-77.070844,911,47152.8
1185_0,-11.945872,-77.070868,912,47174.7
1185_0,-11.945161,-77.070951,913,47254.2
1185_0,-11.944970,-77.070974,914,47275.6
1185_0,-11.943806,-77.071084,915,47405.6
1185_0,-11.941739,-77.071285,916,47636.5
1185_0,-11.941563,-77.071304,917,47656.2
1185_0,-11.939626,-77.071479,918,47872.4
1185_0,-11.938041,-77.071640,919,48049.5
1185_0,-11.937834,-77.071661,920,48072.6
1185_0,-11.937788,-77.071666,921,48077.8
1185_0,-11.937695,-77.071677,922,48088.2
1185_0,-11.937543,-77.071691,923,48105.1
1185_0,-11.937554,-77.071817,924,48118.9
1185_0,-11.937563,-77.071933,925,48131.6
1185_0,-11.937584,-77.072178,926,48158.3
1185_0,-11.937592,-77.072267,927,48168.0
1185_0,-11.937636,-77.072728,928,48218.4
1185_0,-11.937748,-77.074013,929,48358.8
1185_0,-11.937762,-77.074177,930,48376.7
1185_0,-11.937768,-77.074242,931,48383.8
1185_0,-11.937778,-77.074342,932,48394.7
1185_0,-11.937821,-77.074773,933,48441.9
1185_0,-11.937877,-77.075178,934,48486.4
1185_0,-11.937942,-77.075473,935,48519.3
1185_0,-11.938004,-77.075665,936,48541.3
1185_0,-11.938025,-77.075729,937,48548.6
1185_0,-11.938174,-77.076065,938,48588.7
1185_0,-11.938357,-77.076398,939,48630.3
1185_0,-11.938573,-77.076715,940,48672.3
1185_0,-11.938712,-77.076880,941,48696.0
1185_0,-11.938803,-77.076987,942,48711.4
1185_0,-11.938964,-77.077133,943,48735.3
1185_0,-11.939012,-77.077180,944,48742.7
1185_0,-11.939081,-77.077237,945,48752.6
1185_0,-11.939005,-77.077354,946,48767.9
1185_0,-11.937803,-77.078895,947,48982.3
1185_0,-11.937225,-77.079667,948,49088.0
1185_0,-11.937173,-77.079752,949,49098.9
1185_0,-11.936991,-77.080055,950,49137.6
1185_0,-11.936799,-77.080432,951,49183.9
1185_0,-11.936641,-77.080770,952,49224.6
1185_0,-11.936487,-77.081255,953,49280.1
1185_0,-11.936317,-77.081730,954,49335.1
1185_0,-11.936251,-77.081927,955,49357.8
1185_0,-11.936156,-77.082232,956,49392.6
1185_0,-11.935975,-77.082753,957,49452.7
1185_0,-11.935858,-77.083083,958,49490.9
1185_0,-11.935835,-77.083160,959,49499.7
1185_0,-11.935821,-77.083240,960,49508.5
1185_0,-11.935815,-77.083321,961,49517.4
1185_0,-11.935865,-77.083437,962,49531.2
1185_0,-11.935905,-77.083521,963,49541.3
1185_0,-11.935970,-77.083640,964,49556.1
1185_0,-11.936151,-77.083829,965,49584.9
1185_0,-11.936392,-77.084082,966,49623.3
1185_0,-11.936712,-77.084431,967,49675.4
1185_0,-11.937548,-77.085344,968,49811.4
1185_0,-11.937979,-77.085802,969,49880.5
1185_0,-11.938146,-77.086005,970,49909.4
1185_0,-11.938242,-77.086151,971,49928.5
1185_0,-11.938247,-77.086165,972,49930.2
1185_0,-11.938279,-77.086269,973,49942.0
1185_0,-11.938307,-77.086478,974,49965.0
1185_0,-11.938278,-77.086584,975,49976.9
1185_0,-11.938248,-77.086708,976,49990.8
1185_0,-11.938218,-77.086808,977,50002.2
1185_0,-11.938184,-77.086929,978,50015.9
1185_0,-11.938079,-77.087303,979,50058.2
1185_0,-11.937890,-77.087991,980,50136.0
1185_0,-11.937809,-77.088235,981,50164.0
1185_0,-11.937736,-77.088410,982,50184.7
1185_0,-11.937568,-77.088679,983,50219.4
1185_0,-11.937175,-77.089292,984,50299.2
1185_0,-11.936894,-77.089731,985,50356.2
1185_0,-11.936746,-77.089963,986,50386.4
1185_0,-11.936581,-77.090205,987,50418.4
1185_0,-11.936301,-77.090617,988,50473.0
1185_0,-11.936255,-77.090767,989,50490.1
1185_0,-11.936236,-77.090927,990,50507.7
1185_0,-11.936257,-77.091074,991,50523.8
1185_0,-11.936320,-77.091207,992,50539.9
1185_0,-11.936453,-77.091368,993,50562.8
1185_0,-11.936550,-77.091476,994,50578.8
1185_0,-11.936501,-77.091529,995,50586.7
1185_0,-11.936023,-77.092051,996,50664.5
1185_0,-11.935932,-77.092162,997,50680.2
1185_0,-11.935789,-77.092336,998,50705.0
1185_0,-11.936563,-77.092975,999,50815.6
1185_0,-11.936980,-77.093321,1000,50875.3
1185_0,-11.936443,-77.094001,1001,50970.4
1185_0,-11.936338,-77.094133,1002,50988.9
1185_0,-11.935231,-77.095507,1003,51182.5
1185_0,-11.935160,-77.095580,1004,51193.7
1185_0,-11.934528,-77.095851,1005,51269.9
1185_1,-11.934420,-77.096197,0,0.0
1185_1,-11.934347,-77.096010,1,21.9
1185_1,-11.935186,-77.095648,2,123.2
1185_1,-11.935263,-77.095580,3,134.5
1185_1,-11.936402,-77.094186,4,332.1
1185_1,-11.937040,-77.093382,5,444.7
1185_1,-11.936980,-77.093321,6,454.1
1185_1,-11.936563,-77.092975,7,513.8
1185_1,-11.935789,-77.092336,8,624.5
1185_1,-11.935932,-77.092162,9,649.2
1185_1,-11.936023,-77.092051,10,664.9
1185_1,-11.936501,-77.091529,11,742.7
1185_1,-11.936550,-77.091476,12,750.6
1185_1,-11.936453,-77.091368,13,766.6
1185_1,-11.936320,-77.091207,14,789.5
1185_1,-11.936257,-77.091074,15,805.6
1185_1,-11.936236,-77.090927,16,821.8
1185_1,-11.936255,-77.090767,17,839.3
1185_1,-11.936301,-77.090617,18,856.4
1185_1,-11.936581,-77.090205,19,911.0
1185_1,-11.936746,-77.089963,20,943.1
1185_1,-11.936894,-77.089731,21,973.2
1185_1,-11.937175,-77.089292,22,1030.3
1185_1,-11.937568,-77.088679,23,1110.0
1185_1,-11.937736,-77.088410,24,1144.7
1185_1,-11.937809,-77.088235,25,1165.4
1185_1,-11.937890,-77.087991,26,1193.4
1185_1,-11.938079,-77.087303,27,1271.2
1185_1,-11.938184,-77.086929,28,1313.5
1185_1,-11.938218,-77.086808,29,1327.2
1185_1,-11.938248,-77.086708,30,1338.6
1185_1,-11.938278,-77.086584,31,1352.5
1185_1,-11.938307,-77.086478,32,1364.5
1185_1,-11.938367,-77.086271,33,1387.9
1185_1,-11.938377,-77.086163,34,1399.7
1185_1,-11.938338,-77.086083,35,1409.5
1185_1,-11.938215,-77.085948,36,1429.5
1185_1,-11.938033,-77.085753,37,1458.9
1185_1,-11.937822,-77.085527,38,1492.8
1185_1,-11.937606,-77.085296,39,1527.6
1185_1,-11.936142,-77.083725,40,1763.6
1185_1,-11.935815,-77.083321,41,1820.7
1185_1,-11.935874,-77.083306,42,1827.4
1185_1,-11.935921,-77.083267,43,1834.2
1185_1,-11.935948,-77.083210,44,1841.1
1185_1,-11.935962,-77.083135,45,1849.4
1185_1,-11.936062,-77.082790,46,1888.5
1185_1,-11.936067,-77.082776,47,1890.1
1185_1,-11.936270,-77.082284,48,1948.2
1185_1,-11.936447,-77.081779,49,2006.6
1185_1,-11.936493,-77.081653,50,2021.2
1185_1,-11.936763,-77.080883,51,2110.2
1185_1,-11.936909,-77.080537,52,2151.2
1185_1,-11.937120,-77.080145,53,2199.9
1185_1,-11.937229,-77.079967,54,2222.7
1185_1,-11.937398,-77.079711,55,2256.3
1185_1,-11.937932,-77.079011,56,2352.9
1185_1,-11.938082,-77.078813,57,2380.1
1185_1,-11.938569,-77.078174,58,2468.2
1185_1,-11.938876,-77.077773,59,2523.6
1185_1,-11.938993,-77.077620,60,2544.8
1185_1,-11.939128,-77.077445,61,2569.0
1185_1,-11.939207,-77.077342,62,2583.2
1185_1,-11.939248,-77.077289,63,2590.6
1185_1,-11.939305,-77.077214,64,2600.9
1185_1,-11.939182,-77.077113,65,2618.5
1185_1,-11.939117,-77.077061,66,2627.6
1185_1,-11.938948,-77.076904,67,2653.0
1185_1,-11.938702,-77.076608,68,2695.3
1185_1,-11.938507,-77.076353,69,2730.5
1185_1,-11.938382,-77.076138,70,2757.7
1185_1,-11.938309,-77.076000,71,2774.8
1185_1,-11.938222,-77.075802,72,2798.4
1185_1,-11.938150,-77.075608,73,2821.0
1185_1,-11.938113,-77.075494,74,2834.0
1185_1,-11.938091,-77.075428,75,2841.6
1185_1,-11.938066,-77.075335,76,2852.1
1185_1,-11.938016,-77.075087,77,2879.6
1185_1,-11.937973,-77.074807,78,2910.5
1185_1,-11.937944,-77.074482,79,2946.0
1185_1,-11.937930,-77.074327,80,2962.9
1185_1,-11.937921,-77.074226,81,2974.0
1185_1,-11.937915,-77.074164,82,2980.7
1185_1,-11.937848,-77.073441,83,3059.7
1185_1,-11.937782,-77.072728,84,3137.7
1185_1,-11.937752,-77.072358,85,3178.0
1185_1,-11.937744,-77.072254,86,3189.4
1185_1,-11.937736,-77.072163,87,3199.3
1185_1,-11.937718,-77.071952,88,3222.4
1185_1,-11.937715,-77.071917,89,3226.2
1185_1,-11.937705,-77.071802,90,3238.8
1185_1,-11.937799,-77.071791,91,3249.3
1185_1,-11.938828,-77.071692,92,3364.2
1185_1,-11.939810,-77.071608,93,3473.8
1185_1,-11.941684,-77.071437,94,3683.0
1185_1,-11.941699,-77.071436,95,3684.7
1185_1,-11.941876,-77.071419,96,3704.4
1185_1,-11.944953,-77.071123,97,4048.1
1185_1,-11.945127,-77.071109,98,4067.5
1185_1,-11.945232,-77.071096,99,4079.2
1185_1,-11.945915,-77.071011,100,4155.8
1185_1,-11.946092,-77.070995,101,4175.5
1185_1,-11.946421,-77.070953,102,4212.4
1185_1,-11.946604,-77.070925,103,4233.0
1185_1,-11.949292,-77.070513,104,4535.2
1185_1,-11.950692,-77.070298,105,4692.6
1185_1,-11.951630,-77.070133,106,4798.4
1185_1,-11.952054,-77.070061,107,4846.2
1185_1,-11.952211,-77.070037,108,4863.9
1185_1,-11.953156,-77.069887,109,4970.2
1185_1,-11.954174,-77.069725,110,5084.8
1185_1,-11.954527,-77.069669,111,5124.5
1185_1,-11.954915,-77.069608,112,5168.2
1185_1,-11.955544,-77.069513,113,5238.9
1185_1,-11.956765,-77.069330,114,5376.1
1185_1,-11.958164,-77.069110,115,5533.5
1185_1,-11.958638,-77.069027,116,5586.9
1185_1,-11.958736,-77.069011,117,5598.0
1185_1,-11.959133,-77.068953,118,5642.6
1185_1,-11.960114,-77.068811,119,5752.7
1185_1,-11.960952,-77.068732,120,5846.3
1185_1,-11.961957,-77.068583,121,5959.2
1185_1,-11.962363,-77.068526,122,6004.8
1185_1,-11.962748,-77.068481,123,6047.9
1185_1,-11.962925,-77.068453,124,6067.8
1185_1,-11.963007,-77.068441,125,6077.0
1185_1,-11.963986,-77.068285,126,6187.2
1185_1,-11.965013,-77.068087,127,6303.4
1185_1,-11.966378,-77.067848,128,6457.4
1185_1,-11.966530,-77.067821,129,6474.6
1185_1,-11.968729,-77.067468,130,6722.1
1185_1,-11.969977,-77.067274,131,6862.4
1185_1,-11.970567,-77.067182,132,6928.8
1185_1,-11.971235,-77.067078,133,7003.9
1185_1,-11.971397,-77.067053,134,7022.2
1185_1,-11.972501,-77.066881,135,7146.3
1185_1,-11.973051,-77.066795,136,7208.2
1185_1,-11.980379,-77.065651,137,8032.5
1185_1,-11.981693,-77.065446,138,8180.3
1185_1,-11.982281,-77.065355,139,8246.4
1185_1,-11.983976,-77.065093,140,8437.0
1185_1,-11.984307,-77.065040,141,8474.3
1185_1,-11.986626,-77.064678,142,8735.1
1185_1,-11.987442,-77.064555,143,8826.9
1185_1,-11.987845,-77.064501,144,8872.0
1185_1,-11.988431,-77.064440,145,8937.5
1185_1,-11.989278,-77.064352,146,9032.2
1185_1,-11.990843,-77.064174,147,9207.3
1185_1,-11.991242,-77.064127,148,9252.0
1185_1,-11.991616,-77.064062,149,9294.2
1185_1,-11.991991,-77.063993,150,9336.5
1185_1,-11.992389,-77.063899,151,9381.9
1185_1,-11.993185,-77.063685,152,9473.5
1185_1,-11.994046,-77.063520,153,9570.9
1185_1,-11.994227,-77.063491,154,9591.2
1185_1,-11.996939,-77.063060,155,9896.4
1185_1,-11.997678,-77.062949,156,9979.5
1185_1,-11.998595,-77.062802,157,10082.7
1185_1,-12.000910,-77.062426,158,10343.3
1185_1,-12.001476,-77.062335,159,10407.0
1185_1,-12.002958,-77.062106,160,10573.7
1185_1,-12.003362,-77.062068,161,10618.8
1185_1,-12.003605,-77.062050,162,10645.9
1185_1,-12.004872,-77.061981,163,10787.0
1185_1,-12.005249,-77.061956,164,10829.0
1185_1,-12.005498,-77.061933,165,10856.8
1185_1,-12.005742,-77.061897,166,10884.2
1185_1,-12.007485,-77.061619,167,11080.4
1185_1,-12.007772,-77.061564,168,11112.8
1185_1,-12.008062,-77.061491,169,11146.1
1185_1,-12.008441,-77.061375,170,11190.0
1185_1,-12.008916,-77.061217,171,11245.6
1185_1,-12.009213,-77.061121,172,11280.2
1185_1,-12.009492,-77.061044,173,11312.4
1185_1,-12.009889,-77.060960,174,11357.4
1185_1,-12.011014,-77.060768,175,11484.3
1185_1,-12.011462,-77.060693,176,11534.7
1185_1,-12.011796,-77.060666,177,11572.0
1185_1,-12.012819,-77.060575,178,11686.2
1185_1,-12.015649,-77.060124,179,12004.7
1185_1,-12.017909,-77.059763,180,12259.0
1185_1,-12.018758,-77.059638,181,12354.4
1185_1,-12.020111,-77.059456,182,12506.1
1185_1,-12.021241,-77.059285,183,12633.1
1185_1,-12.022489,-77.059077,184,12773.7
1185_1,-12.022842,-77.059018,185,12813.5
1185_1,-12.023325,-77.058936,186,12868.0
1185_1,-12.023789,-77.058864,187,12920.2
1185_1,-12.024091,-77.058824,188,12954.0
1185_1,-12.025949,-77.058516,189,13163.3
1185_1,-12.026642,-77.058415,190,13241.1
1185_1,-12.027086,-77.058359,191,13290.9
1185_1,-12.027472,-77.058304,192,13334.2
1185_1,-12.027886,-77.058198,193,13381.7
1185_1,-12.028262,-77.058077,194,13425.5
1185_1,-12.028858,-77.057849,195,13496.3
1185_1,-12.029149,-77.057726,196,13531.3
1185_1,-12.029515,-77.057541,197,13576.7
1185_1,-12.030292,-77.057020,198,13680.0
1185_1,-12.030836,-77.056629,199,13753.9
1185_1,-12.030990,-77.056517,200,13775.0
1185_1,-12.031224,-77.056331,201,13807.9
1185_1,-12.031510,-77.056075,202,13850.2
1185_1,-12.031859,-77.055718,203,13905.1
1185_1,-12.031903,-77.055674,204,13911.9
1185_1,-12.032010,-77.055555,205,13929.5
1185_1,-12.032128,-77.055418,206,13949.4
1185_1,-12.032252,-77.055275,207,13970.1
1185_1,-12.032401,-77.055092,208,13996.0
1185_1,-12.032580,-77.054853,209,14028.8
1185_1,-12.032828,-77.054485,210,14077.4
1185_1,-12.033008,-77.054207,211,14113.6
1185_1,-12.033483,-77.053358,212,14220.0
1185_1,-12.033503,-77.053323,213,14224.4
1185_1,-12.033678,-77.052920,214,14272.4
1185_1,-12.033839,-77.052551,215,14316.3
1185_1,-12.034426,-77.051088,216,14488.3
1185_1,-12.034494,-77.050920,217,14508.0
1185_1,-12.034543,-77.050797,218,14522.5
1185_1,-12.034761,-77.050250,219,14586.7
1185_1,-12.034887,-77.049921,220,14625.2
1185_1,-12.035146,-77.049267,221,14701.9
1185_1,-12.035214,-77.049093,222,14722.3
1185_1,-12.035404,-77.048508,223,14789.3
1185_1,-12.035443,-77.048355,224,14806.5
1185_1,-12.035475,-77.048233,225,14820.2
1185_1,-12.035627,-77.047664,226,14884.4
1185_1,-12.035778,-77.047107,227,14947.2
1185_1,-12.035851,-77.046811,228,14980.4
1185_1,-12.035907,-77.046531,229,15011.5
1185_1,-12.035967,-77.046240,230,15043.9
1185_1,-12.036051,-77.045764,231,15096.5
1185_1,-12.036113,-77.045405,232,15136.1
1185_1,-12.036162,-77.045132,233,15166.3
1185_1,-12.036219,-77.044900,234,15192.3
1185_1,-12.036344,-77.044448,235,15243.4
1185_1,-12.036569,-77.043676,236,15331.0
1185_1,-12.036586,-77.043617,237,15337.7
1185_1,-12.037023,-77.042174,238,15502.0
1185_1,-12.037217,-77.041530,239,15575.2
1185_1,-12.037284,-77.041318,240,15599.5
1185_1,-12.037406,-77.040932,241,15643.6
1185_1,-12.037493,-77.040594,242,15681.6
1185_1,-12.037924,-77.039171,243,15843.6
1185_1,-12.038049,-77.038715,244,15895.1
1185_1,-12.038112,-77.038532,245,15916.2
1185_1,-12.038191,-77.038332,246,15939.6
1185_1,-12.038319,-77.038059,247,15972.6
1185_1,-12.038381,-77.037939,248,15987.3
1185_1,-12.038425,-77.037860,249,15997.2
1185_1,-12.038557,-77.037651,250,16024.3
1185_1,-12.038813,-77.037292,251,16072.6
1185_1,-12.038847,-77.037254,252,16078.2
1185_1,-12.039275,-77.036780,253,16148.3
1185_1,-12.039737,-77.036270,254,16223.9
1185_1,-12.039895,-77.036070,255,16251.9
1185_1,-12.040014,-77.035911,256,16273.7
1185_1,-12.040132,-77.035719,257,16298.3
1185_1,-12.040233,-77.035550,258,16319.9
1185_1,-12.040365,-77.035293,259,16351.4
1185_1,-12.040458,-77.035094,260,16375.4
1185_1,-12.041011,-77.033631,261,16546.0
1185_1,-12.041025,-77.033604,262,16549.3
1185_1,-12.041087,-77.033486,263,16563.9
1185_1,-12.041222,-77.033250,264,16593.6
1185_1,-12.041264,-77.033183,265,16602.3
1185_1,-12.041458,-77.032871,266,16642.5
1185_1,-12.041705,-77.032478,267,16693.3
1185_1,-12.041735,-77.032419,268,16700.5
1185_1,-12.041881,-77.032131,269,16735.8
1185_1,-12.042684,-77.030380,270,16946.1
1185_1,-12.042824,-77.030018,271,16988.4
1185_1,-12.043019,-77.029476,272,17051.2
1185_1,-12.043102,-77.029172,273,17085.6
1185_1,-12.043153,-77.028911,274,17114.5
1185_1,-12.043183,-77.028616,275,17146.8
1185_1,-12.043211,-77.028066,276,17206.7
1185_1,-12.043227,-77.027293,277,17290.7
1185_1,-12.043260,-77.026559,278,17370.6
1185_1,-12.043317,-77.024510,279,17593.6
1185_1,-12.043312,-77.024085,280,17639.8
1185_1,-12.043299,-77.023796,281,17671.2
1185_1,-12.043279,-77.023549,282,17698.2
1185_1,-12.043247,-77.023319,283,17723.5
1185_1,-12.043211,-77.023176,284,17739.5
1185_1,-12.043149,-77.022868,285,17773.7
1185_1,-12.043047,-77.022450,286,17820.6
1185_1,-12.042880,-77.021853,287,17888.1
1185_1,-12.042800,-77.021665,288,17910.4
1185_1,-12.042715,-77.021453,289,17935.3
1185_1,-12.042202,-77.020371,290,18066.1
1185_1,-12.041836,-77.019580,291,18161.2
1185_1,-12.041557,-77.018945,292,18236.9
1185_1,-12.041536,-77.018897,293,18242.6
1185_1,-12.041230,-77.018241,294,18321.7
1185_1,-12.041160,-77.017994,295,18349.6
1185_1,-12.040853,-77.017391,296,18423.6
1185_1,-12.040563,-77.016867,297,18489.0
1185_1,-12.040487,-77.016743,298,18505.0
1185_1,-12.040350,-77.016520,299,18533.6
1185_1,-12.040241,-77.016343,300,18556.3
1185_1,-12.040113,-77.016150,301,18581.7
1185_1,-12.040024,-77.016045,302,18596.8
1185_1,-12.039884,-77.015936,303,18616.4
1185_1,-12.039738,-77.015717,304,18645.2
1185_1,-12.039433,-77.015306,305,18701.3
1185_1,-12.039191,-77.014988,306,18745.1
1185_1,-12.038199,-77.013805,307,18914.6
1185_1,-12.038037,-77.013606,308,18942.8
1185_1,-12.036825,-77.012188,309,19147.6
1185_1,-12.036668,-77.012001,310,19174.4
1185_1,-12.036280,-77.011557,311,19239.1
1185_1,-12.036087,-77.011329,312,19271.9
1185_1,-12.035731,-77.010912,313,19332.1
1185_1,-12.035343,-77.010455,314,19397.9
1185_1,-12.035070,-77.010108,315,19446.3
1185_1,-12.034763,-77.009724,316,19500.3
1185_1,-12.034575,-77.009487,317,19533.5
1185_1,-12.034260,-77.009033,318,19594.0
1185_1,-12.033930,-77.008568,319,19656.5
1185_1,-12.033637,-77.008110,320,19716.0
1185_1,-12.033253,-77.007484,321,19796.4
1185_1,-12.032972,-77.007010,322,19856.6
1185_1,-12.032925,-77.006926,323,19867.2
1185_1,-12.032886,-77.006857,324,19875.8
1185_1,-12.032775,-77.006658,325,19900.7
1185_1,-12.032608,-77.006362,326,19937.9
1185_1,-12.032024,-77.005230,327,20077.1
1185_1,-12.031952,-77.005090,328,20094.3
1185_1,-12.031633,-77.004382,329,20179.1
1185_1,-12.031296,-77.003515,330,20280.5
1185_1,-12.030184,-77.000497,331,20631.3
1185_1,-12.029728,-76.999348,332,20766.1
1185_1,-12.029495,-76.998709,333,20840.3
1185_1,-12.029393,-76.998427,334,20873.0
1185_1,-12.029286,-76.998105,335,20910.0
1185_1,-12.029202,-76.997778,336,20946.7
1185_1,-12.029157,-76.997452,337,20982.5
1185_1,-12.029147,-76.997274,338,21001.9
1185_1,-12.029146,-76.997119,339,21018.8
1185_1,-12.029170,-76.996744,340,21059.6
1185_1,-12.029215,-76.996446,341,21092.4
1185_1,-12.029270,-76.996204,342,21119.5
1185_1,-12.029347,-76.995959,343,21147.4
1185_1,-12.029431,-76.995735,344,21173.5
1185_1,-12.029528,-76.995495,345,21201.8
1185_1,-12.029807,-76.994947,346,21269.0
1185_1,-12.030318,-76.994037,347,21383.1
1185_1,-12.030459,-76.993798,348,21413.4
1185_1,-12.030862,-76.993167,349,21495.4
1185_1,-12.031034,-76.992929,350,21527.6
1185_1,-12.031267,-76.992625,351,21569.6
1185_1,-12.031504,-76.992337,352,21610.5
1185_1,-12.032047,-76.991781,353,21696.0
1185_1,-12.032532,-76.991328,354,21769.0
1185_1,-12.032779,-76.991096,355,21806.3
1185_1,-12.033245,-76.990702,356,21873.5
1185_1,-12.033524,-76.990484,357,21912.6
1185_1,-12.033743,-76.990315,358,21943.1
1185_1,-12.034058,-76.990101,359,21985.1
1185_1,-12.034355,-76.989915,360,22023.9
1185_1,-12.034651,-76.989749,361,22061.4
1185_1,-12.034994,-76.989585,362,22103.5
1185_1,-12.035381,-76.989412,363,22150.5
1185_1,-12.035746,-76.989275,364,22193.7
1185_1,-12.036508,-76.989038,365,22282.3
1185_1,-12.039257,-76.988324,366,22597.7
1185_1,-12.039477,-76.988257,367,22623.2
1185_1,-12.039754,-76.988159,368,22655.8
1185_1,-12.040122,-76.988008,369,22699.9
1185_1,-12.040441,-76.987867,370,22738.5
1185_1,-12.040634,-76.987777,371,22762.1
1185_1,-12.040824,-76.987683,372,22785.6
1185_1,-12.041013,-76.987584,373,22809.2
1185_1,-12.041211,-76.987474,374,22834.2
1185_1,-12.041407,-76.987360,375,22859.3
1185_1,-12.041601,-76.987241,376,22884.5
1185_1,-12.041838,-76.987077,377,22916.3
1185_1,-12.042129,-76.986873,378,22955.5
1185_1,-12.042441,-76.986651,379,22997.8
1185_1,-12.042718,-76.986406,380,23038.5
1185_1,-12.042815,-76.986313,381,23053.3
1185_1,-12.043063,-76.986078,382,23090.9
1185_1,-12.043381,-76.985743,383,23141.7
1185_1,-12.044366,-76.984631,384,23304.8
1185_1,-12.044752,-76.984200,385,23368.4
1185_1,-12.044886,-76.984046,386,23390.8
1185_1,-12.045666,-76.983152,387,23521.1
1185_1,-12.045998,-76.982772,388,23576.5
1185_1,-12.046195,-76.982551,389,23609.0
1185_1,-12.046278,-76.982458,390,23622.7
1185_1,-12.047703,-76.980848,391,23858.8
1185_1,-12.050488,-76.977705,392,24320.1
1185_1,-12.050897,-76.977266,393,24386.0
1185_1,-12.051347,-76.976864,394,24452.4
1185_1,-12.051744,-76.976558,395,24507.7
1185_1,-12.052005,-76.976379,396,24542.7
1185_1,-12.052316,-76.976189,397,24582.9
1185_1,-12.052657,-76.976002,398,24626.0
1185_1,-12.053019,-76.975819,399,24670.9
1185_1,-12.053618,-76.975555,400,24743.4
1185_1,-12.054580,-76.975155,401,24858.9
1185_1,-12.054973,-76.974991,402,24906.1
1185_1,-12.055180,-76.974905,403,24930.9
1185_1,-12.056045,-76.974516,404,25036.0
1185_1,-12.056134,-76.974473,405,25046.9
1185_1,-12.056968,-76.974126,406,25147.1
1185_1,-12.057469,-76.973903,407,25207.8
1185_1,-12.057955,-76.973694,408,25266.4
1185_1,-12.058145,-76.973616,409,25289.2
1185_1,-12.058714,-76.973371,410,25357.9
1185_1,-12.058797,-76.973333,411,25368.0
1185_1,-12.058866,-76.973291,412,25376.9
1185_1,-12.058996,-76.973212,413,25393.7
1185_1,-12.059109,-76.973150,414,25408.0
1185_1,-12.060140,-76.972691,415,25533.0
1185_1,-12.061682,-76.972015,416,25719.6
1185_1,-12.062063,-76.971874,417,25764.6
1185_1,-12.062543,-76.971710,418,25820.9
1185_1,-12.062916,-76.971617,419,25863.6
1185_1,-12.063338,-76.971530,420,25911.5
1185_1,-12.063701,-76.971481,421,25952.2
1185_1,-12.063858,-76.971463,422,25969.7
1185_1,-12.064091,-76.971437,423,25995.8
1185_1,-12.064556,-76.971424,424,26047.5
1185_1,-12.065101,-76.971430,425,26108.1
1185_1,-12.065434,-76.971454,426,26145.2
1185_1,-12.065710,-76.971482,427,26176.1
1185_1,-12.066091,-76.971545,428,26219.0
1185_1,-12.066165,-76.971563,429,26227.5
1185_1,-12.066858,-76.971732,430,26306.7
1185_1,-12.067075,-76.971816,431,26332.5
1185_1,-12.067418,-76.971934,432,26372.7
1185_1,-12.067513,-76.971947,433,26383.4
1185_1,-12.067842,-76.972067,434,26422.2
1185_1,-12.068100,-76.972160,435,26452.6
1185_1,-12.068185,-76.972198,436,26462.9
1185_1,-12.068343,-76.972261,437,26481.8
1185_1,-12.068435,-76.972286,438,26492.4
1185_1,-12.068792,-76.972395,439,26533.8
1185_1,-12.068920,-76.972426,440,26548.4
1185_1,-12.068972,-76.972442,441,26554.5
1185_1,-12.069184,-76.972485,442,26578.5
1185_1,-12.069373,-76.972543,443,26600.5
1185_1,-12.069679,-76.972665,444,26637.0
1185_1,-12.070081,-76.972810,445,26684.4
1185_1,-12.070453,-76.972932,446,26727.8
1185_1,-12.071156,-76.973216,447,26811.9
1185_1,-12.072010,-76.973567,448,26914.2
1185_1,-12.072173,-76.973635,449,26933.8
1185_1,-12.072784,-76.973888,450,27007.1
1185_1,-12.072906,-76.973940,451,27021.8
1185_1,-12.073011,-76.973984,452,27034.4
1185_1,-12.073037,-76.973995,453,27037.5
1185_1,-12.073321,-76.974113,454,27071.6
1185_1,-12.075039,-76.974827,455,27277.8
1185_1,-12.075921,-76.975193,456,27383.7
1185_1,-12.076195,-76.975302,457,27416.4
1185_1,-12.076294,-76.975344,458,27428.3
1185_1,-12.076937,-76.975593,459,27504.7
1185_1,-12.077288,-76.975735,460,27546.7
1185_1,-12.077738,-76.975924,461,27600.8
1185_1,-12.077941,-76.976010,462,27625.2
1185_1,-12.078157,-76.976109,463,27651.5
1185_1,-12.078371,-76.976213,464,27677.9
1185_1,-12.078578,-76.976320,465,27703.7
1185_1,-12.078782,-76.976432,466,27729.4
1185_1,-12.079013,-76.976567,467,27759.0
1185_1,-12.079240,-76.976708,468,27788.5
1185_1,-12.079455,-76.976850,469,27817.0
1185_1,-12.079665,-76.976999,470,27845.4
1185_1,-12.079845,-76.977133,471,27870.2
1185_1,-12.080022,-76.977273,472,27895.1
1185_1,-12.080194,-76.977417,473,27919.8
1185_1,-12.080401,-76.977598,474,27950.1
1185_1,-12.080603,-76.977785,475,27980.4
1185_1,-12.080788,-76.977966,476,28008.8
1185_1,-12.080969,-76.978152,477,28037.4
1185_1,-12.081519,-76.978735,478,28125.4
1185_1,-12.081997,-76.979245,479,28202.3
1185_1,-12.082432,-76.979709,480,28272.1
1185_1,-12.083207,-76.980568,481,28399.2
1185_1,-12.083378,-76.980751,482,28426.8
1185_1,-12.084431,-76.981789,483,28589.4
1185_1,-12.084510,-76.981870,484,28601.8
1185_1,-12.084585,-76.981942,485,28613.3
1185_1,-12.084649,-76.981996,486,28622.5
1185_1,-12.084702,-76.982038,487,28629.9
1185_1,-12.084809,-76.982100,488,28643.6
1185_1,-12.084915,-76.982153,489,28656.7
1185_1,-12.084979,-76.982180,490,28664.4
1185_1,-12.085043,-76.982204,491,28672.0
1185_1,-12.085247,-76.982271,492,28695.8
1185_1,-12.085415,-76.982300,493,28714.8
1185_1,-12.085491,-76.982306,494,28723.3
1185_1,-12.085568,-76.982310,495,28731.8
1185_1,-12.085641,-76.982310,496,28739.9
1185_1,-12.085715,-76.982308,497,28748.2
1185_1,-12.085791,-76.982302,498,28756.7
1185_1,-12.085868,-76.982293,499,28765.3
1185_1,-12.085943,-76.982282,500,28773.7
1185_1,-12.086017,-76.982267,501,28782.1
1185_1,-12.086110,-76.982243,502,28792.8
1185_1,-12.086202,-76.982215,503,28803.4
1185_1,-12.086410,-76.982146,504,28827.7
1185_1,-12.087511,-76.981779,505,28956.5
1185_1,-12.088362,-76.981493,506,29056.1
1185_1,-12.088535,-76.981436,507,29076.3
1185_1,-12.088710,-76.981390,508,29096.4
1185_1,-12.089070,-76.981327,509,29137.0
1185_1,-12.090399,-76.981126,510,29286.4
1185_1,-12.091558,-76.980950,511,29416.7
1185_1,-12.091888,-76.980899,512,29453.8
1185_1,-12.092621,-76.980786,513,29536.2
1185_1,-12.093267,-76.980695,514,29608.7
1185_1,-12.093929,-76.980615,515,29682.9
1185_1,-12.094544,-76.980544,516,29751.7
1185_1,-12.094571,-76.980539,517,29754.7
1185_1,-12.094873,-76.980494,518,29788.7
1185_1,-12.095254,-76.980437,519,29831.5
1185_1,-12.095522,-76.980396,520,29861.6
1185_1,-12.095775,-76.980359,521,29890.0
1185_1,-12.095909,-76.980338,522,29905.1
1185_1,-12.096258,-76.980283,523,29944.4
1185_1,-12.096541,-76.980243,524,29976.1
1185_1,-12.099990,-76.979756,525,30363.3
1185_1,-12.100357,-76.979703,526,30404.5
1185_1,-12.102034,-76.979475,527,30592.6
1185_1,-12.103019,-76.979341,528,30703.1
1185_1,-12.104649,-76.979118,529,30886.0
1185_1,-12.105066,-76.979059,530,30932.8
1185_1,-12.105808,-76.978946,531,31016.2
1185_1,-12.106585,-76.978834,532,31103.5
1185_1,-12.109425,-76.978430,533,31422.3
1185_1,-12.109780,-76.978388,534,31462.0
1185_1,-12.109886,-76.978376,535,31473.9
1185_1,-12.110498,-76.978285,536,31542.7
1185_1,-12.112863,-76.977960,537,31808.0
1185_1,-12.112981,-76.977945,538,31821.2
1185_1,-12.113633,-76.977862,539,31894.3
1185_1,-12.115640,-76.977587,540,32119.4
1185_1,-12.116597,-76.977456,541,32226.8
1185_1,-12.117227,-76.977381,542,32297.3
1185_1,-12.117800,-76.977328,543,32361.3
1185_1,-12.118011,-76.977316,544,32384.8
1185_1,-12.119814,-76.977255,545,32585.4
1185_1,-12.121604,-76.977196,546,32784.5
1185_1,-12.123108,-76.977145,547,32951.9
1185_1,-12.123332,-76.977139,548,32976.8
1185_1,-12.123495,-76.977134,549,32994.9
1185_1,-12.124282,-76.977114,550,33082.4
1185_1,-12.126049,-76.977050,551,33279.1
1185_1,-12.126466,-76.977042,552,33325.4
1185_1,-12.126725,-76.977037,553,33354.2
1185_1,-12.127029,-76.977032,554,33388.0
1185_1,-12.127323,-76.977047,555,33420.8
1185_1,-12.127675,-76.977081,556,33460.1
1185_1,-12.127953,-76.977140,557,33491.7
1185_1,-12.128236,-76.977213,558,33524.1
1185_1,-12.128445,-76.977272,559,33548.2
1185_1,-12.128667,-76.977341,560,33574.0
1185_1,-12.129747,-76.977767,561,33702.7
1185_1,-12.131120,-76.978306,562,33866.3
1185_1,-12.132652,-76.978888,563,34048.0
1185_1,-12.133970,-76.979398,564,34204.7
1185_1,-12.134094,-76.979446,565,34219.4
1185_1,-12.135346,-76.979939,566,34368.6
1185_1,-12.136084,-76.980204,567,34455.6
1185_1,-12.136449,-76.980318,568,34498.0
1185_1,-12.136835,-76.980430,569,34542.6
1185_1,-12.136905,-76.980448,570,34550.6
1185_1,-12.137121,-76.980506,571,34575.5
1185_1,-12.137397,-76.980573,572,34607.0
1185_1,-12.138001,-76.980694,573,34675.5
1185_1,-12.139023,-76.980880,574,34790.9
1185_1,-12.140396,-76.981119,575,34945.7
1185_1,-12.140759,-76.981181,576,34986.7
1185_1,-12.141028,-76.981231,577,35017.1
1185_1,-12.143576,-76.981673,578,35304.4
1185_1,-12.144109,-76.981768,579,35364.6
1185_1,-12.144976,-76.981922,580,35462.4
1185_1,-12.145224,-76.981970,581,35490.5
1185_1,-12.146029,-76.982128,582,35581.7
1185_1,-12.146258,-76.982178,583,35607.7
1185_1,-12.146424,-76.982214,584,35626.6
1185_1,-12.146687,-76.982330,585,35658.4
1185_1,-12.146953,-76.982439,586,35690.3
1185_1,-12.147255,-76.982553,587,35726.1
1185_1,-12.147987,-76.982805,588,35811.9
1185_1,-12.149008,-76.983152,589,35931.6
1185_1,-12.149357,-76.983267,590,35972.4
1185_1,-12.149524,-76.983327,591,35992.0
1185_1,-12.149777,-76.983418,592,36021.9
1185_1,-12.150120,-76.983529,593,36061.9
1185_1,-12.150185,-76.983570,594,36070.3
1185_1,-12.150261,-76.983621,595,36080.5
1185_1,-12.150315,-76.983669,596,36088.4
1185_1,-12.150332,-76.983689,597,36091.3
1185_1,-12.150345,-76.983708,598,36093.8
1185_1,-12.150400,-76.983793,599,36104.9
1185_1,-12.150438,-76.983880,600,36115.3
1185_1,-12.150462,-76.983981,601,36126.5
1185_1,-12.150468,-76.984086,602,36138.0
1185_1,-12.150454,-76.984194,603,36149.8
1185_1,-12.150424,-76.984292,604,36161.0
1185_1,-12.150379,-76.984379,605,36171.7
1185_1,-12.150317,-76.984457,606,36182.6
1185_1,-12.150255,-76.984515,607,36192.0
1185_1,-12.150174,-76.984569,608,36202.7
1185_1,-12.150087,-76.984608,609,36213.3
1185_1,-12.149988,-76.984630,610,36224.5
1185_1,-12.149897,-76.984636,611,36234.7
1185_1,-12.149809,-76.984627,612,36244.5
1185_1,-12.149719,-76.984602,613,36254.9
1185_1,-12.149624,-76.984558,614,36266.5
1185_1,-12.149548,-76.984504,615,36276.8
1185_1,-12.149481,-76.984439,616,36287.0
1185_1,-12.149428,-76.984365,617,36297.0
1185_1,-12.149391,-76.984276,618,36307.5
1185_1,-12.149368,-76.984185,619,36317.7
1185_1,-12.149359,-76.984070,620,36330.3
1185_1,-12.149357,-76.984019,621,36335.8
1185_1,-12.149357,-76.984005,622,36337.3
1185_1,-12.149359,-76.983969,623,36341.3
1185_1,-12.149366,-76.983917,624,36347.0
1185_1,-12.149377,-76.983865,625,36352.8
1185_1,-12.149393,-76.983815,626,36358.5
1185_1,-12.149562,-76.983474,627,36400.0
1185_1,-12.149867,-76.982848,628,36476.1
1185_1,-12.149908,-76.982754,629,36487.3
1185_1,-12.150010,-76.982543,630,36512.8
1185_1,-12.150094,-76.982353,631,36535.5
1185_1,-12.150140,-76.982250,632,36547.8
1185_1,-12.150179,-76.982135,633,36561.1
1185_1,-12.150228,-76.982012,634,36575.5
1185_1,-12.150292,-76.981808,635,36598.8
1185_1,-12.150366,-76.981527,636,36630.4
1185_1,-12.150415,-76.981288,637,36657.0
1185_1,-12.150473,-76.981015,638,36687.3
1185_1,-12.150511,-76.980868,639,36703.9
1185_1,-12.150534,-76.980775,640,36714.3
1185_1,-12.150547,-76.980729,641,36719.5
1185_1,-12.150559,-76.980690,642,36723.9
1185_1,-12.150648,-76.980407,643,36756.3
1185_1,-12.150723,-76.980190,644,36781.3
1185_1,-12.150990,-76.979495,645,36862.4
1185_1,-12.151152,-76.979105,646,36908.5
1185_1,-12.151284,-76.978795,647,36945.3
1185_1,-12.151357,-76.978622,648,36965.7
1185_1,-12.151430,-76.978449,649,36986.2
1185_1,-12.151523,-76.978233,650,37011.9
1185_1,-12.152161,-76.976640,651,37199.0
1185_1,-12.152235,-76.976455,652,37220.7
1185_1,-12.152309,-76.976280,653,37241.5
1185_1,-12.152520,-76.975866,654,37292.2
1185_1,-12.152823,-76.975137,655,37378.3
1185_1,-12.152948,-76.974834,656,37414.1
1185_1,-12.153522,-76.973436,657,37578.9
1185_1,-12.153527,-76.973336,658,37589.8
1185_1,-12.153950,-76.972282,659,37713.6
1185_1,-12.154263,-76.971505,660,37805.0
1185_1,-12.154815,-76.970131,661,37966.5
1185_1,-12.154868,-76.970089,662,37973.9
1185_1,-12.155607,-76.968258,663,38189.3
1185_1,-12.155783,-76.967825,664,38240.2
1185_1,-12.156016,-76.967284,665,38304.5
1185_1,-12.156146,-76.966962,666,38342.4
1185_1,-12.156313,-76.966520,667,38393.9
1185_1,-12.156551,-76.965929,668,38463.4
1185_1,-12.156817,-76.965269,669,38541.0
1185_1,-12.156936,-76.964975,670,38575.5
1185_1,-12.157402,-76.963824,671,38711.0
1185_1,-12.158106,-76.962041,672,38920.0
1185_1,-12.158126,-76.961991,673,38925.9
1185_1,-12.158262,-76.961650,674,38965.9
1185_1,-12.158524,-76.961037,675,39038.6
1185_1,-12.158724,-76.960519,676,39099.2
1185_1,-12.158775,-76.960345,677,39118.9
1185_1,-12.159263,-76.959138,678,39260.9
1185_1,-12.159651,-76.958219,679,39369.7
1185_1,-12.159781,-76.957948,680,39402.5
1185_1,-12.159869,-76.957807,681,39420.7
1185_1,-12.160152,-76.957388,682,39476.1
1185_1,-12.160240,-76.957277,683,39491.6
1185_1,-12.160332,-76.957164,684,39507.6
1185_1,-12.160502,-76.956982,685,39534.9
1185_1,-12.160686,-76.956824,686,39561.7
1185_1,-12.160700,-76.956812,687,39563.7
1185_1,-12.160959,-76.956599,688,39600.6
1185_1,-12.161089,-76.956491,689,39619.3
1185_1,-12.161500,-76.956162,690,39677.3
1185_1,-12.161764,-76.955964,691,39713.7
1185_1,-12.162210,-76.955629,692,39775.2
1185_1,-12.162560,-76.955346,693,39824.8
1185_1,-12.162811,-76.955157,694,39859.5
1185_1,-12.162933,-76.955063,695,39876.5
1185_1,-12.163084,-76.954948,696,39897.4
1185_1,-12.163165,-76.954886,697,39908.6
1185_1,-12.163507,-76.954623,698,39956.2
1185_1,-12.163537,-76.954600,699,39960.4
1185_1,-12.163747,-76.954439,700,39989.6
1185_1,-12.164099,-76.954161,701,40039.0
1185_1,-12.164313,-76.953995,702,40068.9
1185_1,-12.164450,-76.953888,703,40088.0
1185_1,-12.164632,-76.953747,704,40113.4
1185_1,-12.165105,-76.953380,705,40179.4
1185_1,-12.165474,-76.953089,706,40231.2
1185_1,-12.166712,-76.952127,707,40404.1
1185_1,-12.166963,-76.951931,708,40439.2
1185_1,-12.167074,-76.951845,709,40454.7
1185_1,-12.167404,-76.951584,710,40501.1
1185_1,-12.167791,-76.951307,711,40553.6
1185_1,-12.168005,-76.951191,712,40580.5
1185_1,-12.168218,-76.951075,713,40607.4
1185_1,-12.168446,-76.950959,714,40635.7
1185_1,-12.168821,-76.950744,715,40683.5
1185_1,-12.169394,-76.950419,716,40756.3
1185_1,-12.169834,-76.950165,717,40812.5
1185_1,-12.170041,-76.950043,718,40839.1
1185_1,-12.171114,-76.949410,719,40976.8
1185_1,-12.171211,-76.949333,720,40990.5
1185_1,-12.171581,-76.949000,721,41045.3
1185_1,-12.171639,-76.948960,722,41053.0
1185_1,-12.172262,-76.948687,723,41128.4
1185_1,-12.172484,-76.948581,724,41155.7
1185_1,-12.172619,-76.948514,725,41172.3
1185_1,-12.172660,-76.948493,726,41177.4
1185_1,-12.172723,-76.948457,727,41185.5
1185_1,-12.172849,-76.948379,728,41201.8
1185_1,-12.173116,-76.948189,729,41238.0
1185_1,-12.173270,-76.948092,730,41258.1
1185_1,-12.173444,-76.947983,731,41280.8
1185_1,-12.173751,-76.947758,732,41322.8
1185_1,-12.174833,-76.947020,733,41467.4
1185_1,-12.175007,-76.946902,734,41490.6
1185_1,-12.175410,-76.946649,735,41543.2
1185_1,-12.175502,-76.946599,736,41554.8
1185_1,-12.175737,-76.946451,737,41585.5
1185_1,-12.175886,-76.946366,738,41604.4
1185_1,-12.176450,-76.946034,739,41676.8
1185_1,-12.176529,-76.945988,740,41686.9
1185_1,-12.176678,-76.945893,741,41706.4
1185_1,-12.176721,-76.945868,742,41711.9
1185_1,-12.177017,-76.945691,743,41750.0
1185_1,-12.177479,-76.945410,744,41809.8
1185_1,-12.178202,-76.944979,745,41902.8
1185_1,-12.178423,-76.944855,746,41930.9
1185_1,-12.178845,-76.944561,747,41987.6
1185_1,-12.180440,-76.943610,748,42192.9
1185_1,-12.181773,-76.942781,749,42366.4
1185_1,-12.182347,-76.942437,750,42440.4
1185_1,-12.182440,-76.942395,751,42451.7
1185_1,-12.182519,-76.942359,752,42461.3
1185_1,-12.182556,-76.942378,753,42465.9
1185_1,-12.182598,-76.942388,754,42470.7
1185_1,-12.182626,-76.942437,755,42476.8
1185_1,-12.182684,-76.942549,756,42490.6
1185_1,-12.183043,-76.943212,757,42573.0
1185_1,-12.183123,-76.943349,758,42590.3
1185_1,-12.183239,-76.943544,759,42615.2
1185_1,-12.184100,-76.945077,760,42807.3
1185_1,-12.184209,-76.945269,761,42831.5
1185_1,-12.184346,-76.945512,762,42861.9
1185_1,-12.184734,-76.946160,763,42944.5
1185_1,-12.184761,-76.946213,764,42951.0
1185_1,-12.184925,-76.946398,765,42978.2
1185_1,-12.185104,-76.946558,766,43004.6
1185_1,-12.185261,-76.946700,767,43027.9
1185_1,-12.185339,-76.946752,768,43038.3
1185_1,-12.185389,-76.946778,769,43044.5
1185_1,-12.185440,-76.946798,770,43050.6
1185_1,-12.185485,-76.946789,771,43055.7
1185_1,-12.185532,-76.946766,772,43061.5
1185_1,-12.185606,-76.946719,773,43071.2
1185_1,-12.185835,-76.946586,774,43100.4
1185_1,-12.186650,-76.946096,775,43205.6
1185_1,-12.187571,-76.945543,776,43324.3
1185_1,-12.187634,-76.945505,777,43332.4
1185_1,-12.187691,-76.945468,778,43339.9
1185_1,-12.187751,-76.945431,779,43347.7
1185_1,-12.190019,-76.944065,780,43640.4
1185_1,-12.190063,-76.944049,781,43645.6
1185_1,-12.190129,-76.944042,782,43652.9
1185_1,-12.190175,-76.944056,783,43658.3
1185_1,-12.190202,-76.944088,784,43662.9
1185_1,-12.190242,-76.944147,785,43670.7
1185_1,-12.190622,-76.944844,786,43757.4
1185_1,-12.190831,-76.945227,787,43805.1
1185_1,-12.190869,-76.945298,788,43813.9
1185_1,-12.190902,-76.945354,789,43821.0
1185_1,-12.191016,-76.945549,790,43845.7
1185_1,-12.191101,-76.945695,791,43864.2
1185_1,-12.191174,-76.945819,792,43879.9
1185_1,-12.191531,-76.946423,793,43956.6
1185_1,-12.191570,-76.946489,794,43965.0
1185_1,-12.191602,-76.946546,795,43972.1
1185_1,-12.191748,-76.946456,796,43991.1
1185_1,-12.191851,-76.946393,797,44004.4
1185_1,-12.192277,-76.946143,798,44059.0
1185_1,-12.193042,-76.945668,799,44158.6
1185_1,-12.193812,-76.945202,800,44258.0
1185_1,-12.194210,-76.944965,801,44309.2
1185_1,-12.194283,-76.944921,802,44318.7
1185_1,-12.195041,-76.944462,803,44416.6
1185_1,-12.195436,-76.944231,804,44467.2
1185_1,-12.195832,-76.944005,805,44517.6
1185_1,-12.196598,-76.943542,806,44616.5
1185_1,-12.196674,-76.943497,807,44626.3
1185_1,-12.197440,-76.943029,808,44725.5
1185_1,-12.197825,-76.942803,809,44774.9
1185_1,-12.197835,-76.942797,810,44776.2
1185_1,-12.198235,-76.942568,811,44827.1
1185_1,-12.199106,-76.942048,812,44939.3
1185_1,-12.199168,-76.942010,813,44947.3
1185_1,-12.199272,-76.941946,814,44960.8
1185_1,-12.199373,-76.941884,815,44973.9
1185_1,-12.199448,-76.941838,816,44983.6
1185_1,-12.200293,-76.941333,817,45092.4
1185_1,-12.200696,-76.941078,818,45145.1
1185_1,-12.201091,-76.940828,819,45196.8
1185_1,-12.201861,-76.940375,820,45295.5
1185_1,-12.201919,-76.940339,821,45303.1
1185_1,-12.202706,-76.939878,822,45403.9
1185_1,-12.203089,-76.939648,823,45453.3
1185_1,-12.203479,-76.939411,824,45503.7
1185_1,-12.204260,-76.938934,825,45604.9
1185_1,-12.204322,-76.938898,826,45612.8
1185_1,-12.204709,-76.938662,827,45662.9
1185_1,-12.205489,-76.938196,828,45763.3
1185_1,-12.206262,-76.937733,829,45862.9
1185_1,-12.206689,-76.937464,830,45918.7
1185_1,-12.206718,-76.937493,831,45923.2
1185_1,-12.206754,-76.937514,832,45927.8
1185_1,-12.206794,-76.937525,833,45932.4
1185_1,-12.206835,-76.937525,834,45937.0
1185_1,-12.206875,-76.937515,835,45941.6
1185_1,-12.206912,-76.937494,836,45946.3
1185_1,-12.206942,-76.937466,837,45950.8
1185_1,-12.206964,-76.937430,838,45955.4
1185_1,-12.206977,-76.937390,839,45960.0
1185_1,-12.206980,-76.937348,840,45964.5
1185_1,-12.206972,-76.937307,841,45969.1
1185_1,-12.207420,-76.937042,842,46026.6
1185_1,-12.208202,-76.936564,843,46127.9
1185_1,-12.208973,-76.936111,844,46226.8
1185_1,-12.209361,-76.935882,845,46276.6
1185_1,-12.209429,-76.935846,846,46285.1
1185_1,-12.210609,-76.935137,847,46437.3
1185_1,-12.211363,-76.934654,848,46536.2
1185_1,-12.211823,-76.934379,849,46595.4
1185_1,-12.211866,-76.934353,850,46601.0
1185_1,-12.211889,-76.934339,851,46604.0
1185_1,-12.212094,-76.934217,852,46630.3
1185_1,-12.212537,-76.933952,853,46687.4
1185_1,-12.213304,-76.933496,854,46786.0
1185_1,-12.214076,-76.933038,855,46885.3
1185_1,-12.214419,-76.932838,856,46929.2
1185_1,-12.214484,-76.932802,857,46937.4
1185_1,-12.214546,-76.932766,858,46945.3
1185_1,-12.214982,-76.932502,859,47001.6
1185_1,-12.215118,-76.932420,860,47019.2
1185_1,-12.216231,-76.931746,861,47163.0
1185_1,-12.216850,-76.931372,862,47242.9
1185_1,-12.216921,-76.931329,863,47252.1
1185_1,-12.217322,-76.931087,864,47303.9
1185_1,-12.218096,-76.930620,865,47403.8
1185_1,-12.218876,-76.930156,866,47504.1
1185_1,-12.219351,-76.929880,867,47564.9
1185_1,-12.219448,-76.929820,868,47577.5
1185_1,-12.219720,-76.929651,869,47612.8
1185_1,-12.219664,-76.929557,870,47624.8
1185_1,-12.219645,-76.929523,871,47629.1
1185_1,-12.219607,-76.929458,872,47637.3
1185_1,-12.219472,-76.929228,873,47666.5
1185_1,-12.219132,-76.928647,874,47740.0
1185_1,-12.218927,-76.928296,875,47784.5
1185_1,-12.218761,-76.928013,876,47820.4
1185_1,-12.218656,-76.927833,877,47843.1
1185_1,-12.218518,-76.927597,878,47873.0
1185_1,-12.218379,-76.927372,879,47901.9
1185_1,-12.218311,-76.927263,880,47916.0
1185_1,-12.218261,-76.927181,881,47926.5
1185_1,-12.218365,-76.927120,882,47939.8
1185_1,-12.219339,-76.926544,883,48064.9
1185_1,-12.219390,-76.926514,884,48071.5
1185_1,-12.219782,-76.926283,885,48121.8
1185_1,-12.220171,-76.926053,886,48171.7
1185_1,-12.220540,-76.925835,887,48219.1
1185_1,-12.220570,-76.925817,888,48223.0
1185_1,-12.221868,-76.925051,889,48389.6
1185_1,-12.221917,-76.925022,890,48395.9
1185_1,-12.223253,-76.924233,891,48567.4
1185_1,-12.223286,-76.924214,892,48571.6
1185_1,-12.223688,-76.923970,893,48623.6
1185_1,-12.224076,-76.923747,894,48673.1
1185_1,-12.224485,-76.923506,895,48725.6
1185_1,-12.225458,-76.922895,896,48852.5
1185_1,-12.225517,-76.922861,897,48860.0
1185_1,-12.225826,-76.922688,898,48899.2
1185_1,-12.225860,-76.922670,899,48903.5
1185_1,-12.225910,-76.922639,900,48910.0
1185_1,-12.226253,-76.922432,901,48954.2
1185_1,-12.226728,-76.922150,902,49015.3
1185_1,-12.226796,-76.922109,903,49024.1
1185_1,-12.227682,-76.921578,904,49138.2
1185_1,-12.228490,-76.921093,905,49242.4
1185_1,-12.228638,-76.921004,906,49261.5
1185_1,-12.229103,-76.920726,907,49321.4
1185_1,-12.229416,-76.920543,908,49361.5
1185_1,-12.229468,-76.920513,909,49368.1
1185_1,-12.229522,-76.920479,910,49375.2
1185_1,-12.229586,-76.920440,911,49383.4
1185_1,-12.229909,-76.920243,912,49425.3
1185_1,-12.230380,-76.919963,913,49485.8
1185_1,-12.231319,-76.919402,914,49606.7
1185_1,-12.232281,-76.918827,915,49730.6
1185_1,-12.232741,-76.918547,916,49790.1
1185_1,-12.232976,-76.918409,917,49820.3
1185_1,-12.233034,-76.918345,918,49829.7
1185_1,-12.233108,-76.918241,919,49843.7
1185_1,-12.233131,-76.918239,920,49846.3
1185_1,-12.233177,-76.918224,921,49851.7
1185_1,-12.233209,-76.918207,922,49855.7
1185_1,-12.233237,-76.918184,923,49859.7
1185_1,-12.233260,-76.918157,924,49863.6
1185_1,-12.233342,-76.918154,925,49872.7
1185_1,-12.233395,-76.918132,926,49879.0
1185_1,-12.233519,-76.918082,927,49893.9
1185_1,-12.234624,-76.917430,928,50035.7
1185_1,-12.235164,-76.917114,929,50104.9
1185_1,-12.235510,-76.916908,930,50149.4
1185_1,-12.235802,-76.916734,931,50186.9
1185_1,-12.235888,-76.916683,932,50198.0
1185_1,-12.236208,-76.916492,933,50239.2
1185_1,-12.236298,-76.916439,934,50250.7
1185_1,-12.236375,-76.916393,935,50260.7
1185_1,-12.237379,-76.915795,936,50389.8
1185_1,-12.238162,-76.915328,937,50490.6
1185_1,-12.238501,-76.915126,938,50534.2
1185_1,-12.238562,-76.915090,939,50542.1
1185_1,-12.239092,-76.914774,940,50610.3
1185_1,-12.239120,-76.914757,941,50613.9
1185_1,-12.239840,-76.914328,942,50706.5
1185_1,-12.240572,-76.913892,943,50800.7
1185_1,-12.240605,-76.913872,944,50805.0
1185_1,-12.240710,-76.913810,945,50818.5
1185_1,-12.240606,-76.913632,946,50841.0
1185_1,-12.240557,-76.913547,947,50851.7
1185_1,-12.240509,-76.913464,948,50862.2
1185_1,-12.240492,-76.913436,949,50865.8
1185_1,-12.240460,-76.913381,950,50872.7
1185_1,-12.240335,-76.913164,951,50900.1
1185_1,-12.240233,-76.912990,952,50922.2
1185_1,-12.240123,-76.912803,953,50945.9
1185_1,-12.240055,-76.912654,954,50963.7
1185_1,-12.240022,-76.912523,955,50978.4
1185_1,-12.240017,-76.912464,956,50984.9
1185_1,-12.240007,-76.912340,957,50998.4
1185_1,-12.240021,-76.912292,958,51003.8
1185_1,-12.240021,-76.912230,959,51010.6
1185_1,-12.239997,-76.912179,960,51016.7
1185_1,-12.239956,-76.912143,961,51022.7
1185_1,-12.239903,-76.912126,962,51028.9
1185_1,-12.239850,-76.912128,963,51034.8
1185_1,-12.239797,-76.912141,964,51040.9
1185_1,-12.239745,-76.912158,965,51046.9
1185_1,-12.239696,-76.912182,966,51053.0
1185_1,-12.239652,-76.912211,967,51058.8
1185_1,-12.239518,-76.912267,968,51074.9
1185_1,-12.239272,-76.912369,969,51104.4
1185_1,-12.239052,-76.912437,970,51130.0
1185_1,-12.238800,-76.912484,971,51158.4
1185_1,-12.238645,-76.912514,972,51176.0
1185_1,-12.238551,-76.912527,973,51186.5
1185_1,-12.238414,-76.912540,974,51201.8
1185_1,-12.238356,-76.912544,975,51208.3
1185_1,-12.238177,-76.912551,976,51228.2
1185_1,-12.238040,-76.912548,977,51243.5
1185_1,-12.237904,-76.912539,978,51258.6
1185_1,-12.237810,-76.912531,979,51269.1
1185_1,-12.237717,-76.912519,980,51279.5
1185_1,-12.237557,-76.912491,981,51297.6
1185_1,-12.237398,-76.912455,982,51315.7
1185_1,-12.237252,-76.912415,983,51332.5
1185_1,-12.237107,-76.912368,984,51349.4
1185_1,-12.236941,-76.912309,985,51368.9
1185_1,-12.235953,-76.911924,986,51486.5
1185_1,-12.235910,-76.911907,987,51491.6
1185_1,-12.234978,-76.911535,988,51602.9
1185_1,-12.234926,-76.911515,989,51609.0
1185_1,-12.234891,-76.911501,990,51613.2
1481_0,-11.936596,-76.963941,0,0.0
1481_0,-11.936410,-76.964254,1,39.8
1481_0,-11.936231,-76.964516,2,74.6
1481_0,-11.936137,-76.964669,3,94.3
1481_0,-11.935782,-76.965178,4,162.3
1481_0,-11.936339,-76.965565,5,237.2
1481_0,-11.936943,-76.965998,6,319.2
1481_0,-11.936677,-76.966379,7,370.1
1481_0,-11.936419,-76.966774,8,421.8
1481_0,-11.936153,-76.967169,9,473.9
1481_0,-11.935889,-76.967559,10,525.5
1481_0,-11.935625,-76.967951,11,577.3
1481_0,-11.935366,-76.968334,12,628.0
1481_0,-11.935103,-76.968723,13,679.4
1481_0,-11.934829,-76.969123,14,732.5
1481_0,-11.934551,-76.969542,15,787.6
1481_0,-11.934482,-76.969643,16,801.0
1481_0,-11.934364,-76.969807,17,823.2
1481_0,-11.935531,-76.970613,18,979.8
1481_0,-11.935607,-76.970670,19,990.2
1481_0,-11.936525,-76.971310,20,1113.8
1481_0,-11.936638,-76.971391,21,1129.2
1481_0,-11.936690,-76.971428,22,1136.2
1481_0,-11.936710,-76.971442,23,1138.9
1481_0,-11.936757,-76.971474,24,1145.2
1481_0,-11.937790,-76.972191,25,1284.0
1481_0,-11.937840,-76.972226,26,1290.8
1481_0,-11.937921,-76.972283,27,1301.7
1481_0,-11.938601,-76.972736,28,1392.0
1481_0,-11.938641,-76.972772,29,1397.9
1481_0,-11.938670,-76.972803,30,1402.5
1481_0,-11.938691,-76.972835,31,1406.7
1481_0,-11.938712,-76.972877,32,1411.9
1481_0,-11.938728,-76.972915,33,1416.4
1481_0,-11.938736,-76.972959,34,1421.2
1481_0,-11.938740,-76.973002,35,1425.9
1481_0,-11.938733,-76.973065,36,1432.8
1481_0,-11.938727,-76.973123,37,1439.2
1481_0,-11.938711,-76.973188,38,1446.5
1481_0,-11.938587,-76.973549,39,1488.1
1481_0,-11.938546,-76.973661,40,1501.1
1481_0,-11.938663,-76.973705,41,1515.0
1481_0,-11.938735,-76.973513,42,1537.3
1481_0,-11.938791,-76.973361,43,1555.0
1481_0,-11.938963,-76.973175,44,1582.8
1481_0,-11.939142,-76.972975,45,1612.3
1481_0,-11.939425,-76.972630,46,1661.3
1481_0,-11.939605,-76.972432,47,1690.7
1481_0,-11.939718,-76.972319,48,1708.3
1481_0,-11.939784,-76.972286,49,1716.5
1481_0,-11.939877,-76.972278,50,1726.8
1481_0,-11.939956,-76.972299,51,1735.9
1481_0,-11.940071,-76.972339,52,1749.4
1481_0,-11.940140,-76.972415,53,1760.7
1481_0,-11.940463,-76.973497,54,1883.8
1481_0,-11.940517,-76.973659,55,1902.4
1481_0,-11.940613,-76.973877,56,1928.4
1481_0,-11.940709,-76.974027,57,1947.9
1481_0,-11.940806,-76.974166,58,1966.5
1481_0,-11.940899,-76.974272,59,1982.0
1481_0,-11.941151,-76.974497,60,2019.2
1481_0,-11.942000,-76.975074,61,2132.5
1481_0,-11.942913,-76.975695,62,2254.5
1481_0,-11.943823,-76.976312,63,2375.9
1481_0,-11.944125,-76.976520,64,2416.4
1481_0,-11.944407,-76.976716,65,2454.3
1481_0,-11.944698,-76.976917,66,2493.4
1481_0,-11.944980,-76.977112,67,2531.2
1481_0,-11.945259,-76.977305,68,2568.7
1481_0,-11.945556,-76.977513,69,2608.7
1481_0,-11.945833,-76.977702,70,2645.8
1481_0,-11.946150,-76.977921,71,2688.3
1481_0,-11.946217,-76.977968,72,2697.3
1481_0,-11.946333,-76.978048,73,2712.9
1481_0,-11.946582,-76.978220,74,2746.3
1481_0,-11.946867,-76.978421,75,2784.8
1481_0,-11.947156,-76.978627,76,2824.0
1481_0,-11.947418,-76.978829,77,2860.5
1481_0,-11.947696,-76.979030,78,2898.4
1481_0,-11.947981,-76.979222,79,2936.3
1481_0,-11.948272,-76.979425,80,2975.5
1481_0,-11.948575,-76.979642,81,3016.6
1481_0,-11.949431,-76.980231,82,3131.4
1481_0,-11.950318,-76.980836,83,3249.9
1481_0,-11.950405,-76.980896,84,3261.6
1481_0,-11.950732,-76.981121,85,3305.4
1481_0,-11.950999,-76.981315,86,3341.9
1481_0,-11.951294,-76.981519,87,3381.5
1481_0,-11.951575,-76.981713,88,3419.2
1481_0,-11.951855,-76.981901,89,3456.4
1481_0,-11.952151,-76.982107,90,3496.2
1481_0,-11.952436,-76.982293,91,3533.8
1481_0,-11.952727,-76.982494,92,3572.9
1481_0,-11.953010,-76.982688,93,3610.8
1481_0,-11.953305,-76.982892,94,3650.4
1481_0,-11.953590,-76.983088,95,3688.6
1481_0,-11.953746,-76.983191,96,3709.2
1481_0,-11.953805,-76.983226,97,3716.8
1481_0,-11.953875,-76.983250,98,3725.0
1481_0,-11.953960,-76.983272,99,3734.8
1481_0,-11.954053,-76.983270,100,3745.1
1481_0,-11.954163,-76.983254,101,3757.5
1481_0,-11.954260,-76.983219,102,3768.9
1481_0,-11.954992,-76.982864,103,3859.0
1481_0,-11.955813,-76.982443,104,3961.1
1481_0,-11.955899,-76.982405,105,3971.6
1481_0,-11.955981,-76.982375,106,3981.2
1481_0,-11.956080,-76.982363,107,3992.3
1481_0,-11.956186,-76.982381,108,4004.3
1481_0,-11.956276,-76.982421,109,4015.2
1481_0,-11.956358,-76.982473,110,4025.9
1481_0,-11.956856,-76.982807,111,4092.2
1481_0,-11.957268,-76.983092,112,4147.5
1481_0,-11.958141,-76.983702,113,4265.1
1481_0,-11.958912,-76.984236,114,4368.6
1481_0,-11.959025,-76.984315,115,4383.8
1481_0,-11.959126,-76.984370,116,4396.6
1481_0,-11.959232,-76.984404,117,4408.9
1481_0,-11.959345,-76.984421,118,4421.6
1481_0,-11.959457,-76.984412,119,4434.1
1481_0,-11.959537,-76.984392,120,4443.3
1481_0,-11.959600,-76.984365,121,4450.9
1481_0,-11.959878,-76.984217,122,4485.7
1481_0,-11.960077,-76.984104,123,4511.0
1481_0,-11.960128,-76.984077,124,4517.4
1481_0,-11.960237,-76.984030,125,4530.6
1481_0,-11.960336,-76.984012,126,4541.7
1481_0,-11.960438,-76.984018,127,4553.1
1481_0,-11.960513,-76.984032,128,4561.6
1481_0,-11.960528,-76.984039,129,4563.4
1481_0,-11.960613,-76.984074,130,4573.6
1481_0,-11.960690,-76.984128,131,4584.0
1481_0,-11.960766,-76.984184,132,4594.4
1481_0,-11.960825,-76.984227,133,4602.5
1481_0,-11.960925,-76.984298,134,4616.0
1481_0,-11.961354,-76.984616,135,4674.9
1481_0,-11.961885,-76.985006,136,4747.6
1481_0,-11.961900,-76.985017,137,4749.7
1481_0,-11.962731,-76.985607,138,4862.2
1481_0,-11.963899,-76.986471,139,5022.5
1481_0,-11.964884,-76.987176,140,5156.2
1481_0,-11.965239,-76.987428,141,5204.3
1481_0,-11.966479,-76.988321,142,5372.9
1481_0,-11.966553,-76.988375,143,5383.0
1481_0,-11.967628,-76.989178,144,5531.1
1481_0,-11.967642,-76.989188,145,5533.0
1481_0,-11.967682,-76.989220,146,5538.6
1481_0,-11.968238,-76.989646,147,5615.9
1481_0,-11.968934,-76.990167,148,5711.8
1481_0,-11.969361,-76.990476,149,5770.0
1481_0,-11.969405,-76.990508,150,5776.0
1481_0,-11.969456,-76.990546,151,5783.0
1481_0,-11.970417,-76.991263,152,5915.3
1481_0,-11.970487,-76.991324,153,5925.5
1481_0,-11.970555,-76.991402,154,5936.9
1481_0,-11.970609,-76.991493,155,5948.5
1481_0,-11.970776,-76.991852,156,5991.7
1481_0,-11.970990,-76.992350,157,6050.9
1481_0,-11.971045,-76.992478,158,6066.1
1481_0,-11.971158,-76.992425,159,6079.9
1481_0,-11.971552,-76.992241,160,6128.1
1481_0,-11.971839,-76.992133,161,6162.1
1481_0,-11.972134,-76.992039,162,6196.5
1481_0,-11.972550,-76.991913,163,6244.7
1481_0,-11.973024,-76.991794,164,6299.0
1481_0,-11.973072,-76.991782,165,6304.5
1481_0,-11.973176,-76.991759,166,6316.3
1481_0,-11.973250,-76.991744,167,6324.7
1481_0,-11.973394,-76.991716,168,6341.0
1481_0,-11.973742,-76.991661,169,6380.1
1481_0,-11.973801,-76.991652,170,6386.8
1481_0,-11.973883,-76.991645,171,6395.9
1481_0,-11.974297,-76.991614,172,6442.1
1481_0,-11.974935,-76.991603,173,6513.0
1481_0,-11.974967,-76.991603,174,6516.6
1481_0,-11.975554,-76.991625,175,6581.9
1481_0,-11.976061,-76.991672,176,6638.5
1481_0,-11.976094,-76.991675,177,6642.2
1481_0,-11.977322,-76.991779,178,6779.2
1481_0,-11.977491,-76.991793,179,6798.1
1481_0,-11.978449,-76.991873,180,6905.0
1481_0,-11.978767,-76.991899,181,6940.4
1481_0,-11.978878,-76.991903,182,6952.8
1481_0,-11.979439,-76.991949,183,7015.4
1481_0,-11.979755,-76.991993,184,7050.8
1481_0,-11.979964,-76.992028,185,7074.4
1481_0,-11.980227,-76.992085,186,7104.3
1481_0,-11.980523,-76.992154,187,7138.0
1481_0,-11.980894,-76.992272,188,7181.2
1481_0,-11.981046,-76.992329,189,7199.2
1481_0,-11.981235,-76.992409,190,7222.0
1481_0,-11.981512,-76.992525,191,7255.3
1481_0,-11.981722,-76.992624,192,7281.0
1481_0,-11.981901,-76.992710,193,7303.0
1481_0,-11.982228,-76.992886,194,7344.1
1481_0,-11.982366,-76.992973,195,7362.1
1481_0,-11.982441,-76.993019,196,7371.8
1481_0,-11.982526,-76.993071,197,7382.8
1481_0,-11.982661,-76.993162,198,7400.8
1481_0,-11.982894,-76.993332,199,7432.6
1481_0,-11.983078,-76.993469,200,7458.0
1481_0,-11.983153,-76.993521,201,7468.0
1481_0,-11.983238,-76.993580,202,7479.5
1481_0,-11.983291,-76.993615,203,7486.5
1481_0,-11.983427,-76.993698,204,7504.1
1481_0,-11.983504,-76.993735,205,7513.5
1481_0,-11.983586,-76.993773,206,7523.6
1481_0,-11.983697,-76.993842,207,7538.0
1481_0,-11.983817,-76.993926,208,7554.2
1481_0,-11.984200,-76.994191,209,7605.6
1481_0,-11.984416,-76.994344,210,7634.8
1481_0,-11.984494,-76.994399,211,7645.4
1481_0,-11.984655,-76.994514,212,7667.2
1481_0,-11.984731,-76.994571,213,7677.7
1481_0,-11.984952,-76.994739,214,7708.3
1481_0,-11.985151,-76.994890,215,7735.9
1481_0,-11.985333,-76.995018,216,7760.4
1481_0,-11.985381,-76.995052,217,7766.9
1481_0,-11.985412,-76.995074,218,7771.1
1481_0,-11.985684,-76.995266,219,7807.9
1481_0,-11.985852,-76.995385,220,7830.6
1481_0,-11.985994,-76.995480,221,7849.5
1481_0,-11.986133,-76.995573,222,7867.9
1481_0,-11.986364,-76.995666,223,7895.5
1481_0,-11.986375,-76.995670,224,7896.8
1481_0,-11.986471,-76.995700,225,7908.0
1481_0,-11.987553,-76.996043,226,8034.0
1481_0,-11.987783,-76.996119,227,8060.8
1481_0,-11.987872,-76.996167,228,8072.0
1481_0,-11.987914,-76.996212,229,8078.8
1481_0,-11.987967,-76.996313,230,8091.3
1481_0,-11.988005,-76.996415,231,8103.1
1481_0,-11.988028,-76.996538,232,8116.8
1481_0,-11.988028,-76.996665,233,8130.6
1481_0,-11.988036,-76.996715,234,8136.1
1481_0,-11.988053,-76.996751,235,8140.4
1481_0,-11.988074,-76.996775,236,8143.9
1481_0,-11.988101,-76.996789,237,8147.3
1481_0,-11.988118,-76.996792,238,8149.2
1481_0,-11.988153,-76.996796,239,8153.1
1481_0,-11.988196,-76.996772,240,8158.6
1481_0,-11.988397,-76.996690,241,8182.6
1481_0,-11.988565,-76.996643,242,8202.0
1481_0,-11.988781,-76.996608,243,8226.3
1481_0,-11.989002,-76.996577,244,8251.1
1481_0,-11.989081,-76.996554,245,8260.3
1481_0,-11.989119,-76.996525,246,8265.5
1481_0,-11.989146,-76.996484,247,8270.9
1481_0,-11.989572,-76.996635,248,8321.1
1481_0,-11.989775,-76.996737,249,8346.2
1481_0,-11.989886,-76.996812,250,8361.0
1481_0,-11.989948,-76.996877,251,8370.9
1481_0,-11.989977,-76.996970,252,8381.5
1481_0,-11.989968,-76.997064,253,8391.8
1481_0,-11.989926,-76.997183,254,8405.5
1481_0,-11.989861,-76.997308,255,8420.9
1481_0,-11.989760,-76.997448,256,8439.8
1481_0,-11.989659,-76.997560,257,8456.4
1481_0,-11.989536,-76.997670,258,8474.6
1481_0,-11.989360,-76.997812,259,8499.5
1481_0,-11.988704,-76.998179,260,8582.7
1481_0,-11.988642,-76.998242,261,8592.4
1481_0,-11.988601,-76.998280,262,8598.5
1481_0,-11.988645,-76.998375,263,8610.0
1481_0,-11.988702,-76.998441,264,8619.5
1481_0,-11.988756,-76.998484,265,8627.2
1481_0,-11.988921,-76.998601,266,8649.5
1481_0,-11.989159,-76.998770,267,8681.7
1481_0,-11.989345,-76.998921,268,8708.1
1481_0,-11.989576,-76.999127,269,8742.2
1481_0,-11.989864,-76.999413,270,8786.9
1481_0,-11.989970,-76.999509,271,8802.6
1481_0,-11.990081,-76.999585,272,8817.5
1481_0,-11.990183,-76.999627,273,8829.7
1481_0,-11.990277,-76.999661,274,8840.8
1481_0,-11.990429,-76.999703,275,8858.3
1481_0,-11.990533,-76.999724,276,8870.1
1481_0,-11.990803,-76.999774,277,8900.6
1481_0,-11.990972,-76.999825,278,8920.2
1481_0,-11.991137,-76.999882,279,8939.5
1481_0,-11.991206,-76.999921,280,8948.3
1481_0,-11.991299,-76.999970,281,8959.9
1481_0,-11.991551,-77.000127,282,8992.8
1481_0,-11.991901,-77.000346,283,9038.4
1481_0,-11.991998,-77.000411,284,9051.3
1481_0,-11.992158,-77.000512,285,9072.2
1481_0,-11.992240,-77.000564,286,9082.9
1481_0,-11.992253,-77.000569,287,9084.5
1481_0,-11.992531,-77.000745,288,9120.8
1481_0,-11.992619,-77.000782,289,9131.4
1481_0,-11.992756,-77.000813,290,9147.0
1481_0,-11.992870,-77.000827,291,9159.8
1481_0,-11.993181,-77.000815,292,9194.4
1481_0,-11.995052,-77.000745,293,9402.6
1481_0,-11.995515,-77.000731,294,9454.1
1481_0,-11.995918,-77.000719,295,9498.9
1481_0,-11.996015,-77.000718,296,9509.7
1481_0,-11.996183,-77.000711,297,9528.4
1481_0,-11.996252,-77.000707,298,9536.1
1481_0,-11.996308,-77.000704,299,9542.3
1481_0,-11.996612,-77.000688,300,9576.1
1481_0,-11.996701,-77.000683,301,9586.1
1481_0,-11.998117,-77.000624,302,9743.6
1481_0,-11.998595,-77.000593,303,9796.9
1481_0,-11.998723,-77.000574,304,9811.3
1481_0,-11.998835,-77.000554,305,9823.9
1481_0,-11.998955,-77.000521,306,9837.7
1481_0,-11.999121,-77.000466,307,9857.1
1481_0,-12.000055,-77.000124,308,9967.5
1481_0,-12.000519,-76.999955,309,10022.2
1481_0,-12.001322,-76.999656,310,10117.3
1481_0,-12.002258,-76.999307,311,10228.0
1481_0,-12.002564,-76.999194,312,10264.2
1481_0,-12.002632,-76.999168,313,10272.3
1481_0,-12.002789,-76.999109,314,10290.9
1481_0,-12.002884,-76.999074,315,10302.1
1481_0,-12.003280,-76.998929,316,10348.9
1481_0,-12.005028,-76.998270,317,10556.1
1481_0,-12.005309,-76.998170,318,10589.1
1481_0,-12.005459,-76.998117,319,10606.8
1481_0,-12.007255,-76.997440,320,10819.6
1481_0,-12.007679,-76.997283,321,10869.8
1481_0,-12.008197,-76.997086,322,10931.2
1481_0,-12.008310,-76.997048,323,10944.5
1481_0,-12.008464,-76.996996,324,10962.5
1481_0,-12.008614,-76.996955,325,10979.8
1481_0,-12.008749,-76.996931,326,10995.0
1481_0,-12.008914,-76.996910,327,11013.5
1481_0,-12.009023,-76.996902,328,11025.6
1481_0,-12.009173,-76.996897,329,11042.3
1481_0,-12.009339,-76.996906,330,11060.8
1481_0,-12.009485,-76.996921,331,11077.1
1481_0,-12.009637,-76.996944,332,11094.2
1481_0,-12.009808,-76.996983,333,11113.7
1481_0,-12.009954,-76.997014,334,11130.3
1481_0,-12.010118,-76.997044,335,11148.8
1481_0,-12.010319,-76.997077,336,11171.4
1481_0,-12.010516,-76.997093,337,11193.4
1481_0,-12.010700,-76.997103,338,11213.9
1481_0,-12.010788,-76.997100,339,11223.7
1481_0,-12.010821,-76.997096,340,11227.4
1481_0,-12.010886,-76.997079,341,11234.8
1481_0,-12.010977,-76.997042,342,11245.7
1481_0,-12.011096,-76.996995,343,11259.9
1481_0,-12.011393,-76.996874,344,11295.5
1481_0,-12.011837,-76.996706,345,11348.1
1481_0,-12.012164,-76.996583,346,11386.9
1481_0,-12.012297,-76.996517,347,11403.3
1481_0,-12.012391,-76.996466,348,11415.1
1481_0,-12.012481,-76.996403,349,11427.3
1481_0,-12.012551,-76.996348,350,11437.1
1481_0,-12.012622,-76.996273,351,11448.4
1481_0,-12.012687,-76.996176,352,11461.2
1481_0,-12.012741,-76.996063,353,11474.9
1481_0,-12.012767,-76.995984,354,11484.0
1481_0,-12.012799,-76.995886,355,11495.2
1481_0,-12.012822,-76.995798,356,11505.1
1481_0,-12.012843,-76.995687,357,11517.4
1481_0,-12.012853,-76.995573,358,11529.8
1481_0,-12.012859,-76.995468,359,11541.3
1481_0,-12.012857,-76.995356,360,11553.5
1481_0,-12.012845,-76.995221,361,11568.2
1481_0,-12.012812,-76.995035,362,11588.8
1481_0,-12.012793,-76.994876,363,11606.2
1481_0,-12.012776,-76.994802,364,11614.5
1481_0,-12.012757,-76.994754,365,11620.1
1481_0,-12.012776,-76.994588,366,11638.3
1481_0,-12.012808,-76.994542,367,11644.4
1481_0,-12.012850,-76.994506,368,11650.5
1481_0,-12.012918,-76.994495,369,11658.2
1481_0,-12.012962,-76.994489,370,11663.1
1481_0,-12.013011,-76.994486,371,11668.6
1481_0,-12.013344,-76.994480,372,11705.6
1481_0,-12.013956,-76.994480,373,11773.6
1481_0,-12.014673,-76.994487,374,11853.4
1481_0,-12.014740,-76.994488,375,11860.8
1481_0,-12.014768,-76.994488,376,11863.9
1481_0,-12.015295,-76.994492,377,11922.5
1481_0,-12.015375,-76.994487,378,11931.4
1481_0,-12.015496,-76.994472,379,11945.0
1481_0,-12.015533,-76.995120,380,12015.6
1481_0,-12.015819,-76.995147,381,12047.5
1481_0,-12.016258,-76.995179,382,12096.5
1481_0,-12.016709,-76.995213,383,12146.8
1481_0,-12.016806,-76.995220,384,12157.6
1481_0,-12.016693,-76.996672,385,12316.0
1481_0,-12.016675,-76.996923,386,12343.4
1481_0,-12.016657,-76.997123,387,12365.2
1481_0,-12.016652,-76.997177,388,12371.1
1481_0,-12.016646,-76.997276,389,12381.9
1481_0,-12.016628,-76.997714,390,12429.6
1481_0,-12.016628,-76.997903,391,12450.1
1481_0,-12.016636,-76.998041,392,12465.2
1481_0,-12.016648,-76.998178,393,12480.1
1481_0,-12.016663,-76.998282,394,12491.6
1481_0,-12.016685,-76.998416,395,12506.3
1481_0,-12.016745,-76.998702,396,12538.1
1481_0,-12.016800,-76.998965,397,12567.4
1481_0,-12.016812,-76.999000,398,12571.4
1481_0,-12.016829,-76.999029,399,12575.1
1481_0,-12.016856,-76.999066,400,12580.1
1481_0,-12.016900,-76.999123,401,12588.0
1481_0,-12.016933,-76.999163,402,12593.7
1481_0,-12.016954,-76.999196,403,12598.0
1481_0,-12.016969,-76.999232,404,12602.2
1481_0,-12.016986,-76.999280,405,12607.8
1481_0,-12.017025,-76.999396,406,12621.1
1481_0,-12.017137,-76.999717,407,12658.2
1481_0,-12.017299,-77.000159,408,12709.5
1481_0,-12.017592,-77.000962,409,12802.8
1481_0,-12.017604,-77.000996,410,12806.7
1481_0,-12.017622,-77.001050,411,12812.9
1481_0,-12.017830,-77.001624,412,12879.5
1481_0,-12.017937,-77.001945,413,12916.3
1481_0,-12.017950,-77.002018,414,12924.4
1481_0,-12.018045,-77.001986,415,12935.5
1481_0,-12.018354,-77.001872,416,12972.1
1481_0,-12.018967,-77.001646,417,13044.5
1481_0,-12.019474,-77.001460,418,13104.4
1481_0,-12.019547,-77.001437,419,13112.9
1481_0,-12.019646,-77.001419,420,13124.1
1481_0,-12.019725,-77.001407,421,13133.0
1481_0,-12.019857,-77.001413,422,13147.7
1481_0,-12.019964,-77.001426,423,13159.6
1481_0,-12.020225,-77.001456,424,13188.9
1481_0,-12.020736,-77.001523,425,13246.1
1481_0,-12.022485,-77.001738,426,13442.0
1481_0,-12.022555,-77.001748,427,13449.9
1481_0,-12.022619,-77.001757,428,13457.1
1481_0,-12.023638,-77.001888,429,13571.3
1481_0,-12.023889,-77.001918,430,13599.4
1481_0,-12.024149,-77.001949,431,13628.5
1481_0,-12.024728,-77.002042,432,13693.6
1481_0,-12.024896,-77.002045,433,13712.3
1481_0,-12.025005,-77.002044,434,13724.4
1481_0,-12.025088,-77.002036,435,13733.7
1481_0,-12.025174,-77.002023,436,13743.4
1481_0,-12.025282,-77.001991,437,13755.9
1481_0,-12.025711,-77.001848,438,13806.1
1481_0,-12.026192,-77.001693,439,13862.1
1481_0,-12.027219,-77.001358,440,13982.0
1481_0,-12.027640,-77.001218,441,14031.2
1481_0,-12.027738,-77.001186,442,14042.7
1481_0,-12.027825,-77.001155,443,14052.9
1481_0,-12.027876,-77.001136,444,14059.0
1481_0,-12.027900,-77.001128,445,14061.8
1481_0,-12.028562,-77.000888,446,14139.9
1481_0,-12.028775,-77.000802,447,14165.3
1481_0,-12.029038,-77.000632,448,14199.9
1481_0,-12.029242,-77.000497,449,14226.9
1481_0,-12.029470,-77.000335,450,14257.8
1481_0,-12.029579,-77.000257,451,14272.6
1481_0,-12.029683,-77.000187,452,14286.5
1481_0,-12.030167,-76.999864,453,14350.7
1481_0,-12.030372,-76.999762,454,14376.1
1481_0,-12.030659,-76.999642,455,14410.6
1481_0,-12.030987,-76.999505,456,14449.9
1481_0,-12.031026,-76.999489,457,14454.6
1481_0,-12.032345,-76.998932,458,14613.3
1481_0,-12.032751,-76.998753,459,14662.5
1481_0,-12.032818,-76.998726,460,14670.5
1481_0,-12.032914,-76.998689,461,14681.9
1481_0,-12.033524,-76.998478,462,14753.5
1481_0,-12.033561,-76.998466,463,14757.8
1481_0,-12.033859,-76.998357,464,14793.0
1481_0,-12.034022,-76.998298,465,14812.2
1481_0,-12.034285,-76.998202,466,14843.3
1481_0,-12.034874,-76.997987,467,14912.8
1481_0,-12.035011,-76.997937,468,14929.0
1481_0,-12.035169,-76.997880,469,14947.6
1481_0,-12.035974,-76.997626,470,15041.3
1481_0,-12.036179,-76.997567,471,15065.0
1481_0,-12.036364,-76.997528,472,15086.0
1481_0,-12.036516,-76.997499,473,15103.2
1481_0,-12.036683,-76.997471,474,15122.0
1481_0,-12.036885,-76.997465,475,15144.5
1481_0,-12.037091,-76.997448,476,15167.4
1481_0,-12.037460,-76.997447,477,15208.5
1481_0,-12.037895,-76.997467,478,15256.9
1481_0,-12.039262,-76.997534,479,15409.1
1481_0,-12.039792,-76.997567,480,15468.1
1481_0,-12.039832,-76.997574,481,15472.6
1481_0,-12.039891,-76.997588,482,15479.4
1481_0,-12.039939,-76.997606,483,15485.1
1481_0,-12.039973,-76.997651,484,15491.2
1481_0,-12.040022,-76.997693,485,15498.3
1481_0,-12.040070,-76.997720,486,15504.4
1481_0,-12.040124,-76.997741,487,15510.9
1481_0,-12.040177,-76.997752,488,15516.9
1481_0,-12.040236,-76.997812,489,15526.1
1481_0,-12.040268,-76.997867,490,15533.1
1481_0,-12.040293,-76.997937,491,15541.2
1481_0,-12.040528,-76.998942,492,15653.6
1481_0,-12.040553,-76.999042,493,15664.8
1481_0,-12.040588,-76.999187,494,15681.0
1481_0,-12.040602,-76.999279,495,15691.2
1481_0,-12.040607,-76.999308,496,15694.4
1481_0,-12.040654,-76.999552,497,15721.4
1481_0,-12.040730,-76.999943,498,15764.8
1481_0,-12.040867,-77.000643,499,15842.4
1481_0,-12.040886,-77.000743,500,15853.5
1481_0,-12.040903,-77.000837,501,15863.9
1481_0,-12.040904,-77.000842,502,15864.4
1481_0,-12.040993,-77.001356,503,15921.2
1481_0,-12.041044,-77.001650,504,15953.7
1481_0,-12.041057,-77.001725,505,15961.9
1481_0,-12.041170,-77.002389,506,16035.2
1481_0,-12.041184,-77.002470,507,16044.2
1481_0,-12.041264,-77.002899,508,16091.7
1481_0,-12.041295,-77.003055,509,16109.0
1481_0,-12.041327,-77.003236,510,16129.0
1481_0,-12.041441,-77.003754,511,16186.7
1481_0,-12.041579,-77.004286,512,16246.6
1481_0,-12.041642,-77.004573,513,16278.6
1481_0,-12.041656,-77.004643,514,16286.3
1481_0,-12.041659,-77.004681,515,16290.5
1481_0,-12.041665,-77.004766,516,16299.7
1481_0,-12.041668,-77.004844,517,16308.2
1481_0,-12.041677,-77.004888,518,16313.1
1481_0,-12.042366,-77.006954,519,16550.5
1481_0,-12.042626,-77.007736,520,16640.3
1481_0,-12.042879,-77.008496,521,16727.6
1481_0,-12.042895,-77.008546,522,16733.4
1481_0,-12.042920,-77.008617,523,16741.6
1481_0,-12.042935,-77.008661,524,16746.6
1481_0,-12.043118,-77.009255,525,16814.3
1481_0,-12.043495,-77.010366,526,16942.2
1481_0,-12.043589,-77.010652,527,16975.0
1481_0,-12.043666,-77.010892,528,17002.5
1481_0,-12.043789,-77.011278,529,17046.7
1481_0,-12.043806,-77.011340,530,17053.7
1481_0,-12.043896,-77.011592,531,17082.8
1481_0,-12.044159,-77.012028,532,17138.5
1481_0,-12.044368,-77.012321,533,17178.0
1481_0,-12.044381,-77.012339,534,17180.4
1481_0,-12.044395,-77.012353,535,17182.6
1481_0,-12.044423,-77.012378,536,17186.7
1481_0,-12.044464,-77.012404,537,17192.1
1481_0,-12.044522,-77.012429,538,17199.1
1481_0,-12.044595,-77.012450,539,17207.5
1481_0,-12.044751,-77.012449,540,17224.9
1481_0,-12.044912,-77.012430,541,17242.9
1481_0,-12.045050,-77.012397,542,17258.6
1481_0,-12.045101,-77.012375,543,17264.8
1481_0,-12.045154,-77.012362,544,17270.9
1481_0,-12.045189,-77.012358,545,17274.8
1481_0,-12.045232,-77.012358,546,17279.6
1481_0,-12.045724,-77.012401,547,17334.5
1481_0,-12.046067,-77.012431,548,17372.7
1481_0,-12.046813,-77.012524,549,17456.3
1481_0,-12.047223,-77.012563,550,17502.1
1481_0,-12.048407,-77.012706,551,17634.7
1481_0,-12.048906,-77.012766,552,17690.5
1481_0,-12.049021,-77.012776,553,17703.4
1481_0,-12.049236,-77.012800,554,17727.4
1481_0,-12.049421,-77.012821,555,17748.1
1481_0,-12.049448,-77.012824,556,17751.1
1481_0,-12.049481,-77.012829,557,17754.8
1481_0,-12.049533,-77.012831,558,17760.6
1481_0,-12.050253,-77.012873,559,17840.8
1481_0,-12.050539,-77.012890,560,17872.7
1481_0,-12.050547,-77.012890,561,17873.6
1481_0,-12.051041,-77.012919,562,17928.6
1481_0,-12.051589,-77.012959,563,17989.7
1481_0,-12.052188,-77.013002,564,18056.5
1481_0,-12.052360,-77.013009,565,18075.6
1481_0,-12.052459,-77.013015,566,18086.6
1481_0,-12.053104,-77.013053,567,18158.5
1481_0,-12.053556,-77.013086,568,18208.8
1481_0,-12.054220,-77.013129,569,18282.8
1481_0,-12.054344,-77.013137,570,18296.6
1481_0,-12.054503,-77.013153,571,18314.4
1481_0,-12.054759,-77.013339,572,18349.3
1481_0,-12.054806,-77.013374,573,18355.8
1481_0,-12.054923,-77.013470,574,18372.5
1481_0,-12.055050,-77.013582,575,18391.1
1481_0,-12.055202,-77.013715,576,18413.4
1481_0,-12.055471,-77.013935,577,18451.7
1481_0,-12.056431,-77.014716,578,18588.1
1481_0,-12.056456,-77.014738,579,18591.7
1481_0,-12.056533,-77.014801,580,18602.7
1481_0,-12.056598,-77.014882,581,18614.1
1481_0,-12.056612,-77.014905,582,18617.1
1481_0,-12.056633,-77.014947,583,18622.2
1481_0,-12.056674,-77.015037,584,18633.0
1481_0,-12.057239,-77.016554,585,18809.5
1481_0,-12.057260,-77.016637,586,18818.8
1481_0,-12.057307,-77.017006,587,18859.3
1481_0,-12.057344,-77.017303,588,18891.8
1481_0,-12.057348,-77.017332,589,18895.0
1481_0,-12.057368,-77.017474,590,18910.6
1481_0,-12.057376,-77.017563,591,18920.3
1481_0,-12.057476,-77.018500,592,19022.8
1481_0,-12.057579,-77.019361,593,19117.2
1481_0,-12.057582,-77.019390,594,19120.3
1481_0,-12.057594,-77.019514,595,19133.9
1481_0,-12.057605,-77.019608,596,19144.2
1481_0,-12.057720,-77.020435,597,19235.0
1481_0,-12.057821,-77.021202,598,19319.2
1481_0,-12.057839,-77.021360,599,19336.5
1481_0,-12.057880,-77.021734,600,19377.4
1481_0,-12.057887,-77.021797,601,19384.3
1481_0,-12.057896,-77.021860,602,19391.2
1481_0,-12.058065,-77.023240,603,19542.5
1481_0,-12.058073,-77.023306,604,19549.7
1481_0,-12.058197,-77.024212,605,19649.2
1481_0,-12.058200,-77.024233,606,19651.5
1481_0,-12.058211,-77.024316,607,19660.6
1481_0,-12.058225,-77.024418,608,19671.8
1481_0,-12.058249,-77.024602,609,19692.0
1481_0,-12.058256,-77.024657,610,19698.0
1481_0,-12.058344,-77.025436,611,19783.3
1481_0,-12.058356,-77.025520,612,19792.5
1481_0,-12.058388,-77.025763,613,19819.2
1481_0,-12.058515,-77.026658,614,19917.5
1481_0,-12.058524,-77.026713,615,19923.6
1481_0,-12.058537,-77.026821,616,19935.4
1481_0,-12.058730,-77.028344,617,20102.4
1481_0,-12.058740,-77.028423,618,20111.1
1481_0,-12.058750,-77.028499,619,20119.4
1481_0,-12.058811,-77.028968,620,20170.8
1481_0,-12.058843,-77.029209,621,20197.3
1481_0,-12.058914,-77.029749,622,20256.5
1481_0,-12.058921,-77.029814,623,20263.7
1481_0,-12.058936,-77.029937,624,20277.1
1481_0,-12.058946,-77.030009,625,20285.0
1481_0,-12.059115,-77.031335,626,20430.5
1481_0,-12.059126,-77.031422,627,20440.0
1481_0,-12.059139,-77.031529,628,20451.7
1481_0,-12.059150,-77.031597,629,20459.2
1481_0,-12.059221,-77.032218,630,20527.2
1481_0,-12.059365,-77.033314,631,20647.5
1481_0,-12.059376,-77.033393,632,20656.1
1481_0,-12.059462,-77.033968,633,20719.4
1481_0,-12.059482,-77.034106,634,20734.6
1481_0,-12.059532,-77.034495,635,20777.2
1481_0,-12.059546,-77.034608,636,20789.6
1481_0,-12.059607,-77.035125,637,20846.2
1481_0,-12.059611,-77.035206,638,20855.0
1481_0,-12.059599,-77.035283,639,20863.5
1481_0,-12.059572,-77.035338,640,20870.2
1481_0,-12.059536,-77.035399,641,20878.0
1481_0,-12.059477,-77.035463,642,20887.5
1481_0,-12.059414,-77.035496,643,20895.4
1481_0,-12.059368,-77.035534,644,20902.0
1481_0,-12.059329,-77.035575,645,20908.2
1481_0,-12.059286,-77.035649,646,20917.6
1481_0,-12.059263,-77.035734,647,20927.1
1481_0,-12.059267,-77.035839,648,20938.6
1481_0,-12.059293,-77.035950,649,20951.0
1481_0,-12.059362,-77.036083,650,20967.4
1481_0,-12.059445,-77.036207,651,20983.7
1481_0,-12.059578,-77.036185,652,20998.7
1481_0,-12.060045,-77.037925,653,21194.9
1481_0,-12.060120,-77.037920,654,21203.2
1481_0,-12.060594,-77.037881,655,21256.1
1481_0,-12.061137,-77.037836,656,21316.7
1481_0,-12.061260,-77.037863,657,21330.7
1481_0,-12.061343,-77.037857,658,21339.9
1481_0,-12.061540,-77.037843,659,21361.9
1481_0,-12.061694,-77.037830,660,21379.1
1481_0,-12.061828,-77.037819,661,21394.0
1481_0,-12.061951,-77.037807,662,21407.8
1481_0,-12.061955,-77.037860,663,21413.5
1481_0,-12.062069,-77.038983,664,21536.3
1481_0,-12.061910,-77.038989,665,21554.0
1481_0,-12.061383,-77.039017,666,21612.7
1481_0,-12.061228,-77.039026,667,21629.9
1481_0,-12.061074,-77.039035,668,21647.1
1481_0,-12.060888,-77.039050,669,21667.8
1481_0,-12.060239,-77.039080,670,21740.1
1481_0,-12.060147,-77.039084,671,21750.3
1481_0,-12.059935,-77.039088,672,21773.9
1481_0,-12.059848,-77.039093,673,21783.6
1481_0,-12.059732,-77.039097,674,21796.5
1481_0,-12.059182,-77.039141,675,21857.8
1481_0,-12.059128,-77.039144,676,21863.9
1481_0,-12.058961,-77.039158,677,21882.5
1481_0,-12.058453,-77.039208,678,21939.2
1481_0,-12.058016,-77.039256,679,21988.1
1481_0,-12.057990,-77.039259,680,21991.0
1481_0,-12.057927,-77.039266,681,21998.1
1481_0,-12.057897,-77.039270,682,22001.4
1481_0,-12.057725,-77.039285,683,22020.6
1481_0,-12.057096,-77.039340,684,22090.8
1481_0,-12.056955,-77.039351,685,22106.5
1481_0,-12.056005,-77.039422,686,22212.5
1481_0,-12.055575,-77.039460,687,22260.5
1481_0,-12.054938,-77.039518,688,22331.6
1481_0,-12.054285,-77.039577,689,22404.5
1481_0,-12.054327,-77.040092,690,22460.7
1481_0,-12.054368,-77.040573,691,22513.2
1481_0,-12.054374,-77.040623,692,22518.6
1481_0,-12.054381,-77.040712,693,22528.3
1481_0,-12.054394,-77.040872,694,22545.8
1481_0,-12.054429,-77.041292,695,22591.6
1481_0,-12.054469,-77.041783,696,22645.2
1481_0,-12.054471,-77.041820,697,22649.2
1481_0,-12.054482,-77.041932,698,22661.5
1481_0,-12.054488,-77.042009,699,22669.9
1481_0,-12.054497,-77.042115,700,22681.5
1481_0,-12.054504,-77.042203,701,22691.1
1481_0,-12.054510,-77.042280,702,22699.5
1481_0,-12.054575,-77.043066,703,22785.2
1481_0,-12.054624,-77.043657,704,22849.7
1481_0,-12.054635,-77.043799,705,22865.2
1481_0,-12.054681,-77.044349,706,22925.3
1481_0,-12.054693,-77.044495,707,22941.2
1481_0,-12.054699,-77.044569,708,22949.3
1481_0,-12.054719,-77.044808,709,22975.3
1481_0,-12.054742,-77.045096,710,23006.8
1481_0,-12.054799,-77.045780,711,23081.4
1481_0,-12.054826,-77.046121,712,23118.6
1481_0,-12.054834,-77.046211,713,23128.4
1481_0,-12.054877,-77.046743,714,23186.5
1481_0,-12.054896,-77.046976,715,23211.9
1481_0,-12.054901,-77.047045,716,23219.4
1481_0,-12.054929,-77.047388,717,23256.9
1481_0,-12.054937,-77.047493,718,23268.3
1481_0,-12.054950,-77.047651,719,23285.6
1481_0,-12.054997,-77.048222,720,23347.9
1481_0,-12.055010,-77.048389,721,23366.1
1481_0,-12.055031,-77.048649,722,23394.5
1481_0,-12.055060,-77.049002,723,23433.0
1481_0,-12.055073,-77.049162,724,23450.4
1481_0,-12.055081,-77.049259,725,23461.0
1481_0,-12.055102,-77.049510,726,23488.4
1481_0,-12.055125,-77.049800,727,23520.1
1481_0,-12.055130,-77.049859,728,23526.5
1481_0,-12.055145,-77.050047,729,23547.0
1481_0,-12.055206,-77.050787,730,23627.8
1481_0,-12.055214,-77.050887,731,23638.7
1481_0,-12.055219,-77.050955,732,23646.1
1481_0,-12.055225,-77.051021,733,23653.3
1481_0,-12.055230,-77.051089,734,23660.7
1481_0,-12.055232,-77.051112,735,23663.2
1481_0,-12.055243,-77.051254,736,23678.7
1481_0,-12.055258,-77.051433,737,23698.3
1481_0,-12.055295,-77.051871,738,23746.1
1481_0,-12.055304,-77.051975,739,23757.4
1481_0,-12.055333,-77.052330,740,23796.2
1481_0,-12.055348,-77.052502,741,23814.9
1481_0,-12.055355,-77.052583,742,23823.8
1481_0,-12.055383,-77.052925,743,23861.1
1481_0,-12.055406,-77.053194,744,23890.5
1481_0,-12.055413,-77.053281,745,23899.9
1481_0,-12.055462,-77.053864,746,23963.6
1481_0,-12.055534,-77.054727,747,24057.8
1481_0,-12.055636,-77.055995,748,24196.1
1481_0,-12.055648,-77.056089,749,24206.4
1481_0,-12.055659,-77.056229,750,24221.7
1481_0,-12.055663,-77.056352,751,24235.1
1481_0,-12.055662,-77.056470,752,24247.9
1481_0,-12.055651,-77.056649,753,24267.4
1481_0,-12.055613,-77.056840,754,24288.6
1481_0,-12.055514,-77.057279,755,24337.6
1481_0,-12.055502,-77.057330,756,24343.3
1481_0,-12.055486,-77.057404,757,24351.5
1481_0,-12.055437,-77.057621,758,24375.8
1481_0,-12.055422,-77.057688,759,24383.2
1481_0,-12.055324,-77.058158,760,24435.5
1481_0,-12.055315,-77.058190,761,24439.1
1481_0,-12.055214,-77.058531,762,24477.9
1481_0,-12.055128,-77.058801,763,24508.7
1481_0,-12.055073,-77.058971,764,24528.2
1481_0,-12.054959,-77.059302,765,24566.4
1481_0,-12.054933,-77.059378,766,24575.1
1481_0,-12.054801,-77.059763,767,24619.5
1481_0,-12.054469,-77.060708,768,24728.7
1481_0,-12.054458,-77.060738,769,24732.2
1481_0,-12.054435,-77.060799,770,24739.3
1481_0,-12.054175,-77.061489,771,24819.7
1481_0,-12.054140,-77.061590,772,24831.3
1481_0,-12.054103,-77.061699,773,24843.9
1481_0,-12.054239,-77.061754,774,24860.2
1481_0,-12.054352,-77.061792,775,24873.4
1481_0,-12.054464,-77.061825,776,24886.3
1481_0,-12.054570,-77.061849,777,24898.4
1481_0,-12.054675,-77.061865,778,24910.2
1481_0,-12.054758,-77.061873,779,24919.5
1481_0,-12.054854,-77.061877,780,24930.2
1481_0,-12.055009,-77.061872,781,24947.4
1481_0,-12.055161,-77.061853,782,24964.4
1481_0,-12.055400,-77.061811,783,24991.4
1481_0,-12.055563,-77.061775,784,25009.9
1481_0,-12.056223,-77.061630,785,25085.0
1481_0,-12.056251,-77.061624,786,25088.2
1481_0,-12.056330,-77.061607,787,25097.2
1481_0,-12.056417,-77.061591,788,25107.0
1481_0,-12.056434,-77.061607,789,25109.6
1481_0,-12.056449,-77.061637,790,25113.2
1481_0,-12.056462,-77.061670,791,25117.1
1481_0,-12.056477,-77.061724,792,25123.2
1481_0,-12.056489,-77.061774,793,25128.8
1481_0,-12.056604,-77.062361,794,25193.9
1481_0,-12.056666,-77.062658,795,25226.9
1481_0,-12.056686,-77.062754,796,25237.6
1481_0,-12.056832,-77.063465,797,25316.6
1481_0,-12.056869,-77.063643,798,25336.4
1481_0,-12.056896,-77.063756,799,25349.0
1481_0,-12.056922,-77.063837,800,25358.3
1481_0,-12.056963,-77.063941,801,25370.5
1481_0,-12.057024,-77.064057,802,25384.8
1481_0,-12.057044,-77.064119,803,25391.9
1481_0,-12.057166,-77.064760,804,25462.9
1481_0,-12.057173,-77.064813,805,25468.8
1481_0,-12.057170,-77.064865,806,25474.4
1481_0,-12.057160,-77.064914,807,25479.9
1481_0,-12.057114,-77.065085,808,25499.1
1481_0,-12.057113,-77.065137,809,25504.8
1481_0,-12.057118,-77.065197,810,25511.3
1481_0,-12.057174,-77.065521,811,25547.1
1481_0,-12.057233,-77.065884,812,25587.1
1481_0,-12.057310,-77.066322,813,25635.5
1481_0,-12.057366,-77.066635,814,25670.1
1481_0,-12.057371,-77.066663,815,25673.2
1481_0,-12.057418,-77.066915,816,25701.1
1481_0,-12.057574,-77.067711,817,25789.4
1481_0,-12.057627,-77.067973,818,25818.5
1481_0,-12.057720,-77.068408,819,25866.9
1481_0,-12.057737,-77.068503,820,25877.4
1481_0,-12.057766,-77.068668,821,25895.7
1481_0,-12.057823,-77.068991,822,25931.3
1481_0,-12.057857,-77.069172,823,25951.4
1481_0,-12.057865,-77.069218,824,25956.5
1481_0,-12.057873,-77.069261,825,25961.2
1481_0,-12.057931,-77.069575,826,25996.0
1481_0,-12.057970,-77.069591,827,26000.6
1481_0,-12.058005,-77.069624,828,26005.9
1481_0,-12.058037,-77.069667,829,26011.8
1481_0,-12.058187,-77.070532,830,26107.3
1481_0,-12.058267,-77.070978,831,26156.7
1481_0,-12.058279,-77.071042,832,26163.7
1481_0,-12.058382,-77.071553,833,26220.5
1481_0,-12.058482,-77.071990,834,26269.3
1481_0,-12.058490,-77.072025,835,26273.2
1481_0,-12.058493,-77.072038,836,26274.6
1481_0,-12.058506,-77.072087,837,26280.2
1481_0,-12.058512,-77.072108,838,26282.5
1481_0,-12.058530,-77.072178,839,26290.4
1481_0,-12.058541,-77.072222,840,26295.3
1481_0,-12.058593,-77.072418,841,26317.4
1481_0,-12.058670,-77.072774,842,26357.1
1481_0,-12.058706,-77.072940,843,26375.6
1481_0,-12.058872,-77.073054,844,26397.8
1481_0,-12.058956,-77.073105,845,26408.7
1481_0,-12.058998,-77.073129,846,26414.0
1481_0,-12.059011,-77.073181,847,26419.9
1481_0,-12.059094,-77.073531,848,26459.0
1481_0,-12.059130,-77.073685,849,26476.2
1481_0,-12.059147,-77.073767,850,26485.3
1481_0,-12.059235,-77.074147,851,26527.8
1481_0,-12.059246,-77.074191,852,26532.8
1481_0,-12.059256,-77.074236,853,26537.8
1481_0,-12.059397,-77.074861,854,26607.5
1481_0,-12.059416,-77.074962,855,26618.7
1481_0,-12.059540,-77.075543,856,26683.4
1481_0,-12.059563,-77.075648,857,26695.1
1481_0,-12.059607,-77.075814,858,26713.8
1481_0,-12.059694,-77.076176,859,26754.3
1481_0,-12.059740,-77.076373,860,26776.3
1481_0,-12.059772,-77.076509,861,26791.5
1481_0,-12.059778,-77.076535,862,26794.4
1481_0,-12.059790,-77.076660,863,26808.1
1481_0,-12.059776,-77.076778,864,26821.0
1481_0,-12.059765,-77.076826,865,26826.4
1481_0,-12.059748,-77.076881,866,26832.7
1481_0,-12.059706,-77.076976,867,26844.0
1481_0,-12.059684,-77.077041,868,26851.5
1481_0,-12.059667,-77.077123,869,26860.6
1481_0,-12.059714,-77.077300,870,26880.5
1481_0,-12.059734,-77.077374,871,26888.9
1481_0,-12.059888,-77.078030,872,26962.2
1481_0,-12.060166,-77.079214,873,27094.7
1481_0,-12.060756,-77.081749,874,27378.0
1481_0,-12.060839,-77.082178,875,27425.6
1481_0,-12.060901,-77.082610,876,27473.0
1481_0,-12.060923,-77.082795,877,27493.3
1481_0,-12.061129,-77.084486,878,27678.6
1481_0,-12.061184,-77.084979,879,27732.6
1481_0,-12.061222,-77.085063,880,27742.6
1481_0,-12.061345,-77.085846,881,27828.9
1481_0,-12.061369,-77.085999,882,27845.7
1481_0,-12.061383,-77.086087,883,27855.4
1481_0,-12.061398,-77.086186,884,27866.3
1481_0,-12.061434,-77.086418,885,27891.8
1481_0,-12.061450,-77.086535,886,27904.7
1481_0,-12.061477,-77.086754,887,27928.7
1481_0,-12.061519,-77.087191,888,27976.4
1481_0,-12.061583,-77.087840,889,28047.4
1481_0,-12.061624,-77.088297,890,28097.3
1481_0,-12.061646,-77.088514,891,28121.0
1481_0,-12.061659,-77.088646,892,28135.4
1481_0,-12.061664,-77.088691,893,28140.4
1481_0,-12.061744,-77.089486,894,28227.3
1481_0,-12.061752,-77.089580,895,28237.5
1481_0,-12.061777,-77.089846,896,28266.6
1481_0,-12.061806,-77.090160,897,28300.9
1481_0,-12.061923,-77.091417,898,28438.2
1481_0,-12.061930,-77.091490,899,28446.2
1481_0,-12.061935,-77.091550,900,28452.7
1481_0,-12.061946,-77.091660,901,28464.7
1481_0,-12.061956,-77.091772,902,28477.0
1481_0,-12.062022,-77.092435,903,28549.4
1481_0,-12.062035,-77.092577,904,28564.9
1481_0,-12.062093,-77.093175,905,28630.3
1481_0,-12.062110,-77.093359,906,28650.4
1481_0,-12.062142,-77.093704,907,28688.1
1481_0,-12.062229,-77.094626,908,28788.8
1481_0,-12.062242,-77.094754,909,28802.8
1481_0,-12.062248,-77.094826,910,28810.6
1481_0,-12.062343,-77.095809,911,28918.0
1481_0,-12.062355,-77.095944,912,28932.8
1481_0,-12.062362,-77.096018,913,28940.9
1481_0,-12.062365,-77.096073,914,28946.9
1481_0,-12.062374,-77.096214,915,28962.2
1481_0,-12.062362,-77.096344,916,28976.4
1481_0,-12.062354,-77.096475,917,28990.7
1481_0,-12.062353,-77.096665,918,29011.4
1481_0,-12.062381,-77.096961,919,29043.7
1481_0,-12.062389,-77.097044,920,29052.8
1481_0,-12.062394,-77.097100,921,29058.9
1481_0,-12.062413,-77.097248,922,29075.1
1481_0,-12.062430,-77.097362,923,29087.6
1481_0,-12.062444,-77.097455,924,29097.9
1481_0,-12.062488,-77.097698,925,29124.8
1481_0,-12.062504,-77.097794,926,29135.3
1481_0,-12.062548,-77.098060,927,29164.7
1481_0,-12.062571,-77.098217,928,29181.9
1481_0,-12.062719,-77.099794,929,29354.2
1481_0,-12.062797,-77.100560,930,29438.0
1481_0,-12.062831,-77.101188,931,29506.3
1481_0,-12.062895,-77.101892,932,29583.2
1481_0,-12.063121,-77.104297,933,29846.0
1481_0,-12.063134,-77.104451,934,29862.8
1481_0,-12.063147,-77.104616,935,29880.8
1481_0,-12.063152,-77.104673,936,29887.0
1481_0,-12.063157,-77.104741,937,29894.4
1481_0,-12.063166,-77.104842,938,29905.4
1481_0,-12.063204,-77.105247,939,29949.7
1481_0,-12.063251,-77.105686,940,29997.7
1481_0,-12.063261,-77.105993,941,30031.1
1481_0,-12.063254,-77.106329,942,30067.6
1481_0,-12.063224,-77.107144,943,30156.3
1481_0,-12.063228,-77.107394,944,30183.5
1481_0,-12.063261,-77.107722,945,30219.4
1481_0,-12.063299,-77.108006,946,30250.5
1481_0,-12.063376,-77.108433,947,30297.8
1481_0,-12.063403,-77.108587,948,30314.8
1481_0,-12.063429,-77.108731,949,30330.7
1481_0,-12.063457,-77.108885,950,30347.7
1481_0,-12.063551,-77.109412,951,30406.0
1481_0,-12.064061,-77.112164,952,30710.5
1481_0,-12.064101,-77.112387,953,30735.2
1481_0,-12.064495,-77.114567,954,30976.3
1481_0,-12.064663,-77.115586,955,31088.6
1481_0,-12.064905,-77.116870,956,31230.8
1481_0,-12.064910,-77.116897,957,31233.8
1481_0,-12.065167,-77.118450,958,31405.1
1481_0,-12.065202,-77.118653,959,31427.5
1481_0,-12.065195,-77.118725,960,31435.4
1481_0,-12.065140,-77.118816,961,31447.0
1481_0,-12.065075,-77.118858,962,31455.6
1481_0,-12.064974,-77.118962,963,31471.5
1481_0,-12.064880,-77.119079,964,31488.0
1481_0,-12.064803,-77.119202,965,31503.8
1481_0,-12.064775,-77.119320,966,31517.0
1481_0,-12.064763,-77.119436,967,31529.7
1481_0,-12.064767,-77.119551,968,31542.2
1481_0,-12.064789,-77.119660,969,31554.3
1481_0,-12.064851,-77.119749,970,31566.2
1481_0,-12.064931,-77.119822,971,31578.1
1481_0,-12.065016,-77.119889,972,31590.1
1481_0,-12.065106,-77.119943,973,31601.7
1481_0,-12.065167,-77.119953,974,31608.5
1481_0,-12.065287,-77.120010,975,31623.3
1481_0,-12.065332,-77.120036,976,31629.0
1481_0,-12.065371,-77.120065,977,31634.4
1481_0,-12.065418,-77.120110,978,31641.5
1481_0,-12.065450,-77.120165,979,31648.5
1481_0,-12.065469,-77.120222,980,31655.0
1481_0,-12.065557,-77.120733,981,31711.5
1481_0,-12.065568,-77.120872,982,31726.6
1481_0,-12.065570,-77.121012,983,31741.8
1481_0,-12.065567,-77.121148,984,31756.6
1481_0,-12.065566,-77.121218,985,31764.3
1481_0,-12.065548,-77.121368,986,31780.7
1481_0,-12.065522,-77.121509,987,31796.3
1481_0,-12.065488,-77.121652,988,31812.3
1481_0,-12.065422,-77.121836,989,31833.6
1481_0,-12.065332,-77.122043,990,31858.2
1481_0,-12.065313,-77.122089,991,31863.7
1481_0,-12.065273,-77.122196,992,31876.1
1481_0,-12.065258,-77.122240,993,31881.2
1481_0,-12.064869,-77.123230,994,31997.2
1481_0,-12.064840,-77.123310,995,32006.5
1481_0,-12.064816,-77.123374,996,32013.9
1481_0,-12.064679,-77.123745,997,32057.1
1481_0,-12.064557,-77.124085,998,32096.4
1481_0,-12.064430,-77.124433,999,32136.8
1481_0,-12.064236,-77.124964,1000,32198.5
1481_0,-12.064210,-77.125037,1001,32206.9
1481_0,-12.064170,-77.125146,1002,32219.6
1481_0,-12.064052,-77.125470,1003,32257.2
1481_0,-12.063940,-77.125775,1004,32292.6
1481_0,-12.063803,-77.126151,1005,32336.2
1481_0,-12.063768,-77.126248,1006,32347.5
1481_0,-12.063636,-77.126614,1007,32389.9
1481_0,-12.063284,-77.126744,1008,32431.5
1481_0,-12.062954,-77.126844,1009,32469.8
1481_0,-12.062745,-77.126909,1010,32494.1
1481_0,-12.062569,-77.126963,1011,32514.5
1481_0,-12.062502,-77.127152,1012,32536.4
1481_0,-12.062395,-77.127456,1013,32571.5
1481_0,-12.062196,-77.128024,1014,32637.1
1481_0,-12.062044,-77.128457,1015,32687.1
1481_0,-12.061889,-77.128898,1016,32738.1
1481_0,-12.061589,-77.129752,1017,32836.8
1481_0,-12.061261,-77.130697,1018,32945.8
1481_0,-12.060925,-77.131615,1019,33052.4
1481_0,-12.060878,-77.131744,1020,33067.4
1481_0,-12.060834,-77.131808,1021,33075.9
1481_0,-12.060792,-77.131844,1022,33082.0
1481_0,-12.060738,-77.131859,1023,33088.2
1481_0,-12.060694,-77.131868,1024,33093.2
1481_0,-12.060629,-77.131877,1025,33100.5
1481_0,-12.060581,-77.131883,1026,33105.8
1481_0,-12.060547,-77.132075,1027,33127.1
1481_0,-12.060548,-77.132140,1028,33134.1
1481_0,-12.060573,-77.132349,1029,33157.0
1481_0,-12.060574,-77.132361,1030,33158.3
1481_0,-12.060601,-77.132545,1031,33178.6
1481_0,-12.060622,-77.132601,1032,33185.1
1481_0,-12.060651,-77.132638,1033,33190.2
1481_0,-12.060691,-77.132668,1034,33195.8
1481_0,-12.060745,-77.132692,1035,33202.3
1481_0,-12.060782,-77.132718,1036,33207.3
1481_0,-12.060819,-77.132749,1037,33212.6
1481_0,-12.060847,-77.132814,1038,33220.3
1481_0,-12.060873,-77.132898,1039,33229.9
1481_0,-12.060957,-77.133221,1040,33266.3
1481_0,-12.061105,-77.133768,1041,33328.0
1481_0,-12.061150,-77.133951,1042,33348.5
1481_0,-12.061169,-77.134034,1043,33357.8
1481_0,-12.061185,-77.134104,1044,33365.6
1481_0,-12.061349,-77.134771,1045,33440.4
1481_0,-12.061473,-77.135278,1046,33497.2
1481_0,-12.061485,-77.135325,1047,33502.5
1481_0,-12.061506,-77.135403,1048,33511.3
1481_0,-12.061525,-77.135477,1049,33519.6
1481_0,-12.061826,-77.136648,1050,33651.3
1481_0,-12.061850,-77.136744,1051,33662.0
1481_0,-12.061868,-77.136809,1052,33669.4
1481_0,-12.061937,-77.137068,1053,33698.6
1481_0,-12.061984,-77.137244,1054,33718.4
1481_0,-12.062112,-77.137711,1055,33771.1
1481_0,-12.062146,-77.137845,1056,33786.2
1481_0,-12.062223,-77.138137,1057,33819.1
1481_0,-12.062251,-77.138241,1058,33830.8
1481_0,-12.062263,-77.138289,1059,33836.2
1481_0,-12.062362,-77.138665,1060,33878.5
1481_0,-12.062435,-77.138935,1061,33909.0
1481_0,-12.062552,-77.139386,1062,33959.7
1481_0,-12.062573,-77.139466,1063,33968.8
1481_0,-12.062589,-77.139525,1064,33975.4
1481_0,-12.062718,-77.140025,1065,34031.6
1481_0,-12.062752,-77.140155,1066,34046.3
1481_0,-12.062786,-77.140324,1067,34065.0
1481_0,-12.062824,-77.140463,1068,34080.7
1481_0,-12.062856,-77.140609,1069,34097.0
1481_0,-12.062890,-77.140758,1070,34113.6
1481_0,-12.062997,-77.141142,1071,34157.1
1481_0,-12.063007,-77.141192,1072,34162.6
1481_0,-12.063050,-77.141307,1073,34176.0
1481_0,-12.063078,-77.141403,1074,34186.9
1481_0,-12.063052,-77.141493,1075,34197.1
1481_0,-12.063046,-77.141517,1076,34199.8
1481_0,-12.063044,-77.141542,1077,34202.5
1481_0,-12.063051,-77.141611,1078,34210.1
1481_0,-12.063080,-77.141899,1079,34241.5
1481_0,-12.063095,-77.142042,1080,34257.2
1481_0,-12.063136,-77.142455,1081,34302.3
1481_0,-12.063139,-77.142522,1082,34309.6
1481_0,-12.063133,-77.142558,1083,34313.6
1481_0,-12.063121,-77.142603,1084,34318.7
1481_0,-12.062866,-77.142642,1085,34347.3
1481_0,-12.062671,-77.142671,1086,34369.2
1481_0,-12.062532,-77.142692,1087,34384.9
1481_0,-12.062445,-77.142706,1088,34394.7
1481_0,-12.062251,-77.142735,1089,34416.5
1481_0,-12.062163,-77.142748,1090,34426.3
1481_0,-12.062074,-77.142762,1091,34436.4
1481_0,-12.061972,-77.142778,1092,34447.8
1481_0,-12.061734,-77.142819,1093,34474.7
1481_0,-12.061065,-77.142936,1094,34550.1
1481_0,-12.060977,-77.142944,1095,34560.0
1481_0,-12.060860,-77.142941,1096,34573.0
1481_0,-12.060291,-77.142910,1097,34636.3
1481_0,-12.059996,-77.142886,1098,34669.2
1481_0,-12.059377,-77.142816,1099,34738.5
1481_0,-12.058348,-77.142684,1100,34853.8
1481_0,-12.058244,-77.142669,1101,34865.5
1481_0,-12.057905,-77.142620,1102,34903.6
1481_0,-12.057791,-77.142604,1103,34916.3
1481_0,-12.057679,-77.142588,1104,34928.9
1481_0,-12.057308,-77.142535,1105,34970.6
1481_0,-12.056532,-77.142401,1106,35058.1
1481_0,-12.056424,-77.142384,1107,35070.2
1481_0,-12.056256,-77.142346,1108,35089.4
1481_0,-12.056131,-77.142312,1109,35103.7
1481_0,-12.056035,-77.142277,1110,35115.1
1481_0,-12.055913,-77.142222,1111,35129.9
1481_0,-12.055797,-77.142164,1112,35144.3
1481_0,-12.055681,-77.142090,1113,35159.5
1481_0,-12.055581,-77.142018,1114,35173.1
1481_0,-12.055201,-77.141719,1115,35226.4
1481_0,-12.055112,-77.141648,1116,35238.9
1481_0,-12.055047,-77.141599,1117,35247.9
1481_0,-12.054930,-77.141498,1118,35264.9
1481_0,-12.054789,-77.141381,1119,35285.1
1481_0,-12.054432,-77.141088,1120,35336.0
1481_0,-12.054245,-77.140932,1121,35362.9
1481_0,-12.053837,-77.140590,1122,35421.5
1481_0,-12.053762,-77.140531,1123,35432.1
1481_0,-12.053700,-77.140481,1124,35440.8
1481_0,-12.053685,-77.140469,1125,35443.0
1481_0,-12.053594,-77.140396,1126,35455.8
1481_0,-12.053412,-77.140251,1127,35481.5
1481_0,-12.053352,-77.140204,1128,35489.9
1481_0,-12.053264,-77.140135,1129,35502.2
1481_0,-12.053177,-77.140068,1130,35514.3
1481_0,-12.053136,-77.140036,1131,35520.0
1481_0,-12.053060,-77.139977,1132,35530.7
1481_0,-12.052995,-77.139917,1133,35540.4
1481_0,-12.052951,-77.139874,1134,35547.2
1481_0,-12.052921,-77.139824,1135,35553.5
1481_0,-12.052903,-77.139758,1136,35561.0
1481_0,-12.052897,-77.139677,1137,35569.8
1481_0,-12.052870,-77.139144,1138,35627.9
1481_0,-12.052869,-77.139104,1139,35632.2
1481_0,-12.052864,-77.139011,1140,35642.3
1481_0,-12.052847,-77.138871,1141,35657.7
1481_0,-12.052828,-77.138801,1142,35665.6
1481_0,-12.052800,-77.138731,1143,35673.8
1481_0,-12.052761,-77.138663,1144,35682.4
1481_0,-12.052712,-77.138600,1145,35691.1
1481_0,-12.052656,-77.138547,1146,35699.6
1481_0,-12.052598,-77.138501,1147,35707.8
1481_0,-12.052534,-77.138464,1148,35716.0
1481_0,-12.052449,-77.138429,1149,35726.1
1481_0,-12.052363,-77.138410,1150,35735.9
1481_0,-12.052290,-77.138413,1151,35744.1
1481_0,-12.052215,-77.138427,1152,35752.5
1481_0,-12.052129,-77.138446,1153,35762.3
1481_0,-12.052041,-77.138460,1154,35772.2
1481_0,-12.051998,-77.138462,1155,35777.0
1481_0,-12.051953,-77.138456,1156,35782.0
1481_0,-12.051904,-77.138434,1157,35788.0
1481_0,-12.051873,-77.138406,1158,35792.6
1481_0,-12.051850,-77.138375,1159,35796.8
1481_0,-12.051828,-77.138337,1160,35801.6
1481_0,-12.051809,-77.138277,1161,35808.5
1481_0,-12.051801,-77.138207,1162,35816.2
1481_0,-12.051798,-77.138137,1163,35823.8
1481_0,-12.051787,-77.137871,1164,35852.7
1481_0,-12.051764,-77.137267,1165,35918.5
1481_0,-12.051743,-77.136753,1166,35974.4
1481_0,-12.051738,-77.136615,1167,35989.4
1481_0,-12.051727,-77.136345,1168,36018.8
1481_0,-12.051725,-77.136311,1169,36022.5
1481_0,-12.051722,-77.136231,1170,36031.2
1481_0,-12.051718,-77.136148,1171,36040.3
1481_0,-12.051705,-77.135814,1172,36076.6
1481_0,-12.051689,-77.135394,1173,36122.3
1481_0,-12.051685,-77.135307,1174,36131.8
1481_0,-12.051684,-77.135256,1175,36137.3
1481_0,-12.051660,-77.134788,1176,36188.3
1481_0,-12.051660,-77.134669,1177,36201.2
1481_0,-12.051671,-77.134589,1178,36210.0
1481_0,-12.051700,-77.134517,1179,36218.5
1481_0,-12.051757,-77.134491,1180,36225.4
1481_0,-12.051795,-77.134473,1181,36230.1
1481_0,-12.051875,-77.134407,1182,36241.5
1481_0,-12.051937,-77.134322,1183,36253.0
1481_0,-12.051976,-77.134223,1184,36264.6
1481_0,-12.051989,-77.134118,1185,36276.2
1481_0,-12.051983,-77.134047,1186,36283.9
1481_0,-12.051965,-77.133978,1187,36291.7
1481_0,-12.051937,-77.133914,1188,36299.3
1481_0,-12.051897,-77.133855,1189,36307.1
1481_0,-12.051845,-77.133800,1190,36315.4
1481_0,-12.051785,-77.133757,1191,36323.6
1481_0,-12.051717,-77.133725,1192,36331.9
1481_0,-12.051633,-77.133631,1193,36345.7
1481_0,-12.051593,-77.133582,1194,36352.7
1481_0,-12.051567,-77.133472,1195,36365.0
1481_0,-12.051550,-77.133311,1196,36382.6
1481_0,-12.051524,-77.132962,1197,36420.7
1481_0,-12.051507,-77.132748,1198,36444.0
1481_0,-12.051461,-77.132229,1199,36500.7
1481_0,-12.051437,-77.131975,1200,36528.4
1481_0,-12.051430,-77.131895,1201,36537.2
1481_0,-12.051424,-77.131830,1202,36544.3
1481_0,-12.051411,-77.131682,1203,36560.4
1481_0,-12.051404,-77.131616,1204,36567.6
1481_0,-12.051351,-77.131015,1205,36633.3
1481_0,-12.051344,-77.130934,1206,36642.1
1481_0,-12.051270,-77.130131,1207,36729.8
1481_0,-12.051260,-77.130016,1208,36742.4
1481_0,-12.051249,-77.129888,1209,36756.3
1481_0,-12.051242,-77.129807,1210,36765.2
1481_0,-12.051214,-77.129491,1211,36799.7
1481_0,-12.051155,-77.128774,1212,36877.9
1481_0,-12.051132,-77.128498,1213,36908.0
1481_0,-12.051108,-77.128214,1214,36939.0
1481_0,-12.051092,-77.128038,1215,36958.3
1481_0,-12.051033,-77.127377,1216,37030.4
1481_0,-12.050970,-77.126779,1217,37095.9
1481_0,-12.050963,-77.126664,1218,37108.4
1481_0,-12.050971,-77.126559,1219,37119.8
1481_0,-12.050985,-77.126484,1220,37128.1
1481_0,-12.050997,-77.126436,1221,37133.5
1481_0,-12.051020,-77.126371,1222,37141.0
1481_0,-12.051054,-77.126295,1223,37150.1
1481_0,-12.051092,-77.126229,1224,37158.5
1481_0,-12.051130,-77.126192,1225,37164.3
1481_0,-12.051162,-77.126150,1226,37170.1
1481_0,-12.051188,-77.126104,1227,37175.9
1481_0,-12.051223,-77.125998,1228,37188.0
1481_0,-12.051226,-77.125885,1229,37200.3
1481_0,-12.051207,-77.125798,1230,37210.0
1481_0,-12.051168,-77.125718,1231,37219.7
1481_0,-12.051113,-77.125648,1232,37229.5
1481_0,-12.051058,-77.125603,1233,37237.3
1481_0,-12.050996,-77.125569,1234,37245.2
1481_0,-12.050939,-77.125489,1235,37255.9
1481_0,-12.050895,-77.125422,1236,37264.7
1481_0,-12.050860,-77.125342,1237,37274.2
1481_0,-12.050846,-77.125301,1238,37278.9
1481_0,-12.050830,-77.125222,1239,37287.7
1481_0,-12.050820,-77.125142,1240,37296.5
1481_0,-12.050807,-77.124984,1241,37313.7
1481_0,-12.050763,-77.124479,1242,37368.9
1481_0,-12.050707,-77.123845,1243,37438.1
1481_0,-12.050681,-77.123542,1244,37471.2
1481_0,-12.050591,-77.122520,1245,37582.8
1481_0,-12.050523,-77.121744,1246,37667.5
1481_0,-12.050415,-77.120503,1247,37803.0
1481_0,-12.050408,-77.120420,1248,37812.0
1481_0,-12.050341,-77.119611,1249,37900.3
1481_0,-12.050331,-77.119540,1250,37908.1
1481_0,-12.050302,-77.119213,1251,37943.8
1481_0,-12.050281,-77.118969,1252,37970.5
1481_0,-12.050242,-77.118520,1253,38019.5
1481_0,-12.050229,-77.118375,1254,38035.3
1481_0,-12.050217,-77.118238,1255,38050.3
1481_0,-12.050185,-77.117875,1256,38089.9
1481_0,-12.050121,-77.117180,1257,38165.8
1481_0,-12.050101,-77.116984,1258,38187.2
1481_0,-12.050054,-77.116359,1259,38255.4
1481_0,-12.050008,-77.115813,1260,38315.0
1481_0,-12.049988,-77.115587,1261,38339.7
1481_0,-12.049965,-77.115325,1262,38368.3
1481_0,-12.049955,-77.115205,1263,38381.4
1481_0,-12.049941,-77.115051,1264,38398.2
1481_0,-12.049911,-77.114706,1265,38435.9
1481_0,-12.049882,-77.114381,1266,38471.4
1481_0,-12.049841,-77.113919,1267,38521.8
1481_0,-12.049828,-77.113772,1268,38537.9
1481_0,-12.049747,-77.112861,1269,38637.3
1481_0,-12.049710,-77.112441,1270,38683.2
1481_0,-12.049701,-77.112340,1271,38694.2
1481_0,-12.049661,-77.111889,1272,38743.5
1481_0,-12.049648,-77.111738,1273,38759.9
1481_0,-12.049612,-77.111336,1274,38803.8
1481_0,-12.049579,-77.110961,1275,38844.8
1481_0,-12.049573,-77.110896,1276,38851.9
1481_0,-12.049562,-77.110774,1277,38865.2
1481_0,-12.049521,-77.110315,1278,38915.3
1481_0,-12.049511,-77.110200,1279,38927.9
1481_0,-12.049497,-77.110036,1280,38945.8
1481_0,-12.049491,-77.109971,1281,38952.9
1481_0,-12.049440,-77.109389,1282,39016.4
1481_0,-12.049432,-77.109312,1283,39024.8
1481_0,-12.049425,-77.109231,1284,39033.7
1481_0,-12.049339,-77.109240,1285,39043.3
1481_0,-12.047830,-77.109384,1286,39211.8
1481_0,-12.046988,-77.109464,1287,39305.9
1481_0,-12.046916,-77.109469,1288,39313.9
1481_0,-12.046858,-77.109475,1289,39320.4
1481_0,-12.046421,-77.109517,1290,39369.2
1481_0,-12.046213,-77.109541,1291,39392.4
1481_0,-12.046094,-77.109534,1292,39405.7
1481_0,-12.045989,-77.109533,1293,39417.4
1481_0,-12.045926,-77.109523,1294,39424.5
1481_0,-12.045885,-77.109501,1295,39429.6
1481_0,-12.045849,-77.109465,1296,39435.2
1481_0,-12.045810,-77.109402,1297,39443.3
1481_0,-12.045763,-77.108957,1298,39492.0
1481_0,-12.045702,-77.108505,1299,39541.6
1481_0,-12.045645,-77.108075,1300,39588.8
1481_0,-12.045568,-77.107338,1301,39669.4
1481_0,-12.045585,-77.107348,1302,39671.6
1481_0,-12.045593,-77.107352,1303,39672.6
1481_0,-12.045621,-77.107359,1304,39675.8
1481_0,-12.045650,-77.107357,1305,39679.0
1481_0,-12.045661,-77.107354,1306,39680.3
1481_0,-12.045677,-77.107348,1307,39682.2
1481_0,-12.045701,-77.107331,1308,39685.4
1481_0,-12.045719,-77.107308,1309,39688.6
1481_0,-12.045731,-77.107276,1310,39692.3
1481_0,-12.045733,-77.107243,1311,39695.9
1481_0,-12.045725,-77.107211,1312,39699.5
1481_0,-12.045707,-77.107182,1313,39703.3
1481_0,-12.045682,-77.107161,1314,39706.9
1481_0,-12.045649,-77.107149,1315,39710.8
1481_0,-12.045634,-77.107149,1316,39712.4
1481_0,-12.045614,-77.107149,1317,39714.7
1481_0,-12.045581,-77.107160,1318,39718.5
1481_0,-12.045554,-77.107182,1319,39722.4
1481_0,-12.045535,-77.107211,1320,39726.2
1481_0,-12.044243,-77.107383,1321,39871.0
1481_0,-12.043820,-77.107429,1322,39918.3
1481_0,-12.043506,-77.107468,1323,39953.5
1481_0,-12.042698,-77.107568,1324,40044.0
1481_0,-12.042537,-77.107588,1325,40062.0
1481_0,-12.042358,-77.107617,1326,40082.2
1481_0,-12.042099,-77.107651,1327,40111.2
1481_0,-12.042088,-77.107536,1328,40123.8
1481_0,-12.041945,-77.106424,1329,40245.8
1481_0,-12.041938,-77.106374,1330,40251.2
1481_0,-12.041873,-77.105860,1331,40307.6
1481_1,-12.041811,-77.105380,0,0.0
1481_1,-12.041785,-77.105176,1,22.4
1481_1,-12.041675,-77.104348,2,113.2
1481_1,-12.042011,-77.104303,3,150.9
1481_1,-12.042276,-77.104272,4,180.6
1481_1,-12.042338,-77.104262,5,187.6
1481_1,-12.042546,-77.104239,6,210.8
1481_1,-12.042648,-77.104223,7,222.3
1481_1,-12.042810,-77.104197,8,240.5
1481_1,-12.042926,-77.104178,9,253.6
1481_1,-12.043211,-77.104137,10,285.6
1481_1,-12.043534,-77.104093,11,321.8
1481_1,-12.043618,-77.104080,12,331.3
1481_1,-12.044084,-77.104015,13,383.6
1481_1,-12.044236,-77.103994,14,400.6
1481_1,-12.044496,-77.103958,15,429.8
1481_1,-12.044905,-77.103901,16,475.7
1481_1,-12.044998,-77.103888,17,486.1
1481_1,-12.045428,-77.103819,18,534.5
1481_1,-12.045438,-77.104038,19,558.4
1481_1,-12.045440,-77.104099,20,565.0
1481_1,-12.045486,-77.104775,21,638.7
1481_1,-12.045795,-77.104742,22,673.3
1481_1,-12.045772,-77.104426,23,707.7
1481_1,-12.046246,-77.104385,24,760.6
1481_1,-12.046171,-77.103724,25,833.0
1481_1,-12.046499,-77.103686,26,869.7
1481_1,-12.046578,-77.104421,27,950.1
1481_1,-12.046867,-77.104390,28,982.4
1481_1,-12.046949,-77.104361,29,992.0
1481_1,-12.046972,-77.104331,30,996.2
1481_1,-12.046982,-77.104258,31,1004.2
1481_1,-12.046960,-77.104010,32,1031.3
1481_1,-12.047069,-77.104002,33,1043.4
1481_1,-12.047103,-77.103998,34,1047.2
1481_1,-12.048864,-77.103824,35,1244.0
1481_1,-12.048917,-77.104429,36,1310.0
1481_1,-12.048955,-77.104860,37,1357.1
1481_1,-12.048990,-77.105259,38,1400.7
1481_1,-12.049046,-77.105893,39,1469.9
1481_1,-12.049076,-77.106247,40,1508.5
1481_1,-12.049084,-77.106336,41,1518.2
1481_1,-12.049095,-77.106454,42,1531.1
1481_1,-12.049103,-77.106547,43,1541.3
1481_1,-12.049119,-77.106734,44,1561.7
1481_1,-12.049155,-77.107146,45,1606.7
1481_1,-12.049204,-77.107702,46,1667.4
1481_1,-12.049235,-77.108056,47,1706.0
1481_1,-12.049251,-77.108223,48,1724.3
1481_1,-12.049272,-77.108474,49,1751.7
1481_1,-12.049300,-77.108787,50,1785.8
1481_1,-12.049332,-77.109163,51,1826.9
1481_1,-12.049339,-77.109240,52,1835.3
1481_1,-12.049346,-77.109317,53,1843.7
1481_1,-12.049378,-77.109683,54,1883.7
1481_1,-12.049383,-77.109741,55,1890.0
1481_1,-12.049403,-77.109978,56,1915.9
1481_1,-12.049413,-77.110086,57,1927.7
1481_1,-12.049423,-77.110201,58,1940.2
1481_1,-12.049431,-77.110287,59,1949.6
1481_1,-12.049451,-77.110519,60,1974.9
1481_1,-12.049484,-77.110903,61,2016.9
1481_1,-12.049548,-77.111626,62,2095.8
1481_1,-12.049582,-77.112014,63,2138.2
1481_1,-12.049611,-77.112348,64,2174.6
1481_1,-12.049645,-77.112736,65,2217.0
1481_1,-12.049712,-77.113497,66,2300.1
1481_1,-12.049818,-77.114714,67,2433.0
1481_1,-12.049848,-77.115058,68,2470.5
1481_1,-12.049862,-77.115210,69,2487.1
1481_1,-12.049872,-77.115332,70,2500.4
1481_1,-12.049881,-77.115439,71,2512.1
1481_1,-12.049894,-77.115582,72,2527.7
1481_1,-12.049993,-77.116705,73,2650.3
1481_1,-12.050019,-77.116994,74,2681.9
1481_1,-12.050032,-77.117189,75,2703.1
1481_1,-12.050115,-77.118131,76,2806.0
1481_1,-12.050125,-77.118246,77,2818.6
1481_1,-12.050170,-77.118772,78,2876.0
1481_1,-12.050208,-77.119212,79,2924.0
1481_1,-12.050240,-77.119547,80,2960.6
1481_1,-12.050307,-77.120332,81,3046.3
1481_1,-12.050315,-77.120427,82,3056.7
1481_1,-12.050371,-77.121179,83,3138.7
1481_1,-12.050401,-77.121508,84,3174.6
1481_1,-12.050423,-77.121742,85,3200.2
1481_1,-12.050455,-77.122097,86,3238.9
1481_1,-12.050468,-77.122235,87,3254.0
1481_1,-12.050508,-77.122652,88,3299.6
1481_1,-12.050527,-77.122869,89,3323.3
1481_1,-12.050538,-77.122986,90,3336.1
1481_1,-12.050545,-77.123078,91,3346.1
1481_1,-12.050561,-77.123241,92,3363.9
1481_1,-12.050589,-77.123551,93,3397.8
1481_1,-12.050608,-77.123768,94,3421.5
1481_1,-12.050616,-77.123852,95,3430.6
1481_1,-12.050623,-77.123929,96,3439.0
1481_1,-12.050646,-77.124188,97,3467.3
1481_1,-12.050673,-77.124488,98,3500.1
1481_1,-12.050689,-77.124663,99,3519.2
1481_1,-12.050718,-77.124993,100,3555.2
1481_1,-12.050736,-77.125245,101,3582.7
1481_1,-12.050730,-77.125345,102,3593.6
1481_1,-12.050713,-77.125422,103,3602.2
1481_1,-12.050680,-77.125509,104,3612.3
1481_1,-12.050613,-77.125620,105,3626.5
1481_1,-12.050533,-77.125705,106,3639.3
1481_1,-12.050492,-77.125782,107,3648.9
1481_1,-12.050469,-77.125867,108,3658.5
1481_1,-12.050465,-77.125955,109,3668.0
1481_1,-12.050475,-77.126024,110,3675.6
1481_1,-12.050498,-77.126090,111,3683.3
1481_1,-12.050531,-77.126151,112,3690.8
1481_1,-12.050592,-77.126228,113,3701.6
1481_1,-12.050636,-77.126271,114,3708.4
1481_1,-12.050698,-77.126311,115,3716.5
1481_1,-12.050753,-77.126404,116,3728.3
1481_1,-12.050788,-77.126464,117,3735.9
1481_1,-12.050828,-77.126552,118,3746.5
1481_1,-12.050859,-77.126651,119,3757.8
1481_1,-12.050880,-77.126780,120,3772.0
1481_1,-12.050902,-77.127039,121,3800.3
1481_1,-12.050950,-77.127547,122,3855.8
1481_1,-12.050989,-77.128045,123,3910.1
1481_1,-12.051000,-77.128190,124,3925.9
1481_1,-12.051049,-77.128753,125,3987.4
1481_1,-12.051057,-77.128845,126,3997.4
1481_1,-12.051089,-77.129216,127,4037.9
1481_1,-12.051148,-77.129899,128,4112.5
1481_1,-12.051153,-77.129972,129,4120.5
1481_1,-12.051166,-77.130140,130,4138.8
1481_1,-12.051181,-77.130329,131,4159.4
1481_1,-12.051194,-77.130435,132,4171.0
1481_1,-12.051237,-77.130946,133,4226.8
1481_1,-12.051241,-77.130985,134,4231.1
1481_1,-12.051244,-77.131014,135,4234.2
1481_1,-12.051303,-77.131622,136,4300.7
1481_1,-12.051311,-77.131713,137,4310.6
1481_1,-12.051322,-77.131839,138,4324.4
1481_1,-12.051424,-77.132970,139,4447.9
1481_1,-12.051432,-77.133056,140,4457.3
1481_1,-12.051458,-77.133467,141,4502.1
1481_1,-12.051444,-77.133585,142,4515.0
1481_1,-12.051422,-77.133675,143,4525.1
1481_1,-12.051353,-77.133772,144,4538.1
1481_1,-12.051290,-77.133825,145,4547.2
1481_1,-12.051238,-77.133891,146,4556.4
1481_1,-12.051200,-77.133966,147,4565.6
1481_1,-12.051181,-77.134033,148,4573.2
1481_1,-12.051173,-77.134103,149,4580.8
1481_1,-12.051176,-77.134173,150,4588.5
1481_1,-12.051191,-77.134242,151,4596.2
1481_1,-12.051217,-77.134307,152,4603.8
1481_1,-12.051253,-77.134366,153,4611.4
1481_1,-12.051319,-77.134438,154,4622.1
1481_1,-12.051400,-77.134492,155,4632.8
1481_1,-12.051492,-77.134525,156,4643.7
1481_1,-12.051537,-77.134603,157,4653.5
1481_1,-12.051559,-77.134674,158,4661.6
1481_1,-12.051574,-77.134792,159,4674.6
1481_1,-12.051578,-77.134887,160,4684.9
1481_1,-12.051592,-77.135270,161,4726.6
1481_1,-12.051595,-77.135344,162,4734.6
1481_1,-12.051598,-77.135411,163,4741.9
1481_1,-12.051627,-77.136154,164,4822.8
1481_1,-12.051631,-77.136251,165,4833.3
1481_1,-12.051634,-77.136349,166,4844.0
1481_1,-12.051667,-77.137197,167,4936.3
1481_1,-12.051670,-77.137278,168,4945.1
1481_1,-12.051673,-77.137355,169,4953.5
1481_1,-12.051681,-77.137569,170,4976.8
1481_1,-12.051691,-77.137839,171,5006.2
1481_1,-12.051707,-77.138209,172,5046.4
1481_1,-12.051711,-77.138355,173,5062.3
1481_1,-12.051715,-77.138442,174,5071.8
1481_1,-12.051724,-77.138648,175,5094.2
1481_1,-12.051733,-77.138889,176,5120.4
1481_1,-12.051722,-77.139005,177,5133.1
1481_1,-12.051722,-77.139114,178,5145.0
1481_1,-12.051728,-77.139216,179,5156.1
1481_1,-12.051746,-77.139329,180,5168.5
1481_1,-12.051776,-77.139408,181,5177.7
1481_1,-12.051813,-77.139487,182,5187.3
1481_1,-12.051866,-77.139562,183,5197.3
1481_1,-12.051922,-77.139618,184,5206.0
1481_1,-12.051978,-77.139665,185,5214.1
1481_1,-12.052046,-77.139708,186,5223.0
1481_1,-12.052123,-77.139746,187,5232.5
1481_1,-12.052204,-77.139767,188,5241.8
1481_1,-12.052250,-77.139774,189,5247.0
1481_1,-12.052308,-77.139778,190,5253.4
1481_1,-12.052333,-77.139777,191,5256.2
1481_1,-12.052416,-77.139788,192,5265.5
1481_1,-12.052495,-77.139801,193,5274.4
1481_1,-12.052571,-77.139826,194,5283.3
1481_1,-12.052679,-77.139885,195,5296.9
1481_1,-12.052811,-77.139975,196,5314.5
1481_1,-12.052971,-77.140096,197,5336.7
1481_1,-12.053042,-77.140155,198,5346.8
1481_1,-12.053590,-77.140613,199,5425.5
1481_1,-12.053654,-77.140666,200,5434.7
1481_1,-12.053722,-77.140721,201,5444.3
1481_1,-12.054332,-77.141211,202,5530.6
1481_1,-12.054955,-77.141717,203,5619.1
1481_1,-12.055016,-77.141771,204,5628.0
1481_1,-12.055099,-77.141840,205,5639.9
1481_1,-12.055626,-77.142271,206,5715.0
1481_1,-12.055789,-77.142341,207,5734.6
1481_1,-12.055854,-77.142370,208,5742.5
1481_1,-12.055990,-77.142422,209,5758.7
1481_1,-12.056083,-77.142452,210,5769.5
1481_1,-12.056228,-77.142491,211,5786.2
1481_1,-12.056396,-77.142524,212,5805.2
1481_1,-12.056442,-77.142532,213,5810.4
1481_1,-12.056511,-77.142544,214,5818.2
1481_1,-12.057659,-77.142720,215,5947.2
1481_1,-12.057770,-77.142738,216,5959.7
1481_1,-12.057885,-77.142756,217,5972.7
1481_1,-12.058225,-77.142810,218,6010.9
1481_1,-12.058333,-77.142827,219,6023.1
1481_1,-12.059266,-77.142961,220,6127.8
1481_1,-12.059337,-77.142969,221,6135.8
1481_1,-12.059669,-77.143001,222,6172.9
1481_1,-12.060285,-77.143055,223,6241.6
1481_1,-12.060869,-77.143078,224,6306.6
1481_1,-12.060995,-77.143075,225,6320.6
1481_1,-12.061088,-77.143065,226,6331.0
1481_1,-12.061168,-77.143055,227,6340.0
1481_1,-12.061529,-77.142995,228,6380.6
1481_1,-12.061953,-77.142917,229,6428.6
1481_1,-12.061992,-77.142911,230,6432.9
1481_1,-12.062093,-77.142896,231,6444.3
1481_1,-12.062184,-77.142882,232,6454.5
1481_1,-12.062837,-77.142792,233,6527.8
1481_1,-12.062913,-77.142782,234,6536.3
1481_1,-12.063173,-77.142746,235,6565.5
1481_1,-12.063446,-77.142692,236,6596.4
1481_1,-12.063495,-77.142681,237,6602.0
1481_1,-12.063584,-77.142660,238,6612.1
1481_1,-12.063542,-77.142514,239,6628.7
1481_1,-12.063519,-77.142438,240,6637.3
1481_1,-12.063490,-77.142325,241,6650.0
1481_1,-12.063433,-77.142109,242,6674.4
1481_1,-12.063203,-77.141297,243,6766.3
1481_1,-12.063170,-77.141189,244,6778.6
1481_1,-12.063148,-77.141129,245,6785.6
1481_1,-12.063077,-77.140874,246,6814.4
1481_1,-12.063022,-77.140667,247,6837.7
1481_1,-12.062937,-77.140321,248,6876.5
1481_1,-12.062898,-77.140169,249,6893.6
1481_1,-12.062822,-77.139885,250,6925.6
1481_1,-12.062780,-77.139725,251,6943.6
1481_1,-12.062753,-77.139635,252,6953.9
1481_1,-12.062723,-77.139518,253,6967.0
1481_1,-12.062714,-77.139444,254,6975.1
1481_1,-12.062706,-77.139362,255,6984.1
1481_1,-12.062417,-77.138271,256,7107.0
1481_1,-12.062404,-77.138222,257,7112.5
1481_1,-12.062373,-77.138106,258,7125.6
1481_1,-12.062024,-77.136789,259,7274.0
1481_1,-12.062006,-77.136721,260,7281.6
1481_1,-12.061980,-77.136623,261,7292.7
1481_1,-12.061679,-77.135486,262,7420.8
1481_1,-12.061670,-77.135454,263,7424.4
1481_1,-12.061648,-77.135372,264,7433.6
1481_1,-12.061630,-77.135302,265,7441.5
1481_1,-12.061425,-77.134510,266,7530.6
1481_1,-12.061318,-77.134082,267,7578.6
1481_1,-12.061300,-77.134011,268,7586.6
1481_1,-12.061278,-77.133923,269,7596.5
1481_1,-12.061274,-77.133907,270,7598.3
1481_1,-12.061238,-77.133762,271,7614.5
1481_1,-12.061199,-77.133604,272,7632.3
1481_1,-12.061190,-77.133570,273,7636.1
1481_1,-12.061204,-77.133529,274,7640.8
1481_1,-12.061245,-77.133413,275,7654.2
1481_1,-12.061276,-77.133331,276,7663.8
1481_1,-12.061321,-77.133206,277,7678.3
1481_1,-12.061579,-77.132519,278,7758.3
1481_1,-12.061846,-77.131750,279,7847.0
1481_1,-12.062109,-77.130991,280,7934.6
1481_1,-12.062359,-77.130274,281,8017.4
1481_1,-12.062440,-77.130043,282,8044.0
1481_1,-12.062728,-77.129202,283,8140.9
1481_1,-12.062884,-77.128765,284,8191.5
1481_1,-12.063039,-77.128330,285,8241.9
1481_1,-12.063353,-77.127450,286,8343.7
1481_1,-12.063441,-77.127231,287,8369.5
1481_1,-12.063467,-77.127166,288,8377.1
1481_1,-12.063592,-77.126852,289,8414.0
1481_1,-12.063686,-77.126736,290,8430.4
1481_1,-12.063706,-77.126679,291,8436.9
1481_1,-12.063745,-77.126568,292,8449.8
1481_1,-12.063803,-77.126407,293,8468.4
1481_1,-12.063887,-77.126178,294,8495.0
1481_1,-12.064024,-77.125801,295,8538.8
1481_1,-12.064135,-77.125499,296,8573.8
1481_1,-12.064251,-77.125177,297,8611.2
1481_1,-12.064291,-77.125067,298,8623.9
1481_1,-12.064318,-77.124995,299,8632.3
1481_1,-12.064510,-77.124467,300,8693.6
1481_1,-12.064639,-77.124114,301,8734.5
1481_1,-12.064758,-77.123775,302,8773.7
1481_1,-12.064898,-77.123403,303,8817.0
1481_1,-12.064919,-77.123344,304,8823.9
1481_1,-12.064947,-77.123268,305,8832.7
1481_1,-12.065246,-77.122505,306,8922.1
1481_1,-12.065301,-77.122356,307,8939.4
1481_1,-12.065335,-77.122272,308,8949.3
1481_1,-12.065356,-77.122218,309,8955.6
1481_1,-12.065396,-77.122118,310,8967.4
1481_1,-12.065599,-77.121669,311,9021.1
1481_1,-12.065691,-77.121481,312,9044.0
1481_1,-12.065768,-77.121356,313,9060.1
1481_1,-12.065752,-77.121266,314,9070.0
1481_1,-12.065738,-77.121188,315,9078.6
1481_1,-12.065719,-77.121083,316,9090.3
1481_1,-12.065610,-77.120474,317,9157.6
1481_1,-12.065572,-77.120286,318,9178.4
1481_1,-12.065540,-77.120108,319,9198.1
1481_1,-12.065531,-77.120008,320,9209.0
1481_1,-12.065539,-77.119947,321,9215.7
1481_1,-12.065551,-77.119904,322,9220.6
1481_1,-12.065576,-77.119836,323,9228.5
1481_1,-12.065614,-77.119754,324,9238.4
1481_1,-12.065673,-77.119670,325,9249.6
1481_1,-12.065717,-77.119616,326,9257.3
1481_1,-12.065792,-77.119467,327,9275.5
1481_1,-12.065817,-77.119395,328,9283.8
1481_1,-12.065839,-77.119285,329,9296.0
1481_1,-12.065842,-77.119141,330,9311.7
1481_1,-12.065837,-77.119100,331,9316.2
1481_1,-12.065828,-77.119064,332,9320.2
1481_1,-12.065788,-77.118999,333,9328.5
1481_1,-12.065738,-77.118927,334,9338.1
1481_1,-12.065664,-77.118860,335,9349.1
1481_1,-12.065576,-77.118806,336,9360.5
1481_1,-12.065485,-77.118773,337,9371.3
1481_1,-12.065475,-77.118770,338,9372.4
1481_1,-12.065415,-77.118758,339,9379.2
1481_1,-12.065393,-77.118737,340,9382.6
1481_1,-12.065361,-77.118705,341,9387.6
1481_1,-12.065301,-77.118629,342,9398.2
1481_1,-12.065271,-77.118528,343,9409.7
1481_1,-12.065251,-77.118432,344,9420.3
1481_1,-12.065204,-77.118157,345,9450.7
1481_1,-12.065101,-77.117550,346,9517.7
1481_1,-12.065009,-77.117016,347,9576.6
1481_1,-12.064962,-77.116739,348,9607.2
1481_1,-12.064814,-77.115875,349,9702.6
1481_1,-12.064761,-77.115563,350,9737.0
1481_1,-12.064579,-77.114551,351,9848.9
1481_1,-12.064424,-77.113678,352,9945.4
1481_1,-12.064243,-77.112649,353,10059.1
1481_1,-12.064162,-77.112151,354,10114.0
1481_1,-12.063597,-77.108928,355,10470.0
1481_1,-12.063588,-77.108869,356,10476.5
1481_1,-12.063563,-77.108706,357,10494.5
1481_1,-12.063541,-77.108562,358,10510.3
1481_1,-12.063518,-77.108408,359,10527.3
1481_1,-12.063406,-77.107534,360,10623.1
1481_1,-12.063391,-77.107463,361,10631.0
1481_1,-12.063324,-77.107208,362,10659.7
1481_1,-12.063314,-77.107162,363,10664.8
1481_1,-12.063306,-77.107107,364,10670.9
1481_1,-12.063305,-77.107032,365,10679.0
1481_1,-12.063318,-77.106423,366,10745.3
1481_1,-12.063320,-77.106324,367,10756.1
1481_1,-12.063334,-77.105981,368,10793.4
1481_1,-12.063332,-77.105820,369,10810.9
1481_1,-12.063269,-77.104893,370,10911.9
1481_1,-12.063265,-77.104832,371,10918.6
1481_1,-12.063261,-77.104725,372,10930.2
1481_1,-12.063276,-77.104656,373,10937.9
1481_1,-12.063291,-77.104591,374,10945.2
1481_1,-12.063301,-77.104445,375,10961.1
1481_1,-12.063290,-77.104286,376,10978.4
1481_1,-12.062999,-77.101235,377,11311.8
1481_1,-12.062973,-77.101022,378,11335.1
1481_1,-12.062696,-77.098279,379,11635.0
1481_1,-12.062666,-77.098054,380,11659.7
1481_1,-12.062627,-77.097779,381,11689.9
1481_1,-12.062563,-77.097351,382,11737.0
1481_1,-12.062546,-77.097242,383,11749.0
1481_1,-12.062531,-77.097152,384,11758.9
1481_1,-12.062522,-77.097095,385,11765.2
1481_1,-12.062512,-77.097039,386,11771.4
1481_1,-12.062499,-77.096952,387,11780.9
1481_1,-12.062435,-77.096541,388,11826.2
1481_1,-12.062420,-77.096440,389,11837.3
1481_1,-12.062404,-77.096359,390,11846.3
1481_1,-12.062374,-77.096214,391,11862.4
1481_1,-12.062365,-77.096073,392,11877.8
1481_1,-12.062362,-77.096018,393,11883.7
1481_1,-12.062355,-77.095944,394,11891.8
1481_1,-12.062343,-77.095809,395,11906.6
1481_1,-12.062248,-77.094826,396,12014.0
1481_1,-12.062242,-77.094754,397,12021.8
1481_1,-12.062229,-77.094626,398,12035.8
1481_1,-12.062142,-77.093704,399,12136.6
1481_1,-12.062110,-77.093359,400,12174.2
1481_1,-12.062093,-77.093175,401,12194.3
1481_1,-12.062035,-77.092577,402,12259.7
1481_1,-12.062022,-77.092435,403,12275.2
1481_1,-12.061956,-77.091772,404,12347.7
1481_1,-12.061946,-77.091660,405,12359.9
1481_1,-12.061935,-77.091550,406,12371.9
1481_1,-12.061930,-77.091490,407,12378.5
1481_1,-12.061923,-77.091417,408,12386.4
1481_1,-12.061806,-77.090160,409,12523.7
1481_1,-12.061777,-77.089846,410,12558.0
1481_1,-12.061752,-77.089580,411,12587.1
1481_1,-12.061744,-77.089486,412,12597.4
1481_1,-12.061664,-77.088691,413,12684.3
1481_1,-12.061659,-77.088646,414,12689.2
1481_1,-12.061646,-77.088514,415,12703.6
1481_1,-12.061624,-77.088297,416,12727.3
1481_1,-12.061583,-77.087840,417,12777.2
1481_1,-12.061519,-77.087191,418,12848.2
1481_1,-12.061477,-77.086754,419,12895.9
1481_1,-12.061450,-77.086535,420,12919.9
1481_1,-12.061434,-77.086418,421,12932.8
1481_1,-12.061398,-77.086186,422,12958.3
1481_1,-12.061383,-77.086087,423,12969.2
1481_1,-12.061369,-77.085999,424,12978.9
1481_1,-12.061345,-77.085846,425,12995.7
1481_1,-12.061222,-77.085063,426,13082.0
1481_1,-12.061246,-77.084979,427,13091.5
1481_1,-12.061269,-77.084785,428,13112.7
1481_1,-12.061291,-77.084627,429,13130.1
1481_1,-12.061295,-77.084586,430,13134.6
1481_1,-12.061295,-77.084553,431,13138.2
1481_1,-12.061286,-77.084445,432,13150.0
1481_1,-12.061242,-77.084030,433,13195.3
1481_1,-12.061098,-77.082789,434,13331.2
1481_1,-12.061092,-77.082735,435,13337.2
1481_1,-12.061079,-77.082635,436,13348.1
1481_1,-12.061074,-77.082597,437,13352.3
1481_1,-12.061045,-77.082322,438,13382.4
1481_1,-12.061022,-77.082084,439,13408.4
1481_1,-12.060990,-77.081896,440,13429.1
1481_1,-12.060946,-77.081631,441,13458.4
1481_1,-12.060938,-77.081583,442,13463.6
1481_1,-12.060922,-77.081511,443,13471.7
1481_1,-12.060864,-77.081247,444,13501.1
1481_1,-12.060851,-77.081186,445,13507.9
1481_1,-12.060662,-77.080323,446,13604.1
1481_1,-12.060608,-77.079809,447,13660.3
1481_1,-12.060605,-77.079768,448,13664.7
1481_1,-12.060602,-77.079708,449,13671.3
1481_1,-12.060601,-77.079675,450,13674.9
1481_1,-12.060603,-77.079639,451,13678.8
1481_1,-12.060606,-77.079613,452,13681.6
1481_1,-12.060612,-77.079579,453,13685.4
1481_1,-12.060621,-77.079549,454,13688.8
1481_1,-12.060633,-77.079517,455,13692.5
1481_1,-12.060650,-77.079481,456,13696.9
1481_1,-12.060670,-77.079447,457,13701.2
1481_1,-12.060693,-77.079416,458,13705.4
1481_1,-12.060722,-77.079382,459,13710.3
1481_1,-12.060749,-77.079353,460,13714.7
1481_1,-12.060781,-77.079324,461,13719.4
1481_1,-12.060810,-77.079299,462,13723.7
1481_1,-12.060845,-77.079270,463,13728.7
1481_1,-12.060876,-77.079248,464,13732.9
1481_1,-12.060935,-77.079210,465,13740.6
1481_1,-12.061004,-77.079166,466,13749.7
1481_1,-12.061100,-77.079104,467,13762.3
1481_1,-12.061244,-77.079072,468,13778.7
1481_1,-12.061340,-77.079053,469,13789.5
1481_1,-12.061724,-77.078953,470,13833.6
1481_1,-12.061837,-77.078923,471,13846.6
1481_1,-12.062044,-77.078869,472,13870.3
1481_1,-12.062135,-77.078846,473,13880.8
1481_1,-12.062231,-77.078822,474,13891.7
1481_1,-12.062618,-77.078724,475,13936.1
1481_1,-12.062858,-77.078658,476,13963.7
1481_1,-12.063702,-77.078454,477,14060.1
1481_1,-12.064148,-77.078346,478,14111.1
1481_1,-12.064202,-77.078335,479,14117.2
1481_1,-12.064256,-77.078323,480,14123.4
1481_1,-12.064231,-77.078239,481,14132.9
1481_1,-12.064204,-77.078164,482,14141.6
1481_1,-12.064178,-77.078070,483,14152.2
1481_1,-12.064116,-77.077821,484,14180.2
1481_1,-12.064065,-77.077615,485,14203.3
1481_1,-12.064028,-77.077450,486,14221.7
1481_1,-12.063814,-77.076509,487,14326.7
1481_1,-12.063788,-77.076396,488,14339.4
1481_1,-12.063730,-77.076139,489,14368.1
1481_1,-12.063713,-77.076062,490,14376.6
1481_1,-12.063620,-77.075693,491,14418.1
1481_1,-12.063582,-77.075541,492,14435.1
1481_1,-12.063447,-77.075008,493,14495.0
1481_1,-12.063427,-77.074928,494,14504.0
1481_1,-12.063414,-77.074859,495,14511.6
1481_1,-12.063372,-77.074689,496,14530.7
1481_1,-12.063288,-77.074349,497,14568.8
1481_1,-12.063279,-77.074300,498,14574.2
1481_1,-12.063254,-77.074167,499,14589.0
1481_1,-12.063236,-77.074015,500,14605.6
1481_1,-12.063226,-77.073883,501,14620.0
1481_1,-12.063220,-77.073724,502,14637.3
1481_1,-12.063222,-77.073599,503,14650.9
1481_1,-12.063231,-77.073531,504,14658.4
1481_1,-12.063240,-77.073473,505,14664.8
1481_1,-12.063298,-77.073096,506,14706.3
1481_1,-12.063316,-77.073002,507,14716.7
1481_1,-12.063350,-77.072878,508,14730.7
1481_1,-12.063481,-77.072521,509,14772.1
1481_1,-12.063580,-77.072316,510,14797.0
1481_1,-12.063752,-77.072026,511,14833.9
1481_1,-12.063780,-77.071992,512,14838.7
1481_1,-12.064009,-77.071710,513,14878.6
1481_1,-12.064037,-77.071677,514,14883.3
1481_1,-12.064260,-77.071412,515,14921.3
1481_1,-12.064306,-77.071357,516,14929.2
1481_1,-12.064382,-77.071264,517,14942.4
1481_1,-12.064329,-77.071221,518,14949.9
1481_1,-12.064052,-77.070994,519,14989.4
1481_1,-12.063750,-77.070747,520,15032.4
1481_1,-12.063721,-77.070722,521,15036.6
1481_1,-12.063676,-77.070685,522,15043.0
1481_1,-12.063666,-77.070676,523,15044.5
1481_1,-12.063611,-77.070630,524,15052.4
1481_1,-12.063503,-77.070539,525,15068.0
1481_1,-12.063448,-77.070492,526,15075.9
1481_1,-12.063394,-77.070446,527,15083.8
1481_1,-12.063269,-77.070340,528,15101.8
1481_1,-12.063098,-77.070178,529,15127.7
1481_1,-12.062956,-77.070030,530,15150.3
1481_1,-12.062942,-77.070016,531,15152.5
1481_1,-12.062821,-77.069863,532,15173.8
1481_1,-12.062737,-77.069745,533,15189.7
1481_1,-12.062574,-77.069492,534,15222.7
1481_1,-12.062471,-77.069310,535,15245.5
1481_1,-12.062384,-77.069130,536,15267.4
1481_1,-12.062352,-77.069052,537,15276.6
1481_1,-12.062311,-77.068945,538,15289.1
1481_1,-12.062276,-77.068849,539,15300.2
1481_1,-12.062224,-77.068690,540,15318.4
1481_1,-12.062178,-77.068521,541,15337.5
1481_1,-12.062142,-77.068352,542,15356.3
1481_1,-12.062117,-77.068193,543,15373.8
1481_1,-12.062095,-77.067992,544,15395.8
1481_1,-12.062085,-77.067833,545,15413.1
1481_1,-12.062086,-77.067677,546,15430.1
1481_1,-12.062096,-77.067431,547,15456.9
1481_1,-12.062121,-77.067184,548,15483.9
1481_1,-12.062154,-77.066972,549,15507.2
1481_1,-12.062190,-77.066793,550,15527.1
1481_1,-12.062195,-77.066762,551,15530.5
1481_1,-12.062210,-77.066680,552,15539.6
1481_1,-12.062233,-77.066558,553,15553.1
1481_1,-12.062246,-77.066483,554,15561.4
1481_1,-12.062289,-77.066242,555,15588.0
1481_1,-12.062380,-77.065732,556,15644.4
1481_1,-12.062410,-77.065563,557,15663.1
1481_1,-12.062422,-77.065498,558,15670.3
1481_1,-12.062473,-77.065213,559,15701.8
1481_1,-12.062496,-77.065083,560,15716.1
1481_1,-12.062562,-77.064711,561,15757.2
1481_1,-12.062606,-77.064475,562,15783.4
1481_1,-12.062649,-77.064242,563,15809.2
1481_1,-12.062796,-77.063396,564,15902.6
1481_1,-12.062801,-77.063370,565,15905.5
1481_1,-12.062805,-77.063352,566,15907.5
1481_1,-12.062811,-77.063320,567,15911.0
1481_1,-12.062833,-77.063192,568,15925.2
1481_1,-12.062838,-77.063166,569,15928.0
1481_1,-12.062848,-77.063107,570,15934.5
1481_1,-12.062859,-77.063046,571,15941.3
1481_1,-12.062943,-77.062566,572,15994.3
1481_1,-12.062947,-77.062542,573,15997.0
1481_1,-12.062954,-77.062504,574,16001.2
1481_1,-12.062979,-77.062356,575,16017.5
1481_1,-12.063013,-77.062163,576,16038.8
1481_1,-12.063094,-77.061698,577,16090.2
1481_1,-12.063159,-77.061313,578,16132.7
1481_1,-12.063181,-77.061200,579,16145.2
1481_1,-12.063228,-77.060958,580,16172.0
1481_1,-12.063269,-77.060793,581,16190.5
1481_1,-12.063312,-77.060658,582,16206.0
1481_1,-12.063395,-77.060424,583,16233.0
1481_1,-12.063473,-77.060202,584,16258.7
1481_1,-12.063545,-77.059996,585,16282.5
1481_1,-12.063551,-77.059978,586,16284.5
1481_1,-12.063583,-77.059888,587,16295.0
1481_1,-12.063614,-77.059792,588,16306.0
1481_1,-12.063518,-77.059757,589,16317.3
1481_1,-12.063449,-77.059733,590,16325.4
1481_1,-12.062569,-77.059438,591,16428.4
1481_1,-12.062153,-77.059299,592,16477.0
1481_1,-12.061216,-77.058998,593,16586.2
1481_1,-12.061148,-77.058976,594,16594.2
1481_1,-12.061063,-77.058950,595,16604.0
1481_1,-12.061034,-77.058942,596,16607.4
1481_1,-12.061016,-77.058937,597,16609.5
1481_1,-12.060703,-77.058848,598,16645.6
1481_1,-12.059894,-77.058631,599,16738.6
1481_1,-12.059821,-77.058611,600,16747.0
1481_1,-12.059696,-77.058581,601,16761.3
1481_1,-12.059606,-77.058566,602,16771.4
1481_1,-12.059277,-77.058523,603,16808.3
1481_1,-12.059135,-77.058511,604,16824.1
1481_1,-12.058986,-77.058486,605,16840.9
1481_1,-12.058895,-77.058476,606,16851.1
1481_1,-12.058829,-77.058463,607,16858.6
1481_1,-12.058663,-77.058422,608,16877.5
1481_1,-12.058444,-77.058352,609,16903.1
1481_1,-12.058212,-77.058263,610,16930.6
1481_1,-12.058102,-77.058222,611,16943.6
1481_1,-12.058045,-77.058174,612,16951.8
1481_1,-12.057978,-77.058134,613,16960.5
1481_1,-12.057880,-77.058083,614,16972.7
1481_1,-12.057779,-77.058039,615,16984.9
1481_1,-12.057699,-77.058010,616,16994.3
1481_1,-12.057615,-77.057982,617,17004.2
1481_1,-12.057505,-77.057950,618,17016.9
1481_1,-12.057379,-77.057912,619,17031.5
1481_1,-12.057265,-77.057880,620,17044.6
1481_1,-12.057145,-77.057848,621,17058.4
1481_1,-12.056985,-77.057808,622,17076.7
1481_1,-12.056824,-77.057770,623,17095.1
1481_1,-12.056597,-77.057719,624,17121.0
1481_1,-12.055896,-77.057563,625,17200.7
1481_1,-12.055838,-77.057547,626,17207.4
1481_1,-12.055776,-77.057528,627,17214.6
1481_1,-12.055707,-77.057504,628,17222.7
1481_1,-12.055642,-77.057481,629,17230.4
1481_1,-12.055572,-77.057447,630,17239.0
1481_1,-12.055486,-77.057404,631,17249.6
1481_1,-12.055442,-77.057381,632,17255.1
1481_1,-12.055401,-77.057359,633,17260.3
1481_1,-12.054615,-77.056809,634,17366.2
1481_1,-12.054569,-77.056252,635,17427.0
1481_1,-12.054532,-77.055794,636,17476.9
1481_1,-12.054488,-77.055260,637,17535.2
1481_1,-12.054443,-77.054705,638,17595.8
1481_1,-12.054399,-77.054160,639,17655.2
1481_1,-12.054381,-77.053941,640,17679.1
1481_1,-12.054333,-77.053289,641,17750.2
1481_1,-12.054275,-77.052584,642,17827.2
1481_1,-12.054221,-77.051926,643,17899.0
1481_1,-12.054160,-77.051239,644,17974.0
1481_1,-12.054105,-77.050617,645,18041.9
1481_1,-12.054058,-77.049968,646,18112.7
1481_1,-12.054052,-77.049892,647,18121.0
1481_1,-12.054008,-77.049354,648,18179.7
1481_1,-12.053997,-77.049213,649,18195.0
1481_1,-12.053967,-77.048841,650,18235.6
1481_1,-12.053957,-77.048719,651,18248.9
1481_1,-12.053945,-77.048572,652,18265.0
1481_1,-12.053940,-77.048508,653,18272.0
1481_1,-12.053882,-77.047788,654,18350.5
1481_1,-12.053831,-77.047149,655,18420.2
1481_1,-12.053826,-77.047092,656,18426.5
1481_1,-12.053818,-77.046983,657,18438.4
1481_1,-12.053790,-77.046634,658,18476.4
1481_1,-12.053767,-77.046381,659,18504.1
1481_1,-12.053737,-77.045986,660,18547.2
1481_1,-12.053727,-77.045854,661,18561.5
1481_1,-12.053718,-77.045740,662,18574.0
1481_1,-12.053668,-77.045118,663,18641.9
1481_1,-12.053617,-77.044495,664,18709.8
1481_1,-12.053611,-77.044411,665,18719.0
1481_1,-12.053596,-77.044223,666,18739.5
1481_1,-12.053568,-77.043886,667,18776.3
1481_1,-12.053522,-77.043302,668,18840.0
1481_1,-12.053493,-77.042945,669,18879.0
1481_1,-12.053440,-77.042287,670,18950.7
1481_1,-12.054179,-77.042228,671,19033.2
1481_1,-12.054298,-77.042219,672,19046.4
1481_1,-12.054413,-77.042210,673,19059.3
1481_1,-12.054504,-77.042203,674,19069.4
1481_1,-12.054649,-77.042188,675,19085.6
1481_1,-12.055404,-77.042121,676,19169.9
1481_1,-12.055820,-77.042081,677,19216.3
1481_1,-12.056098,-77.042055,678,19247.4
1481_1,-12.056150,-77.042050,679,19253.2
1481_1,-12.056241,-77.042040,680,19263.4
1481_1,-12.056347,-77.042029,681,19275.2
1481_1,-12.056744,-77.041998,682,19319.5
1481_1,-12.057171,-77.041964,683,19367.1
1481_1,-12.057636,-77.041922,684,19419.0
1481_1,-12.057953,-77.041895,685,19454.4
1481_1,-12.057996,-77.041892,686,19459.2
1481_1,-12.058074,-77.041885,687,19467.9
1481_1,-12.058195,-77.041829,688,19482.7
1481_1,-12.058317,-77.041777,689,19497.4
1481_1,-12.059484,-77.041672,690,19627.6
1481_1,-12.059553,-77.041670,691,19635.3
1481_1,-12.059613,-77.041672,692,19642.0
1481_1,-12.059723,-77.041726,693,19655.5
1481_1,-12.059757,-77.041808,694,19665.2
1481_1,-12.059803,-77.041883,695,19674.9
1481_1,-12.059861,-77.041950,696,19684.6
1481_1,-12.059902,-77.041985,697,19690.5
1481_1,-12.059928,-77.042007,698,19694.3
1481_1,-12.060004,-77.042051,699,19704.0
1481_1,-12.060068,-77.042078,700,19711.7
1481_1,-12.060087,-77.042083,701,19713.9
1481_1,-12.060136,-77.042096,702,19719.5
1481_1,-12.060185,-77.042103,703,19725.0
1481_1,-12.060214,-77.042105,704,19728.2
1481_1,-12.060293,-77.042102,705,19737.0
1481_1,-12.060370,-77.042089,706,19745.7
1481_1,-12.060445,-77.042063,707,19754.5
1481_1,-12.060515,-77.042027,708,19763.2
1481_1,-12.060580,-77.041981,709,19772.0
1481_1,-12.060643,-77.041919,710,19781.7
1481_1,-12.060696,-77.041848,711,19791.4
1481_1,-12.060732,-77.041780,712,19799.8
1481_1,-12.060762,-77.041695,713,19809.7
1481_1,-12.060778,-77.041606,714,19819.5
1481_1,-12.060779,-77.041516,715,19829.3
1481_1,-12.060767,-77.041427,716,19839.1
1481_1,-12.060742,-77.041350,717,19847.9
1481_1,-12.060720,-77.041298,718,19854.1
1481_1,-12.060712,-77.041281,719,19856.1
1481_1,-12.060678,-77.041226,720,19863.2
1481_1,-12.060628,-77.041165,721,19871.8
1481_1,-12.060570,-77.041112,722,19880.5
1481_1,-12.060506,-77.041068,723,19889.1
1481_1,-12.060436,-77.041034,724,19897.7
1481_1,-12.060362,-77.041010,725,19906.3
1481_1,-12.060288,-77.040905,726,19920.4
1481_1,-12.060260,-77.040602,727,19953.5
1481_1,-12.060235,-77.040335,728,19982.6
1481_1,-12.060215,-77.040064,729,20012.2
1481_1,-12.060157,-77.039220,730,20104.2
1481_1,-12.060147,-77.039084,731,20119.0
1481_1,-12.060137,-77.038939,732,20134.8
1481_1,-12.060130,-77.038853,733,20144.2
1481_1,-12.060121,-77.038709,734,20159.9
1481_1,-12.060063,-77.038079,735,20228.7
1481_1,-12.060060,-77.038031,736,20234.0
1481_1,-12.060052,-77.037990,737,20238.5
1481_1,-12.060045,-77.037925,738,20245.6
1481_1,-12.060093,-77.036241,739,20428.8
1481_1,-12.060196,-77.036072,740,20450.5
1481_1,-12.060223,-77.036028,741,20456.1
1481_1,-12.060258,-77.035962,742,20464.3
1481_1,-12.060283,-77.035892,743,20472.4
1481_1,-12.060298,-77.035819,744,20480.5
1481_1,-12.060302,-77.035744,745,20488.7
1481_1,-12.060296,-77.035669,746,20496.8
1481_1,-12.060280,-77.035596,747,20505.0
1481_1,-12.060253,-77.035527,748,20513.1
1481_1,-12.060210,-77.035460,749,20521.8
1481_1,-12.060160,-77.035403,750,20530.1
1481_1,-12.059993,-77.035216,751,20557.6
1481_1,-12.059965,-77.035164,752,20564.1
1481_1,-12.059921,-77.035086,753,20573.9
1481_1,-12.059890,-77.034973,754,20586.6
1481_1,-12.059877,-77.034863,755,20598.7
1481_1,-12.059823,-77.034461,756,20642.8
1481_1,-12.059759,-77.033940,757,20699.9
1481_1,-12.059658,-77.033123,758,20789.5
1481_1,-12.059625,-77.032848,759,20819.6
1481_1,-12.059619,-77.032803,760,20824.5
1481_1,-12.059613,-77.032757,761,20829.6
1481_1,-12.059531,-77.032142,762,20897.1
1481_1,-12.059454,-77.031559,763,20961.0
1481_1,-12.059444,-77.031484,764,20969.3
1481_1,-12.059432,-77.031383,765,20980.3
1481_1,-12.059419,-77.031289,766,20990.7
1481_1,-12.059252,-77.029968,767,21135.5
1481_1,-12.059243,-77.029894,768,21143.6
1481_1,-12.059226,-77.029772,769,21157.0
1481_1,-12.059217,-77.029705,770,21164.4
1481_1,-12.059145,-77.029092,771,21231.5
1481_1,-12.059057,-77.028461,772,21300.8
1481_1,-12.059048,-77.028385,773,21309.1
1481_1,-12.059039,-77.028305,774,21317.9
1481_1,-12.058949,-77.027588,775,21396.5
1481_1,-12.058844,-77.026775,776,21485.7
1481_1,-12.058832,-77.026684,777,21495.7
1481_1,-12.058821,-77.026616,778,21503.2
1481_1,-12.058761,-77.026143,779,21555.0
1481_1,-12.058675,-77.025471,780,21628.7
1481_1,-12.058666,-77.025395,781,21637.0
1481_1,-12.058581,-77.024783,782,21704.3
1481_1,-12.058525,-77.024311,783,21756.0
1481_1,-12.058521,-77.024280,784,21759.4
1481_1,-12.058509,-77.024181,785,21770.2
1481_1,-12.058498,-77.024085,786,21780.7
1481_1,-12.058470,-77.023879,787,21803.3
1481_1,-12.058374,-77.023268,788,21870.6
1481_1,-12.058368,-77.023216,789,21876.3
1481_1,-12.058335,-77.022925,790,21908.2
1481_1,-12.058283,-77.022479,791,21957.0
1481_1,-12.058233,-77.022072,792,22001.6
1481_1,-12.058199,-77.021826,793,22028.6
1481_1,-12.058190,-77.021759,794,22036.0
1481_1,-12.058183,-77.021694,795,22043.1
1481_1,-12.058121,-77.021170,796,22100.5
1481_1,-12.058025,-77.020404,797,22184.5
1481_1,-12.057909,-77.019596,798,22273.3
1481_1,-12.057906,-77.019568,799,22276.4
1481_1,-12.057894,-77.019501,800,22283.8
1481_1,-12.057892,-77.019452,801,22289.1
1481_1,-12.057875,-77.019346,802,22300.8
1481_1,-12.057760,-77.018459,803,22398.1
1481_1,-12.057724,-77.018180,804,22428.7
1481_1,-12.057673,-77.017755,805,22475.2
1481_1,-12.057659,-77.017639,806,22487.9
1481_1,-12.057650,-77.017560,807,22496.6
1481_1,-12.057638,-77.017471,808,22506.4
1481_1,-12.057633,-77.017424,809,22511.5
1481_1,-12.057625,-77.017346,810,22520.0
1481_1,-12.057616,-77.017284,811,22526.8
1481_1,-12.057609,-77.017241,812,22531.6
1481_1,-12.057595,-77.017157,813,22540.9
1481_1,-12.057577,-77.017031,814,22554.7
1481_1,-12.057552,-77.016854,815,22574.1
1481_1,-12.057494,-77.016450,816,22618.6
1481_1,-12.057417,-77.016248,817,22642.1
1481_1,-12.057187,-77.015644,818,22712.6
1481_1,-12.057047,-77.015276,819,22755.5
1481_1,-12.056935,-77.014982,820,22789.9
1481_1,-12.056911,-77.014926,821,22796.5
1481_1,-12.056875,-77.014854,822,22805.3
1481_1,-12.056842,-77.014799,823,22812.3
1481_1,-12.056952,-77.014756,824,22825.4
1481_1,-12.057336,-77.014599,825,22871.4
1481_1,-12.058012,-77.014321,826,22952.4
1481_1,-12.058070,-77.014297,827,22959.4
1481_1,-12.057972,-77.014062,828,22987.2
1481_1,-12.057927,-77.013929,829,23002.5
1481_1,-12.057669,-77.013708,830,23039.9
1481_1,-12.057474,-77.013553,831,23067.3
1481_1,-12.057436,-77.013523,832,23072.7
1481_1,-12.057088,-77.013247,833,23121.7
1481_1,-12.056848,-77.013541,834,23163.3
1481_1,-12.056769,-77.013638,835,23177.0
1481_1,-12.056747,-77.013665,836,23180.8
1481_1,-12.056629,-77.013810,837,23201.4
1481_1,-12.056380,-77.014116,838,23244.6
1481_1,-12.056345,-77.014164,839,23251.2
1481_1,-12.056254,-77.014288,840,23268.0
1481_1,-12.055647,-77.013812,841,23353.1
1481_1,-12.055219,-77.013451,842,23414.8
1481_1,-12.055188,-77.013427,843,23419.1
1481_1,-12.055047,-77.013309,844,23439.4
1481_1,-12.054922,-77.013207,845,23457.1
1481_1,-12.054819,-77.013123,846,23471.8
1481_1,-12.054447,-77.012830,847,23524.0
1481_1,-12.053788,-77.012311,848,23616.5
1481_1,-12.053702,-77.012244,849,23628.5
1481_1,-12.053653,-77.012205,850,23635.4
1481_1,-12.053623,-77.012264,851,23642.6
1481_1,-12.053551,-77.012385,852,23658.0
1481_1,-12.053541,-77.012444,853,23664.6
1481_1,-12.053502,-77.012499,854,23671.9
1481_1,-12.053405,-77.012640,855,23690.7
1481_1,-12.053323,-77.012752,856,23705.9
1481_1,-12.053227,-77.012885,857,23723.9
1481_1,-12.053104,-77.013053,858,23746.7
1481_1,-12.052459,-77.013015,859,23818.5
1481_1,-12.052360,-77.013009,860,23829.6
1481_1,-12.052188,-77.013002,861,23848.7
1481_1,-12.051589,-77.012959,862,23915.5
1481_1,-12.051041,-77.012919,863,23976.6
1481_1,-12.050547,-77.012890,864,24031.6
1481_1,-12.050539,-77.012890,865,24032.5
1481_1,-12.050253,-77.012873,866,24064.3
1481_1,-12.049533,-77.012831,867,24144.5
1481_1,-12.049481,-77.012829,868,24150.3
1481_1,-12.049448,-77.012824,869,24154.0
1481_1,-12.049421,-77.012821,870,24157.0
1481_1,-12.049236,-77.012800,871,24177.7
1481_1,-12.049021,-77.012776,872,24201.8
1481_1,-12.048906,-77.012766,873,24214.6
1481_1,-12.048407,-77.012706,874,24270.5
1481_1,-12.047223,-77.012563,875,24403.1
1481_1,-12.046813,-77.012524,876,24448.9
1481_1,-12.046067,-77.012431,877,24532.4
1481_1,-12.045724,-77.012401,878,24570.7
1481_1,-12.045232,-77.012358,879,24625.6
1481_1,-12.045189,-77.012358,880,24630.4
1481_1,-12.045154,-77.012362,881,24634.3
1481_1,-12.045101,-77.012375,882,24640.4
1481_1,-12.045050,-77.012397,883,24646.5
1481_1,-12.045007,-77.012398,884,24651.3
1481_1,-12.044976,-77.012394,885,24654.8
1481_1,-12.044914,-77.012388,886,24661.7
1481_1,-12.044776,-77.012370,887,24677.2
1481_1,-12.044671,-77.012354,888,24689.0
1481_1,-12.044615,-77.012338,889,24695.4
1481_1,-12.044555,-77.012313,890,24702.6
1481_1,-12.044514,-77.012288,891,24707.9
1481_1,-12.044423,-77.012215,892,24720.8
1481_1,-12.044241,-77.011973,893,24754.0
1481_1,-12.044133,-77.011782,894,24778.0
1481_1,-12.044103,-77.011710,895,24786.5
1481_1,-12.044068,-77.011628,896,24796.2
1481_1,-12.043966,-77.011308,897,24832.8
1481_1,-12.043938,-77.011228,898,24842.1
1481_1,-12.043824,-77.010903,899,24879.6
1481_1,-12.043719,-77.010612,900,24913.4
1481_1,-12.043618,-77.010336,901,24945.4
1481_1,-12.043463,-77.009914,902,24994.4
1481_1,-12.043225,-77.009353,903,25060.9
1481_1,-12.043001,-77.008673,904,25139.0
1481_1,-12.042991,-77.008642,905,25142.5
1481_1,-12.042978,-77.008600,906,25147.3
1481_1,-12.042953,-77.008525,907,25155.9
1481_1,-12.042858,-77.008235,908,25189.2
1481_1,-12.042741,-77.007881,909,25229.8
1481_1,-12.042685,-77.007710,910,25249.4
1481_1,-12.042658,-77.007628,911,25258.8
1481_1,-12.042572,-77.007366,912,25288.9
1481_1,-12.042530,-77.007244,913,25302.9
1481_1,-12.042481,-77.007094,914,25320.1
1481_1,-12.042357,-77.006729,915,25362.2
1481_1,-12.042306,-77.006585,916,25378.8
1481_1,-12.041767,-77.004957,917,25565.7
1481_1,-12.041740,-77.004858,918,25576.9
1481_1,-12.041736,-77.004818,919,25581.3
1481_1,-12.041725,-77.004731,920,25590.8
1481_1,-12.041726,-77.004629,921,25601.9
1481_1,-12.041723,-77.004600,922,25605.1
1481_1,-12.041718,-77.004555,923,25610.0
1481_1,-12.041698,-77.004395,924,25627.6
1481_1,-12.041545,-77.003731,925,25701.7
1481_1,-12.041456,-77.003300,926,25749.6
1481_1,-12.041439,-77.003217,927,25758.9
1481_1,-12.041285,-77.002451,928,25843.9
1481_1,-12.041272,-77.002371,929,25852.7
1481_1,-12.041156,-77.001709,930,25925.9
1481_1,-12.041143,-77.001633,931,25934.3
1481_1,-12.040996,-77.000818,932,26024.4
1481_1,-12.040929,-77.000439,933,26066.3
1481_1,-12.040700,-76.999253,934,26197.7
1481_1,-12.040679,-76.999144,935,26209.8
1481_1,-12.040645,-76.998970,936,26229.1
1481_1,-12.040626,-76.998889,937,26238.2
1481_1,-12.040507,-76.998382,938,26294.9
1481_1,-12.040491,-76.998310,939,26302.9
1481_1,-12.040467,-76.998206,940,26314.5
1481_1,-12.040456,-76.998052,941,26331.3
1481_1,-12.040455,-76.997904,942,26347.4
1481_1,-12.040448,-76.997826,943,26355.9
1481_1,-12.040444,-76.997767,944,26362.4
1481_1,-12.040420,-76.997705,945,26369.6
1481_1,-12.040378,-76.997648,946,26377.4
1481_1,-12.040342,-76.997623,947,26382.2
1481_1,-12.040339,-76.997596,948,26385.2
1481_1,-12.040325,-76.997553,949,26390.1
1481_1,-12.040290,-76.997509,950,26396.3
1481_1,-12.040246,-76.997469,951,26402.8
1481_1,-12.040188,-76.997436,952,26410.2
1481_1,-12.040133,-76.997417,953,26416.6
1481_1,-12.040071,-76.997410,954,26423.6
1481_1,-12.040014,-76.997418,955,26430.0
1481_1,-12.040002,-76.997425,956,26431.5
1481_1,-12.039971,-76.997440,957,26435.3
1481_1,-12.039960,-76.997449,958,26436.9
1481_1,-12.039846,-76.997442,959,26449.6
1481_1,-12.039665,-76.997438,960,26469.7
1481_1,-12.039247,-76.997428,961,26516.2
1481_1,-12.038850,-76.997408,962,26560.4
1481_1,-12.037877,-76.997357,963,26668.7
1481_1,-12.037779,-76.997350,964,26679.7
1481_1,-12.037586,-76.997337,965,26701.2
1481_1,-12.037364,-76.997322,966,26725.9
1481_1,-12.036860,-76.997304,967,26782.0
1481_1,-12.036712,-76.997291,968,26798.5
1481_1,-12.036282,-76.997278,969,26846.3
1481_1,-12.035948,-76.997272,970,26883.5
1481_1,-12.035695,-76.997285,971,26911.7
1481_1,-12.035506,-76.997304,972,26932.8
1481_1,-12.035296,-76.997345,973,26956.5
1481_1,-12.035051,-76.997409,974,26984.7
1481_1,-12.034894,-76.997466,975,27003.2
1481_1,-12.034801,-76.997510,976,27014.6
1481_1,-12.034595,-76.997605,977,27039.7
1481_1,-12.033566,-76.998154,978,27168.8
1481_1,-12.033433,-76.998226,979,27185.5
1481_1,-12.033403,-76.998241,980,27189.2
1481_1,-12.033320,-76.998283,981,27199.5
1481_1,-12.032854,-76.998528,982,27257.8
1481_1,-12.032758,-76.998583,983,27270.0
1481_1,-12.032683,-76.998620,984,27279.3
1481_1,-12.031421,-76.999189,985,27432.6
1481_1,-12.031371,-76.999211,986,27438.7
1481_1,-12.031002,-76.999364,987,27483.0
1481_1,-12.030978,-76.999374,988,27485.9
1481_1,-12.030936,-76.999392,989,27490.9
1481_1,-12.030780,-76.999458,990,27509.7
1481_1,-12.030428,-76.999603,991,27551.9
1481_1,-12.030251,-76.999668,992,27572.8
1481_1,-12.030142,-76.999709,993,27585.7
1481_1,-12.029999,-76.999733,994,27601.8
1481_1,-12.029392,-76.999792,995,27669.6
1481_1,-12.029238,-76.999787,996,27686.8
1481_1,-12.029046,-76.999774,997,27708.2
1481_1,-12.028688,-76.999748,998,27748.1
1481_1,-12.028660,-76.999746,999,27751.2
1481_1,-12.028496,-76.999746,1000,27769.4
1481_1,-12.028282,-76.999772,1001,27793.4
1481_1,-12.027596,-76.999899,1002,27870.9
1481_1,-12.027534,-76.999911,1003,27877.9
1481_1,-12.027410,-76.999934,1004,27891.9
1481_1,-12.026892,-77.000042,1005,27950.7
1481_1,-12.025865,-77.000271,1006,28067.6
1481_1,-12.025380,-77.000393,1007,28123.1
1481_1,-12.024867,-77.000513,1008,28181.7
1481_1,-12.024422,-77.000612,1009,28232.3
1481_1,-12.023839,-77.000752,1010,28298.9
1481_1,-12.023417,-77.000825,1011,28346.5
1481_1,-12.023325,-77.000835,1012,28356.8
1481_1,-12.023209,-77.000840,1013,28369.7
1481_1,-12.023124,-77.000834,1014,28379.1
1481_1,-12.022669,-77.000787,1015,28430.0
1481_1,-12.020991,-77.000576,1016,28618.0
1481_1,-12.020927,-77.000553,1017,28625.5
1481_1,-12.020867,-77.000519,1018,28633.2
1481_1,-12.020803,-77.000472,1019,28641.9
1481_1,-12.020711,-77.000409,1020,28654.2
1481_1,-12.020678,-77.000385,1021,28658.7
1481_1,-12.020633,-77.000352,1022,28664.9
1481_1,-12.020546,-77.000304,1023,28675.9
1481_1,-12.020465,-77.000276,1024,28685.4
1481_1,-12.020446,-77.000269,1025,28687.6
1481_1,-12.020371,-77.000256,1026,28696.1
1481_1,-12.020272,-77.000247,1027,28707.2
1481_1,-12.020145,-77.000253,1028,28721.3
1481_1,-12.020047,-77.000272,1029,28732.4
1481_1,-12.019925,-77.000295,1030,28746.2
1481_1,-12.018625,-77.000723,1031,28898.0
1481_1,-12.017703,-77.001022,1032,29005.6
1481_1,-12.017670,-77.000933,1033,29015.9
1481_1,-12.017404,-77.000218,1034,29099.1
1481_1,-12.017054,-76.999257,1035,29210.7
1481_1,-12.017042,-76.999225,1036,29214.4
1481_1,-12.017014,-76.999157,1037,29222.4
1481_1,-12.016982,-76.999096,1038,29229.9
1481_1,-12.016944,-76.999029,1039,29238.4
1481_1,-12.016925,-76.998987,1040,29243.4
1481_1,-12.016911,-76.998944,1041,29248.3
1481_1,-12.016770,-76.998352,1042,29314.6
1481_1,-12.016756,-76.998264,1043,29324.3
1481_1,-12.016745,-76.998165,1044,29335.1
1481_1,-12.016734,-76.998039,1045,29348.9
1481_1,-12.016728,-76.997928,1046,29361.0
1481_1,-12.016730,-76.997813,1047,29373.5
1481_1,-12.016765,-76.997319,1048,29427.4
1481_1,-12.016771,-76.997222,1049,29437.9
1481_1,-12.016773,-76.997183,1050,29442.2
1481_1,-12.016717,-76.997181,1051,29448.4
1481_1,-12.016652,-76.997177,1052,29455.6
1481_1,-12.016567,-76.997170,1053,29465.1
1481_1,-12.014764,-76.997037,1054,29666.1
1481_1,-12.014423,-76.997018,1055,29704.1
1481_1,-12.014279,-76.997037,1056,29720.3
1481_1,-12.014150,-76.997072,1057,29735.1
1481_1,-12.013945,-76.997151,1058,29759.5
1481_1,-12.013859,-76.997195,1059,29770.1
1481_1,-12.013231,-76.997518,1060,29848.3
1481_1,-12.012783,-76.997749,1061,29904.1
1481_1,-12.012090,-76.998111,1062,29990.6
1481_1,-12.012060,-76.998127,1063,29994.4
1481_1,-12.011500,-76.998419,1064,30064.3
1481_1,-12.011410,-76.998469,1065,30075.7
1481_1,-12.011385,-76.998403,1066,30083.4
1481_1,-12.011333,-76.998264,1067,30099.6
1481_1,-12.011103,-76.997655,1068,30170.6
1481_1,-12.010921,-76.997171,1069,30227.0
1481_1,-12.010911,-76.997146,1070,30229.9
1481_1,-12.010886,-76.997079,1071,30237.7
1481_1,-12.010847,-76.997000,1072,30247.3
1481_1,-12.010805,-76.996931,1073,30256.2
1481_1,-12.010673,-76.996933,1074,30270.9
1481_1,-12.010571,-76.996932,1075,30282.2
1481_1,-12.010483,-76.996929,1076,30292.0
1481_1,-12.010388,-76.996918,1077,30302.6
1481_1,-12.010200,-76.996896,1078,30323.7
1481_1,-12.010109,-76.996879,1079,30333.9
1481_1,-12.009941,-76.996847,1080,30352.9
1481_1,-12.009720,-76.996806,1081,30377.9
1481_1,-12.009565,-76.996780,1082,30395.4
1481_1,-12.009453,-76.996766,1083,30407.9
1481_1,-12.009376,-76.996758,1084,30416.5
1481_1,-12.009300,-76.996753,1085,30425.0
1481_1,-12.009190,-76.996752,1086,30437.2
1481_1,-12.009063,-76.996756,1087,30451.4
1481_1,-12.008940,-76.996765,1088,30465.1
1481_1,-12.008815,-76.996776,1089,30479.0
1481_1,-12.008668,-76.996801,1090,30495.6
1481_1,-12.008544,-76.996826,1091,30509.7
1481_1,-12.008413,-76.996859,1092,30524.7
1481_1,-12.008263,-76.996903,1093,30542.0
1481_1,-12.008024,-76.996982,1094,30569.9
1481_1,-12.007188,-76.997299,1095,30669.1
1481_1,-12.006638,-76.997510,1096,30734.4
1481_1,-12.005407,-76.997967,1097,30880.0
1481_1,-12.005159,-76.998057,1098,30909.3
1481_1,-12.004823,-76.998183,1099,30949.1
1481_1,-12.004477,-76.998314,1100,30990.1
1481_1,-12.002830,-76.998918,1101,31184.7
1481_1,-12.002730,-76.998949,1102,31196.3
1481_1,-12.002576,-76.999004,1103,31214.4
1481_1,-12.002504,-76.999030,1104,31222.9
1481_1,-12.002086,-76.999189,1105,31272.5
1481_1,-12.001273,-76.999492,1106,31368.7
1481_1,-11.999996,-76.999960,1107,31519.6
1481_1,-11.999556,-77.000125,1108,31571.7
1481_1,-11.999046,-77.000325,1109,31632.4
1481_1,-11.998944,-77.000358,1110,31644.3
1481_1,-11.998822,-77.000397,1111,31658.6
1481_1,-11.998725,-77.000417,1112,31669.6
1481_1,-11.998572,-77.000439,1113,31686.7
1481_1,-11.998312,-77.000451,1114,31715.7
1481_1,-11.998111,-77.000460,1115,31738.0
1481_1,-11.996695,-77.000518,1116,31895.6
1481_1,-11.996177,-77.000547,1117,31953.3
1481_1,-11.996095,-77.000550,1118,31962.4
1481_1,-11.996012,-77.000552,1119,31971.7
1481_1,-11.995637,-77.000567,1120,32013.4
1481_1,-11.995054,-77.000583,1121,32078.2
1481_1,-11.994193,-77.000608,1122,32174.0
1481_1,-11.993650,-77.000626,1123,32234.4
1481_1,-11.992922,-77.000648,1124,32315.4
1481_1,-11.992835,-77.000648,1125,32325.1
1481_1,-11.992751,-77.000637,1126,32334.5
1481_1,-11.992658,-77.000600,1127,32345.6
1481_1,-11.992548,-77.000547,1128,32359.1
1481_1,-11.992432,-77.000474,1129,32374.3
1481_1,-11.992227,-77.000364,1130,32400.0
1481_1,-11.992063,-77.000275,1131,32420.7
1481_1,-11.992006,-77.000235,1132,32428.4
1481_1,-11.991725,-77.000068,1133,32464.5
1481_1,-11.991457,-76.999904,1134,32499.2
1481_1,-11.991304,-76.999817,1135,32518.7
1481_1,-11.991067,-76.999702,1136,32547.9
1481_1,-11.990879,-76.999662,1137,32569.2
1481_1,-11.990445,-76.999559,1138,32618.8
1481_1,-11.990300,-76.999524,1139,32635.3
1481_1,-11.990222,-76.999498,1140,32644.5
1481_1,-11.990157,-76.999466,1141,32652.5
1481_1,-11.990066,-76.999405,1142,32664.6
1481_1,-11.989899,-76.999264,1143,32688.7
1481_1,-11.989664,-76.999049,1144,32723.7
1481_1,-11.989398,-76.998825,1145,32762.0
1481_1,-11.989201,-76.998676,1146,32789.3
1481_1,-11.989123,-76.998617,1147,32800.1
1481_1,-11.988941,-76.998482,1148,32825.1
1481_1,-11.988778,-76.998371,1149,32846.9
1481_1,-11.988715,-76.998325,1150,32855.5
1481_1,-11.988642,-76.998242,1151,32867.6
1481_1,-11.988704,-76.998179,1152,32877.3
1481_1,-11.989360,-76.997812,1153,32960.5
1481_1,-11.989536,-76.997670,1154,32985.4
1481_1,-11.989659,-76.997560,1155,33003.6
1481_1,-11.989760,-76.997448,1156,33020.2
1481_1,-11.989861,-76.997308,1157,33039.1
1481_1,-11.989926,-76.997183,1158,33054.5
1481_1,-11.989968,-76.997064,1159,33068.2
1481_1,-11.989977,-76.996970,1160,33078.5
1481_1,-11.989948,-76.996877,1161,33089.1
1481_1,-11.989886,-76.996812,1162,33099.0
1481_1,-11.989775,-76.996737,1163,33113.8
1481_1,-11.989572,-76.996635,1164,33138.9
1481_1,-11.989146,-76.996484,1165,33189.1
1481_1,-11.989095,-76.996468,1166,33195.0
1481_1,-11.988805,-76.996364,1167,33229.2
1481_1,-11.988654,-76.996310,1168,33247.0
1481_1,-11.987981,-76.996068,1169,33326.3
1481_1,-11.987584,-76.995941,1170,33372.6
1481_1,-11.986509,-76.995576,1171,33498.5
1481_1,-11.986456,-76.995553,1172,33504.9
1481_1,-11.986294,-76.995458,1173,33525.7
1481_1,-11.985513,-76.994912,1174,33630.9
1481_1,-11.985441,-76.994864,1175,33640.5
1481_1,-11.985050,-76.994597,1176,33692.7
1481_1,-11.984753,-76.994380,1177,33733.3
1481_1,-11.984587,-76.994256,1178,33756.2
1481_1,-11.984512,-76.994202,1179,33766.4
1481_1,-11.984007,-76.993840,1180,33835.0
1481_1,-11.983957,-76.993811,1181,33841.4
1481_1,-11.983917,-76.993793,1182,33846.2
1481_1,-11.983743,-76.993737,1183,33866.5
1481_1,-11.983639,-76.993705,1184,33878.6
1481_1,-11.983582,-76.993679,1185,33885.5
1481_1,-11.983518,-76.993652,1186,33893.2
1481_1,-11.983287,-76.993509,1187,33923.3
1481_1,-11.983199,-76.993455,1188,33934.7
1481_1,-11.983021,-76.993325,1189,33959.0
1481_1,-11.982751,-76.993127,1190,33995.9
1481_1,-11.982654,-76.993066,1191,34008.6
1481_1,-11.982482,-76.992959,1192,34031.0
1481_1,-11.982265,-76.992823,1193,34059.3
1481_1,-11.981882,-76.992611,1194,34107.7
1481_1,-11.981607,-76.992482,1195,34141.4
1481_1,-11.981387,-76.992387,1196,34167.9
1481_1,-11.981272,-76.992338,1197,34181.8
1481_1,-11.980972,-76.992223,1198,34217.4
1481_1,-11.980876,-76.992190,1199,34228.7
1481_1,-11.980792,-76.992161,1200,34238.5
1481_1,-11.980610,-76.992099,1201,34259.9
1481_1,-11.980420,-76.992050,1202,34281.6
1481_1,-11.980241,-76.992012,1203,34302.0
1481_1,-11.979981,-76.991955,1204,34331.5
1481_1,-11.979869,-76.991938,1205,34344.1
1481_1,-11.979696,-76.991910,1206,34363.6
1481_1,-11.979446,-76.991873,1207,34391.7
1481_1,-11.978882,-76.991829,1208,34454.6
1481_1,-11.978777,-76.991820,1209,34466.3
1481_1,-11.977374,-76.991684,1210,34623.0
1481_1,-11.977331,-76.991680,1211,34627.8
1481_1,-11.976104,-76.991556,1212,34764.9
1481_1,-11.975638,-76.991509,1213,34817.0
1481_1,-11.975356,-76.991487,1214,34848.4
1481_1,-11.975152,-76.991476,1215,34871.2
1481_1,-11.974966,-76.991470,1216,34891.8
1481_1,-11.974935,-76.991470,1217,34895.3
1481_1,-11.974825,-76.991470,1218,34907.5
1481_1,-11.974676,-76.991471,1219,34924.1
1481_1,-11.974392,-76.991481,1220,34955.7
1481_1,-11.974131,-76.991498,1221,34984.8
1481_1,-11.973872,-76.991530,1222,35013.8
1481_1,-11.973792,-76.991540,1223,35022.7
1481_1,-11.973730,-76.991549,1224,35029.7
1481_1,-11.973488,-76.991584,1225,35056.9
1481_1,-11.973208,-76.991636,1226,35088.5
1481_1,-11.973134,-76.991649,1227,35096.9
1481_1,-11.973026,-76.991670,1228,35109.1
1481_1,-11.972976,-76.991681,1229,35114.8
1481_1,-11.972733,-76.991730,1230,35142.3
1481_1,-11.972380,-76.991834,1231,35183.2
1481_1,-11.971828,-76.992009,1232,35247.4
1481_1,-11.971483,-76.992139,1233,35288.3
1481_1,-11.971101,-76.992301,1234,35334.3
1481_1,-11.970790,-76.991545,1235,35423.5
1481_1,-11.970745,-76.991430,1236,35437.0
1481_1,-11.970696,-76.991332,1237,35449.0
1481_1,-11.970650,-76.991259,1238,35458.4
1481_1,-11.970605,-76.991202,1239,35466.4
1481_1,-11.970530,-76.991143,1240,35476.9
1481_1,-11.970299,-76.990981,1241,35508.1
1481_1,-11.969537,-76.990426,1242,35612.1
1481_1,-11.969499,-76.990396,1243,35617.4
1481_1,-11.969448,-76.990360,1244,35624.3
1481_1,-11.968673,-76.989793,1245,35730.3
1481_1,-11.967838,-76.989186,1246,35844.2
1481_1,-11.967761,-76.989129,1247,35854.8
1481_1,-11.967717,-76.989096,1248,35860.9
1481_1,-11.966888,-76.988475,1249,35975.1
1481_1,-11.966622,-76.988274,1250,36011.9
1481_1,-11.966551,-76.988224,1251,36021.5
1481_1,-11.966477,-76.988169,1252,36031.7
1481_1,-11.966060,-76.987868,1253,36088.5
1481_1,-11.965320,-76.987324,1254,36189.8
1481_1,-11.964965,-76.987067,1255,36238.2
1481_1,-11.964840,-76.986975,1256,36255.3
1481_1,-11.964423,-76.986670,1257,36312.3
1481_1,-11.963679,-76.986128,1258,36413.9
1481_1,-11.963298,-76.985852,1259,36465.8
1481_1,-11.962810,-76.985495,1260,36532.6
1481_1,-11.961977,-76.984898,1261,36645.7
1481_1,-11.961958,-76.984885,1262,36648.2
1481_1,-11.961560,-76.984603,1263,36702.1
1481_1,-11.960906,-76.984147,1264,36790.1
1481_1,-11.960834,-76.984097,1265,36799.8
1481_1,-11.960749,-76.984038,1266,36811.2
1481_1,-11.960670,-76.983989,1267,36821.5
1481_1,-11.960588,-76.983948,1268,36831.6
1481_1,-11.960493,-76.983918,1269,36842.7
1481_1,-11.960371,-76.983906,1270,36856.3
1481_1,-11.960277,-76.983917,1271,36866.8
1481_1,-11.960185,-76.983953,1272,36877.8
1481_1,-11.959949,-76.984073,1273,36907.1
1481_1,-11.959514,-76.984283,1274,36960.6
1481_1,-11.959395,-76.984309,1275,36974.1
1481_1,-11.959273,-76.984305,1276,36987.7
1481_1,-11.959164,-76.984274,1277,37000.3
1481_1,-11.959038,-76.984191,1278,37016.9
1481_1,-11.958973,-76.984145,1279,37025.7
1481_1,-11.958204,-76.983607,1280,37129.4
1481_1,-11.956917,-76.982713,1281,37302.4
1481_1,-11.956424,-76.982376,1282,37368.3
1481_1,-11.956348,-76.982327,1283,37378.3
1481_1,-11.956266,-76.982290,1284,37388.3
1481_1,-11.956178,-76.982267,1285,37398.4
1481_1,-11.956095,-76.982260,1286,37407.6
1481_1,-11.955985,-76.982272,1287,37419.9
1481_1,-11.955884,-76.982305,1288,37431.7
1481_1,-11.955794,-76.982343,1289,37442.6
1481_1,-11.955705,-76.982383,1290,37453.4
1481_1,-11.954940,-76.982763,1291,37548.0
1481_1,-11.954238,-76.983104,1292,37634.4
1481_1,-11.954141,-76.983143,1293,37646.0
1481_1,-11.954034,-76.983158,1294,37658.0
1481_1,-11.953956,-76.983155,1295,37666.7
1481_1,-11.953888,-76.983136,1296,37674.5
1481_1,-11.953818,-76.983107,1297,37682.9
1481_1,-11.953757,-76.983069,1298,37690.8
1481_1,-11.953663,-76.983006,1299,37703.3
1481_1,-11.953371,-76.982804,1300,37742.5
1481_1,-11.953082,-76.982604,1301,37781.4
1481_1,-11.952791,-76.982402,1302,37820.5
1481_1,-11.952491,-76.982195,1303,37860.7
1481_1,-11.952212,-76.982001,1304,37898.2
1481_1,-11.951923,-76.981801,1305,37937.0
1481_1,-11.951647,-76.981610,1306,37974.1
1481_1,-11.951349,-76.981404,1307,38014.1
1481_1,-11.951071,-76.981211,1308,38051.5
1481_1,-11.950789,-76.981016,1309,38089.3
1481_1,-11.950472,-76.980797,1310,38131.9
1481_1,-11.950388,-76.980738,1311,38143.2
1481_1,-11.950047,-76.980482,1312,38190.3
1481_1,-11.949791,-76.980303,1313,38224.7
1481_1,-11.949482,-76.980092,1314,38266.1
1481_1,-11.949202,-76.979897,1315,38303.7
1481_1,-11.948926,-76.979707,1316,38340.7
1481_1,-11.948639,-76.979509,1317,38379.2
1481_1,-11.948347,-76.979307,1318,38418.4
1481_1,-11.948039,-76.979094,1319,38459.8
1481_1,-11.947765,-76.978900,1320,38496.9
1481_1,-11.947472,-76.978701,1321,38536.0
1481_1,-11.947197,-76.978509,1322,38573.0
1481_1,-11.946928,-76.978313,1323,38609.7
1481_1,-11.946625,-76.978106,1324,38650.3
1481_1,-11.946391,-76.977950,1325,38681.3
1481_1,-11.946286,-76.977877,1326,38695.5
1481_1,-11.946210,-76.977824,1327,38705.7
1481_1,-11.945890,-76.977602,1328,38748.7
1481_1,-11.945601,-76.977408,1329,38787.1
1481_1,-11.945324,-76.977215,1330,38824.4
1481_1,-11.945048,-76.977023,1331,38861.5
1481_1,-11.944757,-76.976819,1332,38900.8
1481_1,-11.944474,-76.976622,1333,38938.8
1481_1,-11.944190,-76.976424,1334,38977.1
1481_1,-11.943887,-76.976213,1335,39017.8
1481_1,-11.942985,-76.975602,1336,39138.2
1481_1,-11.942070,-76.974970,1337,39261.0
1481_1,-11.941219,-76.974396,1338,39374.3
1481_1,-11.941045,-76.974245,1339,39399.7
1481_1,-11.940942,-76.974132,1340,39416.5
1481_1,-11.940839,-76.974010,1341,39434.0
1481_1,-11.940753,-76.973884,1342,39450.8
1481_1,-11.940666,-76.973724,1343,39470.7
1481_1,-11.940590,-76.973527,1344,39493.7
1481_1,-11.940485,-76.973143,1345,39537.1
1481_1,-11.940217,-76.972181,1346,39645.9
1481_1,-11.940089,-76.971847,1347,39684.9
1481_1,-11.939975,-76.971803,1348,39698.5
1481_1,-11.939803,-76.971991,1349,39726.5
1481_1,-11.939504,-76.972360,1350,39778.6
1481_1,-11.939227,-76.972667,1351,39824.0
1481_1,-11.939153,-76.972710,1352,39833.5
1481_1,-11.939091,-76.972703,1353,39840.4
1481_1,-11.938804,-76.972521,1354,39878.0
1481_1,-11.938037,-76.971944,1355,39983.9
1481_1,-11.936872,-76.971134,1356,40140.6
1481_1,-11.936313,-76.970754,1357,40215.2
1481_1,-11.936112,-76.970617,1358,40242.1
1481_1,-11.935709,-76.970342,1359,40296.0
1481_1,-11.934551,-76.969542,1360,40451.4
1481_1,-11.934829,-76.969123,1361,40506.4
1481_1,-11.935103,-76.968723,1362,40559.6
1481_1,-11.935366,-76.968334,1363,40611.0
1481_1,-11.935625,-76.967951,1364,40661.7
1481_1,-11.935889,-76.967559,1365,40713.4
1481_1,-11.936153,-76.967169,1366,40765.0
1481_1,-11.936419,-76.966774,1367,40817.2
1481_1,-11.936677,-76.966379,1368,40868.9
1481_1,-11.936943,-76.965998,1369,40919.8
1481_1,-11.936339,-76.965565,1370,41001.8
1481_1,-11.935782,-76.965178,1371,41076.7
1481_1,-11.936137,-76.964669,1372,41144.7
1481_1,-11.936231,-76.964516,1373,41164.4
1481_1,-11.936410,-76.964254,1374,41199.1
1481_1,-11.936596,-76.963941,1375,41239.0
1481_1,-11.936605,-76.963928,1376,41240.7
